timestamp,date,open,high,low,close,volume
1514764800,2018-01-01,13880.00,13941.75,12801.38,13443.41,7688.03068460
1514851200,2018-01-02,13394.20,15257.53,12910.58,14678.94,16299.66930279
1514937600,2018-01-03,14670.96,15500.00,14546.28,15155.62,12275.00119668
1515024000,2018-01-04,15155.62,15430.27,14192.37,15143.67,15004.01859256
1515110400,2018-01-05,15143.67,17200.00,14810.00,16928.00,16248.91467956
1515196800,2018-01-06,16927.99,17234.99,16220.00,17149.67,9501.01675546
1515283200,2018-01-07,17142.43,17149.97,15707.16,16124.02,8632.81384337
1515369600,2018-01-08,16173.98,16300.00,13900.00,14999.99,16676.34994239
1515456000,2018-01-09,14999.99,15367.18,14123.97,14403.51,13913.52469368
1515542400,2018-01-10,14403.51,14900.00,13412.00,14890.02,18479.01253046
1515628800,2018-01-11,14899.99,14973.07,12800.00,13243.83,19630.07517112
1515715200,2018-01-12,13249.99,14152.19,12807.27,13781.41,13433.08481363
1515801600,2018-01-13,13829.28,14619.10,13789.42,14197.78,7488.98701847
1515888000,2018-01-14,14197.78,14365.81,13072.22,13647.99,7588.63558972
1515974400,2018-01-15,13647.99,14394.36,13429.25,13607.04,9444.63530824
1516060800,2018-01-16,13581.66,13607.04,10162.00,11386.34,38789.88308789
1516147200,2018-01-17,11393.97,11794.07,9222.00,11191.35,41356.18973790
1516233600,2018-01-18,11199.00,12146.00,10693.00,11247.57,22195.26202056
1516320000,2018-01-19,11290.90,12050.39,11025.18,11552.00,13203.25567513
1516406400,2018-01-20,11560.82,13052.12,11515.94,12775.99,10324.05733414
1516492800,2018-01-21,12782.99,12791.88,11100.00,11558.87,11596.44128787
1516579200,2018-01-22,11558.87,11910.78,10028.41,10808.99,17067.72925582
1516665600,2018-01-23,10810.00,11409.87,9927.54,10851.82,17250.17614645
1516752000,2018-01-24,10848.99,11500.00,10488.13,11400.96,11646.79059794
1516838400,2018-01-25,11400.98,11741.82,10868.57,11155.54,10212.92183381
1516924800,2018-01-26,11140.01,11635.00,10263.32,11092.95,15074.66641243
1517011200,2018-01-27,11093.74,11630.47,10815.84,11446.54,10309.80746248
1517097600,2018-01-28,11446.54,11989.15,11360.52,11685.58,9956.09249576
1517184000,2018-01-29,11685.58,11820.01,10991.00,11162.62,9996.35689848
1517270400,2018-01-30,11162.62,11222.36,9731.20,9971.00,21082.19252764
1517356800,2018-01-31,9971.00,10324.00,9514.96,10149.00,12743.50947059
1517443200,2018-02-01,10148.99,10187.56,8455.00,8998.99,26356.58883931
1517529600,2018-02-02,9010.87,9096.79,7625.25,8838.83,44406.01982931
1517616000,2018-02-03,8838.29,9491.20,8170.71,9225.86,16208.37411342
1517702400,2018-02-04,9225.31,9350.09,7825.00,8191.00,19110.67246079
1517788800,2018-02-05,8190.78,8335.56,6600.00,6874.27,46544.42880431
1517875200,2018-02-06,6878.65,8150.00,5920.72,7737.37,70961.36965826
1517961600,2018-02-07,7737.26,8649.00,7213.80,7588.01,32640.89253754
1518048000,2018-02-08,7588.01,8644.36,7565.50,8259.76,22746.39118112
1518134400,2018-02-09,8259.42,8779.62,7753.32,8693.98,18418.11709042
1518220800,2018-02-10,8693.98,9090.80,8170.86,8560.00,14670.55870203
1518307200,2018-02-11,8560.00,8560.00,7820.00,8067.00,12711.78584570
1518393600,2018-02-12,8077.25,8995.00,8067.00,8899.00,15071.04029684
1518480000,2018-02-13,8891.20,8951.89,8360.13,8522.99,11374.52415254
1518566400,2018-02-14,8504.57,9515.00,8504.57,9490.98,17468.73886593
1518652800,2018-02-15,9490.98,10234.00,9350.00,10018.00,21036.33731750
1518739200,2018-02-16,10011.30,10300.00,9707.51,10196.00,11857.64277513
1518825600,2018-02-17,10203.14,11135.83,10053.50,11101.00,14511.16913676
1518912000,2018-02-18,11101.00,11300.00,10153.15,10421.06,17623.07943135
1518998400,2018-02-19,10433.68,11262.48,10307.51,11173.00,11698.25622611
1519084800,2018-02-20,11159.12,11780.00,11080.37,11233.41,15880.90903980
1519171200,2018-02-21,11233.42,11275.74,10256.00,10449.40,19959.67715652
1519257600,2018-02-22,10446.79,10935.00,9731.20,9843.34,20204.69095384
1519344000,2018-02-23,9843.33,10405.30,9600.00,10166.10,16044.03930333
1519430400,2018-02-24,10135.20,10540.63,9373.48,9689.99,13972.71472351
1519516800,2018-02-25,9688.26,9883.41,9260.00,9590.04,11037.17695269
1519603200,2018-02-26,9595.99,10461.97,9376.34,10324.70,16156.80505618
1519689600,2018-02-27,10329.99,10850.00,10150.00,10566.30,10408.47993775
1519776000,2018-02-28,10572.49,11064.75,10255.07,10314.90,10490.74905816
1519862400,2018-03-01,10314.99,11090.00,10223.41,10903.13,9481.66514611
1519948800,2018-03-02,10917.37,11175.00,10774.01,11029.99,8329.09790086
1520035200,2018-03-03,11032.81,11503.24,11022.85,11445.00,7786.26753951
1520121600,2018-03-04,11445.00,11511.00,11054.91,11463.27,6831.63070279
1520208000,2018-03-05,11479.68,11688.00,11383.66,11419.24,9933.67623336
1520294400,2018-03-06,11417.39,11420.01,10560.19,10723.76,14734.41949313
1520380800,2018-03-07,10723.01,10911.78,9450.00,9913.03,26116.51184803
1520467200,2018-03-08,9904.52,10150.00,9078.95,9285.32,22522.42746991
1520553600,2018-03-09,9293.06,9420.39,8366.00,9230.00,29014.16684454
1520640000,2018-03-10,9228.83,9514.96,8697.00,8791.47,12886.58857926
1520726400,2018-03-11,8795.04,9768.37,8450.00,9535.04,16407.54237557
1520812800,2018-03-12,9535.04,9892.00,8742.07,9120.75,18751.02057959
1520899200,2018-03-13,9115.24,9482.79,8830.00,9142.32,16001.47534639
1520985600,2018-03-14,9152.07,9356.14,7948.00,8196.69,21191.02313580
1521072000,2018-03-15,8195.99,8425.00,7682.00,8265.05,18387.61138793
1521158400,2018-03-16,8265.05,8613.06,7914.08,8258.54,16498.62433531
1521244800,2018-03-17,8258.54,8356.40,7730.23,7860.83,12048.66889140
1521331200,2018-03-18,7860.83,8324.92,7325.37,8188.24,19547.36114711
1521417600,2018-03-19,8205.55,8718.74,8114.17,8596.93,19396.08835883
1521504000,2018-03-20,8596.79,9051.00,8313.01,8904.02,13454.82226040
1521590400,2018-03-21,8904.02,9188.10,8754.83,8893.79,12100.99713332
1521676800,2018-03-22,8892.18,9099.59,8503.52,8704.67,12587.63392229
1521763200,2018-03-23,8708.52,8920.79,8265.00,8920.79,13749.78486097
1521849600,2018-03-24,8917.99,9020.00,8505.00,8547.00,9731.98236841
1521936000,2018-03-25,8541.96,8680.00,8368.63,8453.90,9155.91214778
1522022400,2018-03-26,8451.12,8500.00,7831.15,8149.66,17693.41533930
1522108800,2018-03-27,8152.26,8211.62,7742.11,7791.70,12385.25028422
1522195200,2018-03-28,7791.69,8104.98,7723.03,7932.41,8437.64467971
1522281600,2018-03-29,7932.41,7968.00,6914.53,7088.38,22138.11413228
1522368000,2018-03-30,7086.14,7302.35,6550.00,6850.00,29101.44802706
1522454400,2018-03-31,6839.63,7231.73,6794.26,6928.62,11579.59705718
1522540800,2018-04-01,6926.50,7045.71,6427.16,6813.52,18046.94087395
1522627200,2018-04-02,6816.31,7106.50,6759.96,7052.76,13624.16035566
1522713600,2018-04-03,7052.75,7506.84,7001.28,7416.27,16089.54162903
1522800000,2018-04-04,7415.53,7430.00,6710.38,6799.95,15779.20246661
1522886400,2018-04-05,6799.37,6928.70,6578.95,6771.69,11894.53597807
1522972800,2018-04-06,6771.30,6850.00,6510.00,6618.33,8478.41806897
1523059200,2018-04-07,6627.70,7069.13,6600.99,6904.90,7683.04165260
1523145600,2018-04-08,6904.21,7104.52,6894.80,7027.26,4352.69794202
1523232000,2018-04-09,7027.26,7175.83,6611.49,6780.10,10103.91621615
1523318400,2018-04-10,6782.39,6900.00,6653.21,6835.67,6480.19276418
1523404800,2018-04-11,6824.75,6984.92,6809.26,6940.94,5825.41064556
1523491200,2018-04-12,6940.94,8069.34,6758.45,7923.78,19033.38033440
1523577600,2018-04-13,7923.78,8239.33,7753.32,7896.92,19605.94275077
1523664000,2018-04-14,7885.90,8232.14,7835.00,8000.41,8935.53071477
1523750400,2018-04-15,8003.39,8417.00,8001.23,8354.22,7542.84081564
1523836800,2018-04-16,8353.43,8424.99,7905.00,8048.15,10866.60295749
1523923200,2018-04-17,8054.68,8160.85,7806.81,7890.87,9277.15121538
1524009600,2018-04-18,7890.87,8235.00,7870.35,8172.84,9227.20459808
1524096000,2018-04-19,8172.83,8297.99,8074.44,8271.31,9436.84632763
1524182400,2018-04-20,8273.00,8934.00,8216.90,8861.00,16059.62267134
1524268800,2018-04-21,8865.78,9023.40,8608.00,8920.71,15336.30792743
1524355200,2018-04-22,8924.93,9036.52,8760.00,8789.96,9346.45175925
1524441600,2018-04-23,8781.70,9006.39,8771.22,8946.95,10286.11771490
1524528000,2018-04-24,8942.00,9737.16,8930.00,9648.00,20460.50898304
1524614400,2018-04-25,9648.36,9755.53,8751.00,8864.99,33035.90404482
1524700800,2018-04-26,8855.07,9326.79,8647.29,9274.48,20042.96970211
1524787200,2018-04-27,9277.32,9387.82,8901.09,8921.43,11375.51437547
1524873600,2018-04-28,8916.54,9442.34,8854.47,9345.11,15558.40230193
1524960000,2018-04-29,9352.97,9538.75,9180.00,9393.99,10940.71803063
1525046400,2018-04-30,9396.32,9443.96,9111.00,9242.17,8085.68829456
1525132800,2018-05-01,9243.51,9249.99,8815.91,9066.90,12138.26396050
1525219200,2018-05-02,9066.90,9259.16,8975.23,9222.00,10575.17497792
1525305600,2018-05-03,9220.00,9799.99,9165.19,9732.43,11670.79957863
1525392000,2018-05-04,9737.00,9784.73,9527.38,9696.57,7326.05207111
1525478400,2018-05-05,9689.00,9948.98,9670.68,9823.28,7403.10502352
1525564800,2018-05-06,9827.04,9918.41,9375.00,9623.54,8155.57685660
1525651200,2018-05-07,9621.99,9634.50,9175.00,9359.52,13616.34859330
1525737600,2018-05-08,9356.79,9450.00,9015.00,9167.69,11418.31053651
1525824000,2018-05-09,9181.52,9368.79,8974.62,9308.49,11368.83432539
1525910400,2018-05-10,9308.49,9393.00,8987.74,9020.99,11764.97750570
1525996800,2018-05-11,9007.19,9018.38,8351.00,8411.42,20383.92660992
1526083200,2018-05-12,8408.79,8652.80,8208.81,8481.60,15464.92940302
1526169600,2018-05-13,8481.72,8775.90,8335.56,8696.58,9835.22450915
1526256000,2018-05-14,8696.54,8900.90,8286.57,8674.36,18861.93709627
1526342400,2018-05-15,8674.53,8865.00,8400.00,8474.99,12391.83198691
1526428800,2018-05-16,8481.99,8505.33,8100.01,8346.59,12705.12321984
1526515200,2018-05-17,8337.77,8500.00,7980.00,8067.03,8259.12452442
1526601600,2018-05-18,8058.16,8275.10,7929.53,8248.87,7181.20388348
1526688000,2018-05-19,8248.99,8395.00,8141.08,8231.20,3784.07576637
1526774400,2018-05-20,8225.55,8590.00,8170.71,8518.48,5314.99889979
1526860800,2018-05-21,8518.64,8589.10,8320.00,8391.76,6126.97105348
1526947200,2018-05-22,8403.23,8417.65,7951.41,7984.08,9101.06078693
1527033600,2018-05-23,7983.98,8032.01,7435.49,7502.89,17635.90129337
1527120000,2018-05-24,7509.99,7733.99,7267.24,7586.88,11648.36524358
1527206400,2018-05-25,7579.30,7661.07,7328.13,7471.18,10088.84331121
1527292800,2018-05-26,7459.21,7622.87,7276.04,7335.99,4043.55765023
1527379200,2018-05-27,7335.99,7412.57,7213.09,7347.39,3144.45110906
1527465600,2018-05-28,7348.64,7445.00,7084.99,7112.50,6583.63252959
1527552000,2018-05-29,7112.20,7537.00,7026.90,7469.45,11049.92099287
1527638400,2018-05-30,7469.45,7559.00,7273.89,7375.73,8940.45400530
1527724800,2018-05-31,7375.64,7601.23,7330.22,7492.28,7339.00726931
1527811200,2018-06-01,7492.28,7620.01,7348.45,7511.60,6762.62757270
1527897600,2018-06-02,7511.72,7700.00,7438.92,7642.00,4012.16875521
1527984000,2018-06-03,7642.00,7790.69,7581.03,7703.67,4729.21008365
1528070400,2018-06-04,7712.97,7764.44,7449.68,7488.26,6990.55135270
1528156800,2018-06-05,7494.99,7685.00,7360.00,7617.98,9968.45508961
1528243200,2018-06-06,7617.98,7695.46,7482.61,7658.57,7058.05577232
1528329600,2018-06-07,7658.99,7750.00,7618.99,7689.28,7545.00925066
1528416000,2018-06-08,7676.41,7697.00,7542.00,7618.11,4676.55832777
1528502400,2018-06-09,7618.11,7686.45,7468.31,7492.70,2713.78104511
1528588800,2018-06-10,7498.00,7498.00,6627.70,6781.17,14392.69540615
1528675200,2018-06-11,6781.17,6919.97,6634.86,6880.61,11409.52423218
1528761600,2018-06-12,6880.76,6880.76,6461.42,6557.67,8827.59949970
1528848000,2018-06-13,6557.66,6624.45,6120.00,6307.40,19190.50457858
1528934400,2018-06-14,6308.49,6708.10,6270.69,6646.10,14185.83821156
1529020800,2018-06-15,6638.80,6666.66,6370.00,6390.60,7132.20678871
1529107200,2018-06-16,6390.60,6557.81,6333.63,6487.92,3553.69972603
1529193600,2018-06-17,6487.92,6575.35,6429.23,6453.41,2828.75680848
1529280000,2018-06-18,6451.03,6793.00,6381.25,6707.50,5940.17439750
1529366400,2018-06-19,6711.30,6841.81,6660.21,6736.52,5443.67979628
1529452800,2018-06-20,6728.44,6809.26,6558.95,6756.58,5193.76884592
1529539200,2018-06-21,6756.60,6792.20,6677.85,6718.33,4837.32442832
1529625600,2018-06-22,6718.33,6737.97,5940.00,6050.45,18544.14405465
1529712000,2018-06-23,6055.17,6261.00,6048.54,6177.38,4585.87147205
1529798400,2018-06-24,6169.91,6255.05,5780.00,6153.40,11423.59392896
1529884800,2018-06-25,6153.60,6365.34,6075.01,6253.61,9689.68930701
1529971200,2018-06-26,6252.28,6277.00,6025.68,6068.00,7751.62208792
1530057600,2018-06-27,6073.99,6181.11,5985.00,6135.64,7446.86155074
1530144000,2018-06-28,6135.64,6165.49,5818.14,5848.33,8878.39857291
1530230400,2018-06-29,5845.20,6299.00,5774.72,6204.24,12067.37316767
1530316800,2018-06-30,6204.01,6510.00,6190.28,6385.71,6915.08887702
1530403200,2018-07-01,6385.75,6438.55,6259.34,6349.99,4160.70556721
1530489600,2018-07-02,6345.48,6667.57,6270.69,6612.98,8799.80247408
1530576000,2018-07-03,6605.46,6666.00,6464.39,6507.99,5924.86541706
1530662400,2018-07-04,6507.99,6792.28,6413.20,6584.25,6706.73400620
1530748800,2018-07-05,6575.62,6700.00,6445.31,6533.69,7692.21577694
1530835200,2018-07-06,6533.69,6636.15,6449.76,6596.53,5457.67218749
1530921600,2018-07-07,6604.74,6820.00,6510.00,6759.99,4842.79587112
1531008000,2018-07-08,6755.46,6783.54,6674.60,6706.60,5145.84575684
1531094400,2018-07-09,6706.60,6814.72,6620.00,6666.75,7165.21723333
1531180800,2018-07-10,6666.75,6683.90,6270.84,6299.46,9163.01977492
1531267200,2018-07-11,6304.45,6400.00,6285.00,6380.00,6370.13680136
1531353600,2018-07-12,6379.13,6380.00,6072.00,6243.88,7792.46685782
1531440000,2018-07-13,6243.53,6337.25,6121.01,6215.59,5901.29571452
1531526400,2018-07-14,6208.78,6317.84,6180.00,6243.98,2584.73396230
1531612800,2018-07-15,6245.99,6397.21,6227.76,6349.30,3556.29310719
1531699200,2018-07-16,6353.25,6755.00,6333.63,6721.04,9404.05647649
1531785600,2018-07-17,6721.21,7468.31,6657.95,7310.71,12703.29651293
1531872000,2018-07-18,7310.71,7599.98,7239.15,7374.88,13347.87637571
1531958400,2018-07-19,7384.92,7570.90,7278.84,7471.42,8803.25309749
1532044800,2018-07-20,7474.35,7696.88,7265.00,7330.84,9379.17143244
1532131200,2018-07-21,7330.84,7458.00,7212.00,7409.92,4049.81022253
1532217600,2018-07-22,7398.16,7581.03,7336.15,7396.60,5107.97881280
1532304000,2018-07-23,7393.50,7800.00,7369.86,7719.62,12572.45317131
1532390400,2018-07-24,7712.46,8496.96,7691.14,8403.83,18707.41156484
1532476800,2018-07-25,8394.48,8475.00,8049.22,8174.06,10348.06857767
1532563200,2018-07-26,8174.06,8314.23,7855.97,7926.00,8091.87166049
1532649600,2018-07-27,7926.00,8274.98,7798.48,8183.05,8701.76587806
1532736000,2018-07-28,8177.72,8259.00,8051.43,8237.74,2765.68049060
1532822400,2018-07-29,8231.07,8299.99,8109.74,8216.74,3980.27940760
1532908800,2018-07-30,8216.74,8295.00,7853.01,8160.21,11785.89207823
1532995200,2018-07-31,8162.28,8162.37,7633.67,7725.43,11994.08614156
1533081600,2018-08-01,7726.85,7761.56,7440.00,7602.01,11406.76843741
1533168000,2018-08-02,7600.22,7709.98,7455.00,7536.37,5262.23613199
1533254400,2018-08-03,7535.00,7542.92,7286.41,7416.98,9585.77930917
1533340800,2018-08-04,7416.98,7494.48,6926.00,7009.99,6831.75139028
1533427200,2018-08-05,7009.94,7086.80,6888.88,7032.61,6039.13514460
1533513600,2018-08-06,7028.89,7157.93,6835.06,6936.11,7317.64296455
1533600000,2018-08-07,6932.18,7155.00,6671.00,6717.68,10039.39296375
1533686400,2018-08-08,6717.67,6717.68,6121.00,6283.59,14668.56802221
1533772800,2018-08-09,6283.89,6627.00,6190.01,6543.76,9484.88670496
1533859200,2018-08-10,6544.98,6584.05,5995.75,6139.99,14096.00988894
1533945600,2018-08-11,6139.99,6494.13,6000.00,6239.98,6818.37504816
1534032000,2018-08-12,6240.49,6493.77,6163.44,6310.82,7169.89323056
1534118400,2018-08-13,6311.99,6544.37,6142.20,6252.63,8896.68083746
1534204800,2018-08-14,6252.63,6254.02,5880.00,6193.62,14235.27018218
1534291200,2018-08-15,6194.30,6628.50,6186.02,6272.30,12501.11334781
1534377600,2018-08-16,6273.34,6477.57,6208.37,6313.51,7099.26116360
1534464000,2018-08-17,6314.08,6584.49,6290.64,6580.15,6635.58158998
1534550400,2018-08-18,6578.13,6615.00,6303.00,6399.28,3496.80232127
1534636800,2018-08-19,6397.37,6545.00,6312.00,6481.99,3138.71131829
1534723200,2018-08-20,6481.63,6522.99,6223.90,6260.82,6254.82080784
1534809600,2018-08-21,6260.83,6513.28,6246.05,6479.27,5655.04172504
1534896000,2018-08-22,6478.99,6906.81,6250.00,6355.76,11955.65069577
1534982400,2018-08-23,6355.97,6575.99,6344.80,6525.01,4028.43387247
1535068800,2018-08-24,6525.99,6721.09,6445.32,6692.94,6374.54257854
1535155200,2018-08-25,6692.99,6800.00,6664.25,6732.40,4980.64928331
1535241600,2018-08-26,6732.99,6775.34,6558.95,6700.46,3475.72024960
1535328000,2018-08-27,6700.13,6944.47,6641.35,6904.51,5863.68824836
1535414400,2018-08-28,6911.70,7125.28,6861.17,7080.94,8222.24765235
1535500800,2018-08-29,7079.46,7124.06,6890.00,7032.96,5730.97892652
1535587200,2018-08-30,7034.47,7055.97,6792.85,6984.01,6875.26197217
1535673600,2018-08-31,6984.34,7101.03,6879.00,7017.35,5790.38050638
1535760000,2018-09-01,7015.78,7300.18,7015.22,7185.01,4590.45724112
1535846400,2018-09-02,7195.80,7334.50,7130.63,7290.31,3297.68658519
1535932800,2018-09-03,7291.94,7340.08,7184.00,7258.99,2829.87707292
1536019200,2018-09-04,7261.29,7411.85,7231.00,7361.00,4531.14780379
1536105600,2018-09-05,7353.48,7387.00,6650.00,6679.30,12408.79698551
1536192000,2018-09-06,6671.95,6705.59,6253.29,6493.09,14674.02367160
1536278400,2018-09-07,6488.01,6525.00,6322.00,6400.00,6541.96747088
1536364800,2018-09-08,6401.01,6465.46,6113.23,6178.31,4284.19484304
1536451200,2018-09-09,6178.31,6451.51,6094.38,6236.04,4104.31379555
1536537600,2018-09-10,6238.99,6351.13,6223.90,6301.99,5371.72530672
1536624000,2018-09-11,6303.99,6405.00,6162.06,6279.99,7076.79725968
1536710400,2018-09-12,6274.60,6350.00,6192.89,6322.45,4282.15960066
1536796800,2018-09-13,6326.83,6537.46,6324.37,6485.70,6985.34747474
1536883200,2018-09-14,6482.95,6587.00,6384.36,6476.51,4598.02098322
1536969600,2018-09-15,6476.51,6570.10,6466.74,6520.15,1328.81956289
1537056000,2018-09-16,6521.49,6524.84,6349.47,6499.98,1098.62806031
1537142400,2018-09-17,6499.28,6530.24,6200.00,6254.52,4386.88772482
1537228800,2018-09-18,6251.49,6390.00,6226.63,6332.34,4196.47314808
1537315200,2018-09-19,6330.00,6510.00,6100.00,6388.40,7232.08338006
1537401600,2018-09-20,6388.40,6535.11,6333.63,6492.98,5177.64510387
1537488000,2018-09-21,6492.98,6775.34,6483.83,6749.45,8569.98587321
1537574400,2018-09-22,6748.85,6826.28,6624.79,6710.01,5491.80951385
1537660800,2018-09-23,6710.01,6774.91,6659.00,6702.22,3248.80491931
1537747200,2018-09-24,6703.37,6721.68,6550.96,6581.52,4030.72562001
1537833600,2018-09-25,6578.70,6579.59,6324.96,6428.99,8206.61700477
1537920000,2018-09-26,6428.09,6540.00,6379.44,6461.51,4295.92674134
1538006400,2018-09-27,6454.32,6736.85,6431.95,6681.62,5664.85211251
1538092800,2018-09-28,6684.50,6792.28,6525.67,6610.76,7642.04936428
1538179200,2018-09-29,6609.02,6609.02,6454.00,6579.38,3382.01592212
1538265600,2018-09-30,6574.29,6628.06,6510.00,6597.81,2482.69507513
1538352000,2018-10-01,6597.79,6638.15,6477.57,6571.20,4796.04013200
1538438400,2018-10-02,6569.32,6597.00,6447.28,6500.00,4116.13342419
1538524800,2018-10-03,6500.00,6510.00,6396.34,6456.77,4774.76328174
1538611200,2018-10-04,6454.81,6604.89,6450.58,6547.56,3832.70048916
1538697600,2018-10-05,6548.83,6641.35,6510.00,6582.12,3807.26928181
1538784000,2018-10-06,6582.11,6595.69,6526.28,6544.08,2022.78075908
1538870400,2018-10-07,6547.93,6600.00,6493.92,6577.63,2455.65659087
1538956800,2018-10-08,6574.15,6656.63,6541.06,6604.75,4079.04424933
1539043200,2018-10-09,6604.76,6623.14,6553.13,6588.80,2254.95026959
1539129600,2018-10-10,6588.72,6589.79,6387.91,6517.55,5177.06675956
1539216000,2018-10-11,6517.55,6520.43,6055.28,6152.76,9616.23958351
1539302400,2018-10-12,6152.76,6243.79,6109.79,6185.15,3246.38155720
1539388800,2018-10-13,6182.03,6219.77,6168.83,6199.69,1954.04680593
1539475200,2018-10-14,6201.23,6349.47,6143.08,6183.00,2525.73820085
1539561600,2018-10-15,6185.04,6756.00,6149.28,6441.74,16895.88930388
1539648000,2018-10-16,6438.20,6493.77,6386.40,6461.20,4703.09390629
1539734400,2018-10-17,6457.67,6465.39,6407.69,6437.29,2961.26337446
1539820800,2018-10-18,6440.07,6490.00,6350.00,6396.18,3823.16928503
1539907200,2018-10-19,6394.23,6412.40,6355.99,6383.46,2290.05901170
1539993600,2018-10-20,6380.47,6424.16,6363.02,6412.86,1261.97849549
1540080000,2018-10-21,6412.86,6470.00,6401.01,6413.38,1541.01151749
1540166400,2018-10-22,6412.62,6429.23,6372.53,6406.06,2407.53546180
1540252800,2018-10-23,6409.39,6421.58,6354.26,6393.41,2851.00556658
1540339200,2018-10-24,6396.24,6473.00,6393.00,6411.96,3535.33808825
1540425600,2018-10-25,6411.96,6422.73,6361.73,6393.53,3046.60380599
1540512000,2018-10-26,6393.38,6450.30,6377.81,6406.10,3323.82631782
1540598400,2018-10-27,6406.10,6420.01,6381.25,6407.66,890.12715690
1540684800,2018-10-28,6407.66,6420.00,6383.00,6405.57,839.29766473
1540771200,2018-10-29,6404.27,6420.00,6208.37,6266.52,5190.82201499
1540857600,2018-10-30,6266.47,6289.00,6240.00,6269.46,2523.57742936
1540944000,2018-10-31,6269.45,6350.00,6199.25,6303.27,5148.08262352
1541030400,2018-11-01,6304.50,6365.33,6288.01,6340.99,2190.97047686
1541116800,2018-11-02,6343.85,6381.25,6328.33,6350.43,2678.06948097
1541203200,2018-11-03,6350.05,6351.74,6312.48,6335.00,1084.13861953
1541289600,2018-11-04,6333.59,6475.00,6310.57,6421.76,2673.81391399
1541376000,2018-11-05,6428.23,6441.43,6369.89,6403.20,2335.48865475
1541462400,2018-11-06,6404.97,6460.01,6378.24,6447.50,4270.33460011
1541548800,2018-11-07,6448.17,6544.00,6442.47,6501.00,4800.82491273
1541635200,2018-11-08,6501.00,6511.27,6388.88,6405.49,3966.97303181
1541721600,2018-11-09,6405.49,6418.18,6307.00,6325.00,3218.12902607
1541808000,2018-11-10,6325.00,6377.26,6323.00,6349.32,1523.39384996
1541894400,2018-11-11,6349.39,6365.00,6269.46,6357.54,1718.26855567
1541980800,2018-11-12,6352.57,6388.21,6298.50,6318.00,3526.03903239
1542067200,2018-11-13,6318.01,6328.36,6244.35,6260.91,3630.56272124
1542153600,2018-11-14,6255.86,6298.47,5324.00,5595.91,25121.93301356
1542240000,2018-11-15,5592.23,5641.00,5199.80,5585.00,19945.90828161
1542326400,2018-11-16,5571.12,5610.00,5411.74,5508.71,8074.60557580
1542412800,2018-11-17,5514.62,5550.66,5452.63,5503.36,2732.79162871
1542499200,2018-11-18,5503.36,5658.47,5500.00,5559.26,2576.45532010
1542585600,2018-11-19,5553.01,5559.69,4694.44,4735.44,28910.66553331
1542672000,2018-11-20,4732.92,4897.36,4048.58,4352.00,39775.38943928
1542758400,2018-11-21,4349.41,4635.00,4242.33,4538.01,20678.25000596
1542844800,2018-11-22,4551.47,4589.53,4194.98,4275.23,10258.46172893
1542931200,2018-11-23,4268.40,4364.46,4061.02,4288.26,13322.77736822
1543017600,2018-11-24,4288.25,4376.88,3638.48,3785.65,14236.74417437
1543104000,2018-11-25,3780.67,4120.00,3474.73,3938.89,26969.94763424
1543190400,2018-11-26,3934.22,4069.59,3522.28,3727.34,24357.88293934
1543276800,2018-11-27,3727.34,3834.35,3548.76,3771.01,16814.00296565
1543363200,2018-11-28,3771.01,4355.08,3771.00,4220.16,22983.71348838
1543449600,2018-11-29,4219.77,4409.77,4086.97,4249.80,15944.01262628
1543536000,2018-11-30,4250.00,4300.00,3861.00,3971.06,14364.62144791
1543622400,2018-12-01,3970.56,4264.47,3904.34,4140.39,6412.23253743
1543708800,2018-12-02,4140.40,4265.00,4030.00,4102.05,7019.16205825
1543795200,2018-12-03,4099.63,4115.15,3747.00,3834.34,10726.67730460
1543881600,2018-12-04,3830.81,4033.98,3730.00,3903.52,12249.93688790
1543968000,2018-12-05,3903.52,3913.62,3662.35,3696.69,13443.22072621
1544054400,2018-12-06,3694.03,3844.79,3415.22,3437.26,15480.96697218
1544140800,2018-12-07,3437.22,3531.00,3210.00,3380.68,26513.23162490
1544227200,2018-12-08,3376.27,3495.99,3241.00,3398.80,10176.34927433
1544313600,2018-12-09,3398.80,3633.20,3371.09,3529.75,8011.02295177
1544400000,2018-12-10,3528.68,3588.43,3355.00,3408.00,10375.26877055
1544486400,2018-12-11,3406.41,3427.27,3292.65,3353.42,8951.71070828
1544572800,2018-12-12,3345.01,3490.00,3325.70,3430.18,7284.10378196
1544659200,2018-12-13,3430.20,3441.13,3221.14,3262.73,11715.01908312
1544745600,2018-12-14,3263.55,3294.81,3135.55,3195.75,14437.50526664
1544832000,2018-12-15,3194.04,3230.00,3122.28,3179.54,5814.86853241
1544918400,2018-12-16,3180.84,3259.43,3178.23,3193.78,6033.50714633
1545004800,2018-12-17,3191.41,3590.00,3181.26,3496.73,16389.79444903
1545091200,2018-12-18,3499.37,3684.00,3422.77,3667.16,13792.36427592
1545177600,2018-12-19,3667.16,3924.01,3642.69,3684.50,21125.61437541
1545264000,2018-12-20,3684.03,4172.07,3656.75,4073.77,25986.85291601
1545350400,2018-12-21,4073.58,4162.00,3770.00,3841.08,16967.23460506
1545436800,2018-12-22,3842.59,4010.16,3780.09,3980.90,7697.59815203
1545523200,2018-12-23,3977.65,4051.00,3900.00,3943.83,4609.89261726
1545609600,2018-12-24,3947.82,4236.84,3944.84,4036.00,12017.91713092
1545696000,2018-12-25,4034.54,4049.23,3674.73,3779.99,11801.43441841
1545782400,2018-12-26,3780.00,3863.34,3678.80,3810.01,10064.18282348
1545868800,2018-12-27,3810.01,3841.17,3566.00,3591.69,11850.01238190
1545955200,2018-12-28,3590.26,3970.00,3575.00,3884.97,13055.71840689
1546041600,2018-12-29,3884.66,3961.85,3702.51,3725.48,6901.38233180
1546128000,2018-12-30,3728.96,3870.00,3688.76,3835.79,5736.45370818
1546214400,2018-12-31,3831.03,3842.89,3630.00,3693.30,6667.16373743
1546300800,2019-01-01,3693.85,3845.46,3629.66,3823.44,5149.60627729
1546387200,2019-01-02,3825.41,3918.67,3770.00,3885.87,5534.46951453
1546473600,2019-01-03,3890.27,3893.40,3760.00,3787.81,4803.24610920
1546560000,2019-01-04,3785.64,3850.33,3732.38,3817.71,7452.05894356
1546646400,2019-01-05,3822.00,3887.09,3780.00,3791.84,3656.37531439
1546732800,2019-01-06,3795.38,4090.00,3753.00,4040.71,5400.71486407
1546819200,2019-01-07,4040.71,4070.00,3964.01,4005.45,7445.09600426
1546905600,2019-01-08,4005.00,4112.00,3934.73,3994.90,11819.98676966
1546992000,2019-01-09,3994.75,4060.00,3948.44,4002.13,7390.13399203
1547078400,2019-01-10,4003.09,4036.22,3503.44,3627.51,16118.42088248
1547164800,2019-01-11,3627.65,3704.60,3569.85,3632.02,10571.08164263
1547251200,2019-01-12,3631.00,3650.35,3557.09,3617.13,3184.35219414
1547337600,2019-01-13,3617.75,3654.02,3476.00,3515.95,5908.52280454
1547424000,2019-01-14,3517.03,3714.00,3506.00,3664.28,9925.99072165
1547510400,2019-01-15,3664.28,3687.02,3534.68,3576.93,8059.81737770
1547596800,2019-01-16,3576.92,3669.00,3570.48,3605.91,7675.06606371
1547683200,2019-01-17,3609.50,3660.00,3534.25,3638.01,7499.52552971
1547769600,2019-01-18,3638.01,3641.90,3577.00,3609.21,5023.51029080
1547856000,2019-01-19,3609.29,3774.00,3602.60,3681.00,4080.88346413
1547942400,2019-01-20,3680.00,3703.27,3470.00,3536.72,5591.01583422
1548028800,2019-01-21,3537.42,3573.29,3485.58,3531.51,5821.89983137
1548115200,2019-01-22,3531.51,3615.80,3401.36,3576.81,6877.06367550
1548201600,2019-01-23,3574.44,3620.23,3518.00,3552.32,6170.84267224
1548288000,2019-01-24,3553.20,3598.00,3524.00,3570.73,4488.01463801
1548374400,2019-01-25,3570.67,3578.79,3511.00,3560.00,4961.79512299
1548460800,2019-01-26,3560.94,3657.89,3536.51,3555.56,2697.88387935
1548547200,2019-01-27,3555.31,3564.12,3456.00,3533.23,3852.65964090
1548633600,2019-01-28,3532.23,3536.77,3357.30,3429.50,10345.10091040
1548720000,2019-01-29,3431.43,3438.76,3322.19,3390.50,7284.38686266
1548806400,2019-01-30,3391.25,3465.05,3372.34,3437.35,5704.02340186
1548892800,2019-01-31,3438.00,3474.20,3392.60,3413.11,5951.81816980
1548979200,2019-02-01,3413.69,3460.00,3364.53,3434.83,6659.84752495
1549065600,2019-02-02,3434.83,3485.00,3406.38,3462.82,3051.95860768
1549152000,2019-02-03,3470.50,3476.33,3384.67,3414.82,2813.89222442
1549238400,2019-02-04,3413.75,3439.46,3394.85,3410.87,3244.08497898
1549324800,2019-02-05,3409.81,3435.00,3396.00,3431.39,4045.62530164
1549411200,2019-02-06,3431.81,3445.60,3328.70,3364.62,6137.40639817
1549497600,2019-02-07,3364.00,3383.29,3350.00,3359.33,4293.55581410
1549584000,2019-02-08,3358.39,3711.04,3337.91,3622.94,14388.64754224
1549670400,2019-02-09,3626.12,3639.74,3589.52,3622.62,4054.50461695
1549756800,2019-02-10,3622.74,3662.43,3576.16,3650.37,4155.50568273
1549843200,2019-02-11,3651.32,3652.56,3578.70,3588.70,7931.40887407
1549929600,2019-02-12,3588.99,3619.93,3548.28,3585.94,10074.81670532
1550016000,2019-02-13,3585.70,3629.81,3541.00,3574.93,7992.74321134
1550102400,2019-02-14,3575.01,3590.74,3531.01,3560.46,5910.24312876
1550188800,2019-02-15,3560.45,3620.53,3544.88,3566.29,6234.76805726
1550275200,2019-02-16,3566.29,3609.00,3561.96,3579.92,3442.47630393
1550361600,2019-02-17,3580.43,3663.34,3553.98,3625.60,5012.46127538
1550448000,2019-02-18,3625.60,3916.47,3614.82,3869.80,15567.08485429
1550534400,2019-02-19,3870.97,4000.00,3840.08,3888.46,12525.13651013
1550620800,2019-02-20,3889.92,3967.52,3861.49,3936.53,9854.35493853
1550707200,2019-02-21,3936.80,3989.99,3866.25,3900.40,8055.79892817
1550793600,2019-02-22,3900.64,3957.00,3882.59,3939.82,6593.85993401
1550880000,2019-02-23,3939.83,4157.87,3905.63,4113.53,7966.31721086
1550966400,2019-02-24,4113.56,4190.00,3714.42,3730.68,13737.01398845
1551052800,2019-02-25,3733.78,3861.81,3732.60,3820.71,8835.36224921
1551139200,2019-02-26,3817.93,3830.00,3760.09,3795.06,6543.16453722
1551225600,2019-02-27,3794.42,3822.85,3658.19,3798.47,7602.29984472
1551312000,2019-02-28,3796.49,3897.62,3755.00,3791.36,6747.88027166
1551398400,2019-03-01,3791.02,3845.30,3789.50,3807.05,4761.41015902
1551484800,2019-03-02,3805.00,3818.75,3760.00,3810.46,3259.74312485
1551571200,2019-03-03,3810.47,3822.39,3756.00,3789.52,2508.08649072
1551657600,2019-03-04,3789.70,3806.90,3670.00,3698.66,7293.71962839
1551744000,2019-03-05,3698.65,3877.10,3690.00,3844.07,7280.82397551
1551830400,2019-03-06,3844.07,3895.12,3808.80,3851.55,6402.67507493
1551916800,2019-03-07,3851.26,3891.04,3826.13,3856.64,7964.50825371
1552003200,2019-03-08,3856.78,3924.37,3760.10,3844.64,7707.39667049
1552089600,2019-03-09,3841.27,3950.25,3835.66,3916.43,5125.89830383
1552176000,2019-03-10,3916.42,3916.43,3862.00,3897.92,3000.60671855
1552262400,2019-03-11,3898.14,3912.89,3812.64,3849.25,6612.11516125
1552348800,2019-03-12,3848.86,3877.69,3791.07,3859.74,5794.61473428
1552435200,2019-03-13,3861.37,3874.68,3820.00,3848.48,4275.54000025
1552521600,2019-03-14,3848.10,3903.98,3775.01,3854.77,5167.56617609
1552608000,2019-03-15,3857.33,3912.06,3843.09,3901.21,6411.98332751
1552694400,2019-03-16,3899.19,4040.00,3899.12,3990.00,6959.47788339
1552780800,2019-03-17,3990.00,3992.42,3927.28,3965.50,2711.95016796
1552867200,2019-03-18,3965.63,4016.63,3929.83,3969.59,5420.23037801
1552953600,2019-03-19,3969.94,4012.63,3947.15,3998.13,5317.45055524
1553040000,2019-03-20,3999.50,4050.00,3962.60,4031.59,6244.95370182
1553126400,2019-03-21,4033.70,4055.35,3919.63,3974.21,7561.75989694
1553212800,2019-03-22,3974.50,4000.81,3958.94,3982.07,3453.36892821
1553299200,2019-03-23,3980.40,4001.17,3957.11,3982.52,2259.56452610
1553385600,2019-03-24,3979.19,3980.97,3942.04,3969.99,2204.06560941
1553472000,2019-03-25,3970.23,3980.22,3850.45,3910.51,6913.36709721
1553558400,2019-03-26,3910.00,3936.36,3879.50,3922.58,4315.60487708
1553644800,2019-03-27,3922.58,4037.11,3912.19,4025.50,8151.67504888
1553731200,2019-03-28,4025.50,4025.56,3992.60,4012.23,3927.54682157
1553817600,2019-03-29,4011.00,4102.57,4005.00,4090.00,8391.03462414
1553904000,2019-03-30,4090.00,4130.36,4040.00,4094.92,3923.13646640
1553990400,2019-03-31,4094.92,4101.70,4074.29,4096.08,2402.58820541
1554076800,2019-04-01,4092.02,4150.00,4052.56,4136.32,7232.98731201
1554163200,2019-04-02,4133.93,5080.00,4130.64,4899.63,30686.17351442
1554249600,2019-04-03,4899.01,5345.00,4800.50,4978.23,29321.27268405
1554336000,2019-04-04,4972.83,5077.35,4778.59,4907.94,15898.11514808
1554422400,2019-04-05,4911.14,5067.62,4883.83,5039.73,13023.74651610
1554508800,2019-04-06,5041.00,5240.00,4900.00,5041.39,10049.84478829
1554595200,2019-04-07,5041.92,5253.49,5028.30,5190.85,10872.51935616
1554681600,2019-04-08,5192.92,5347.37,5127.68,5287.88,13344.98151487
1554768000,2019-04-09,5287.97,5288.95,5136.01,5192.60,9410.35350033
1554854400,2019-04-10,5184.03,5466.06,5161.00,5323.47,10723.93474696
1554940800,2019-04-11,5323.47,5344.31,4966.87,5040.20,15052.95606333
1555027200,2019-04-12,5037.82,5122.48,4912.00,5076.35,8057.03847684
1555113600,2019-04-13,5075.74,5122.01,5033.73,5063.63,4520.43702971
1555200000,2019-04-14,5064.00,5185.26,5012.73,5162.72,3443.44728316
1555286400,2019-04-15,5160.54,5192.01,4948.57,5027.31,7423.01375858
1555372800,2019-04-16,5027.33,5231.96,5014.77,5202.43,7675.40412015
1555459200,2019-04-17,5201.47,5275.07,5170.01,5233.72,6741.07720986
1555545600,2019-04-18,5227.60,5325.00,5218.23,5281.58,6375.89568714
1555632000,2019-04-19,5283.00,5357.96,5180.37,5289.91,5285.60637017
1555718400,2019-04-20,5289.91,5362.97,5253.82,5318.89,3665.56962108
1555804800,2019-04-21,5318.94,5346.91,5212.80,5295.65,4631.03916752
1555891200,2019-04-22,5295.96,5439.12,5249.00,5386.80,7127.11186779
1555977600,2019-04-23,5388.22,5627.00,5363.24,5531.32,10132.40317154
1556064000,2019-04-24,5531.29,5623.30,5372.00,5440.95,10521.03763127
1556150400,2019-04-25,5440.95,5510.00,4991.42,5132.55,9893.93590864
1556236800,2019-04-26,5132.50,5291.48,5046.31,5155.19,15033.10177930
1556323200,2019-04-27,5154.11,5218.31,5113.00,5168.91,4041.33355341
1556409600,2019-04-28,5171.51,5213.23,5099.00,5160.98,3957.25435637
1556496000,2019-04-29,5152.98,5191.96,5071.58,5149.11,5753.61513714
1556582400,2019-04-30,5150.21,5287.40,5127.05,5269.00,5055.27283570
1556668800,2019-05-01,5267.86,5357.96,5263.03,5318.42,4209.28441353
1556755200,2019-05-02,5322.28,5422.94,5304.99,5385.00,5908.52172325
1556841600,2019-05-03,5385.00,5796.56,5363.10,5658.22,12700.58899257
1556928000,2019-05-04,5659.82,5846.13,5510.00,5764.65,8525.45570755
1557014400,2019-05-05,5766.46,5782.55,5624.25,5709.32,5162.56182988
1557100800,2019-05-06,5714.40,5755.79,5562.44,5685.46,6826.98087533
1557187200,2019-05-07,5686.88,5970.00,5686.88,5751.54,10741.56186069
1557273600,2019-05-08,5751.54,5986.00,5658.66,5940.89,6320.41354540
1557360000,2019-05-09,5945.32,6172.00,5932.83,6156.70,9081.24077807
1557446400,2019-05-10,6151.66,6426.80,6105.00,6342.84,13821.71360689
1557532800,2019-05-11,6338.93,7445.00,6338.93,7217.47,22331.43531269
1557619200,2019-05-12,7214.40,7585.00,6762.57,6974.35,27398.21436403
1557705600,2019-05-13,6968.84,8167.50,6863.75,7810.05,27299.34473923
1557792000,2019-05-14,7810.72,8335.56,7618.99,7986.00,18881.44115957
1557878400,2019-05-15,7991.72,8300.00,7838.00,8208.69,16613.07123458
1557964800,2019-05-16,8203.97,8390.95,7654.93,7880.00,17078.70375960
1558051200,2019-05-17,7879.28,7942.09,6178.00,7351.71,27307.57969969
1558137600,2019-05-18,7352.39,7493.85,7205.57,7260.12,7564.89968988
1558224000,2019-05-19,7257.82,8299.99,7247.86,8200.00,15595.26745165
1558310400,2019-05-20,8193.45,8199.97,7581.03,8005.64,13426.78750889
1558396800,2019-05-21,8007.67,8117.48,7676.27,7955.16,7518.55567690
1558483200,2019-05-22,7949.18,8049.22,7505.69,7624.95,8396.82203697
1558569600,2019-05-23,7622.90,7980.00,7468.31,7880.22,8370.35625318
1558656000,2019-05-24,7880.40,8188.87,7795.95,7999.02,9358.97181211
1558742400,2019-05-25,7999.02,8158.45,7939.76,8064.64,3361.65325124
1558828800,2019-05-26,8066.15,8802.29,7888.91,8733.26,8526.81164447
1558915200,2019-05-27,8733.27,8939.18,8653.68,8770.73,8948.02467376
1559001600,2019-05-28,8774.45,8817.41,8540.94,8717.96,6144.01124571
1559088000,2019-05-29,8715.35,8762.39,8421.12,8663.41,7584.25785894
1559174400,2019-05-30,8663.07,9096.79,8000.00,8277.76,15259.58792555
1559260800,2019-05-31,8277.76,8589.99,8109.74,8547.20,9957.91006545
1559347200,2019-06-01,8545.80,8624.72,8457.33,8556.27,5167.05130706
1559433600,2019-06-02,8560.10,8833.97,8546.01,8734.49,4263.03616530
1559520000,2019-06-03,8735.84,8745.96,8049.22,8103.64,9955.03261894
1559606400,2019-06-04,8103.63,8103.63,7432.84,7665.53,15485.70215021
1559692800,2019-06-05,7673.41,7924.48,7570.90,7785.94,9193.71188764
1559779200,2019-06-06,7784.62,7878.62,7449.68,7806.07,8738.66635896
1559865600,2019-06-07,7801.97,8134.99,7758.93,8001.25,9012.09615945
1559952000,2019-06-08,8002.68,8061.12,7777.67,7932.27,4870.11556741
1560038400,2019-06-09,7933.17,7966.58,7511.41,7632.99,3895.84810538
1560124800,2019-06-10,7629.98,8090.00,7523.16,8021.10,7150.59429755
1560211200,2019-06-11,8017.99,8057.32,7713.34,7919.10,5552.68803771
1560297600,2019-06-12,7915.70,8266.00,7821.73,8176.27,8577.16249687
1560384000,2019-06-13,8171.12,8335.56,8049.22,8238.00,7237.80039095
1560470400,2019-06-14,8235.44,8737.37,8174.92,8697.54,8678.25030630
1560556800,2019-06-15,8694.74,8911.98,8623.52,8857.19,5275.75306910
1560643200,2019-06-16,8857.19,9391.85,8805.00,8974.19,15018.85335613
1560729600,2019-06-17,8973.02,9477.70,8973.02,9333.48,12760.96069746
1560816000,2019-06-18,9333.48,9361.87,8918.00,9078.84,11327.45394298
1560902400,2019-06-19,9076.51,9325.85,9036.19,9278.27,4687.25984305
1560988800,2019-06-20,9280.17,9600.00,9211.08,9534.99,7870.31583938
1561075200,2019-06-21,9534.99,10229.49,9534.97,10222.12,12553.09963424
1561161600,2019-06-22,10222.13,11200.00,10085.50,10661.30,13709.30032222
1561248000,2019-06-23,10665.66,11247.62,10483.33,10831.95,7270.64581160
1561334400,2019-06-24,10827.23,11099.00,10551.51,11029.63,8247.39381098
1561420800,2019-06-25,11030.00,11796.37,11000.02,11751.01,12133.57175867
1561507200,2019-06-26,11760.00,13880.00,11647.07,12920.54,37487.80242579
1561593600,2019-06-27,12927.44,13355.61,10300.00,11153.74,36106.96055323
1561680000,2019-06-28,11153.73,12447.46,10739.10,12354.43,18718.10158772
1561766400,2019-06-29,12354.45,12386.76,11317.03,11858.62,12265.99736052
1561852800,2019-06-30,11867.35,12200.06,10651.30,10760.10,12642.61772277
1561939200,2019-07-01,10759.24,11200.41,9950.00,10577.43,22917.43710404
1562025600,2019-07-02,10581.78,10942.63,9614.08,10828.90,20285.24655295
1562112000,2019-07-03,10830.10,12009.00,10830.10,11967.43,19389.85475767
1562198400,2019-07-04,11970.00,12061.04,11052.74,11146.34,11185.29420376
1562284800,2019-07-05,11144.82,11440.00,10769.15,10997.84,11893.43794970
1562371200,2019-07-06,10996.82,11735.00,10982.89,11240.00,7892.17866812
1562457600,2019-07-07,11233.21,11627.00,11083.76,11469.96,6683.05546715
1562544000,2019-07-08,11478.43,12398.00,11332.19,12286.14,11901.90089462
1562630400,2019-07-09,12299.94,12883.48,12030.43,12567.23,15115.55238390
1562716800,2019-07-10,12574.88,13200.00,11550.00,12098.95,19838.38994897
1562803200,2019-07-11,12101.44,12104.97,10966.81,11349.24,18468.68600043
1562889600,2019-07-12,11352.74,11942.39,11083.52,11808.91,9176.67942993
1562976000,2019-07-13,11811.08,11846.61,10810.00,11378.79,9391.35341435
1563062400,2019-07-14,11382.03,11467.30,10090.00,10191.87,12170.40823763
1563148800,2019-07-15,10191.87,11080.37,9855.00,10850.00,16048.02718406
1563235200,2019-07-16,10848.27,11042.11,9366.00,9412.81,20761.02748001
1563321600,2019-07-17,9427.45,9993.00,9049.54,9699.35,16992.78525932
1563408000,2019-07-18,9712.15,10797.00,9280.33,10648.60,18289.54217585
1563494400,2019-07-19,10638.44,10776.99,10102.58,10535.43,13787.45646718
1563580800,2019-07-20,10533.71,11120.00,10359.17,10750.11,9964.67388282
1563667200,2019-07-21,10757.15,10839.09,10325.00,10600.24,5628.16176664
1563753600,2019-07-22,10605.03,10686.89,10052.25,10328.83,9371.30644231
1563840000,2019-07-23,10315.87,10327.33,9801.88,9847.02,9040.84882621
1563926400,2019-07-24,9841.42,9911.50,9514.96,9763.67,9433.34520017
1564012800,2019-07-25,9781.52,10187.00,9734.19,9883.96,6377.95751785
1564099200,2019-07-26,9886.08,9897.46,9650.00,9846.94,5570.10914746
1564185600,2019-07-27,9846.94,10235.00,9299.00,9481.37,9614.10207519
1564272000,2019-07-28,9467.84,9634.50,9111.00,9533.19,3860.83481690
1564358400,2019-07-29,9538.73,9725.17,9360.00,9495.39,5068.65430930
1564444800,2019-07-30,9508.21,9775.00,9373.48,9593.62,5533.97118529
1564531200,2019-07-31,9592.26,10143.20,9574.09,10085.34,7917.50847720
1564617600,2019-08-01,10096.01,10499.00,9878.09,10407.71,7681.73235986
1564704000,2019-08-02,10416.79,10670.00,10318.47,10529.51,9286.86172741
1564790400,2019-08-03,10529.51,10919.00,10502.80,10821.52,6996.11722818
1564876800,2019-08-04,10812.58,11085.99,10564.96,10986.96,7556.32923024
1564963200,2019-08-05,10986.55,11959.36,10986.55,11800.00,17260.45577332
1565049600,2019-08-06,11800.00,12325.00,11200.00,11470.00,16420.57916354
1565136000,2019-08-07,11471.58,12145.42,11388.01,11971.57,15480.45524249
1565222400,2019-08-08,11973.46,12061.10,11450.93,11983.43,10144.46210884
1565308800,2019-08-09,11985.60,12040.00,11650.00,11859.32,7336.91484905
1565395200,2019-08-10,11859.32,11976.68,11200.00,11273.20,7447.24834124
1565481600,2019-08-11,11273.03,11589.73,11080.37,11528.73,4361.39069182
1565568000,2019-08-12,11527.44,11551.57,11194.04,11385.11,3417.70935664
1565654400,2019-08-13,11380.61,11446.94,10738.58,10862.28,9003.17888634
1565740800,2019-08-14,10862.25,10862.25,9888.57,10022.99,12678.94119470
1565827200,2019-08-15,10022.50,10444.66,9467.57,10301.44,15083.17326332
1565913600,2019-08-16,10294.90,10540.00,9736.96,10354.34,11080.39966131
1566000000,2019-08-17,10351.18,10472.93,9974.51,10210.89,3907.52839849
1566086400,2019-08-18,10221.94,10515.00,10065.41,10318.99,3398.41986671
1566172800,2019-08-19,10318.99,10940.00,10267.56,10927.30,8044.02134828
1566259200,2019-08-20,10927.30,10955.48,10549.74,10772.22,5883.59995275
1566345600,2019-08-21,10778.75,10807.54,9853.45,10134.75,9812.62171129
1566432000,2019-08-22,10123.56,10238.29,9755.53,10112.01,6710.30664788
1566518400,2019-08-23,10112.45,10479.00,10051.00,10401.60,5557.29144342
1566604800,2019-08-24,10401.87,10432.00,9885.48,10149.70,5106.55673687
1566691200,2019-08-25,10149.38,10355.89,9907.86,10136.75,3953.39528117
1566777600,2019-08-26,10136.75,10650.00,10136.75,10360.97,7166.67534085
1566864000,2019-08-27,10355.11,10375.53,10019.10,10167.29,4781.33502180
1566950400,2019-08-28,10171.39,10280.71,9555.00,9711.78,9303.15591906
1567036800,2019-08-29,9720.20,9720.20,9320.00,9490.00,7717.10637568
1567123200,2019-08-30,9490.56,9700.00,9350.10,9579.75,5317.30970010
1567209600,2019-08-31,9569.30,9682.73,9443.19,9594.15,1572.15542709
1567296000,2019-09-01,9593.50,9832.00,9538.75,9767.53,1799.36720121
1567382400,2019-09-02,9767.56,10471.00,9753.24,10384.48,6144.79883515
1567468800,2019-09-03,10384.07,10783.00,10286.00,10617.61,11443.53849727
1567555200,2019-09-04,10617.72,10834.15,10378.70,10586.26,10088.72363010
1567641600,2019-09-05,10586.26,10664.13,10461.97,10573.66,4555.62463429
1567728000,2019-09-06,10573.04,10949.00,10204.18,10311.09,10701.50994422
1567814400,2019-09-07,10309.04,10580.00,10297.58,10484.39,3148.50895336
1567900800,2019-09-08,10497.57,10594.88,10229.49,10400.18,3130.86103548
1567987200,2019-09-09,10387.33,10542.93,10060.00,10307.45,6059.76274364
1568073600,2019-09-10,10317.62,10390.09,9910.00,10096.00,4658.92141056
1568160000,2019-09-11,10093.39,10243.01,9855.11,10154.46,4614.34849343
1568246400,2019-09-12,10163.81,10465.00,10027.52,10420.34,4719.04668642
1568332800,2019-09-13,10423.99,10458.13,10153.87,10368.65,3755.41742244
1568419200,2019-09-14,10365.81,10441.47,10217.01,10355.37,2656.15453049
1568505600,2019-09-15,10362.52,10383.20,10258.49,10305.74,2297.72276878
1568592000,2019-09-16,10320.36,10378.07,10060.95,10269.98,5496.03749388
1568678400,2019-09-17,10257.20,10280.53,10130.59,10195.73,5078.59865576
1568764800,2019-09-18,10182.96,10263.65,10080.00,10152.09,3952.00683587
1568851200,2019-09-19,10161.59,10380.07,9600.00,10271.53,7455.91141166
1568937600,2019-09-20,10284.72,10308.04,10055.00,10169.02,4463.38202069
1569024000,2019-09-21,10169.02,10180.43,9913.35,9985.28,4148.89981496
1569110400,2019-09-22,9973.00,10093.24,9842.35,10020.58,3213.95409570
1569196800,2019-09-23,10022.38,10048.06,9606.00,9682.19,5447.96313246
1569283200,2019-09-24,9685.69,9782.00,7998.00,8536.82,28154.41355726
1569369600,2019-09-25,8536.71,8746.83,8216.00,8432.16,17435.86789130
1569456000,2019-09-26,8443.44,8467.89,7733.99,8055.03,16662.32021152
1569542400,2019-09-27,8055.25,8294.04,7866.00,8187.72,10165.85293694
1569628800,2019-09-28,8199.96,8356.40,8009.84,8218.07,6315.48953894
1569715200,2019-09-29,8218.07,8244.07,7902.66,8047.60,5366.57071770
1569801600,2019-09-30,8060.13,8368.50,7714.70,8298.45,9518.99210777
1569888000,2019-10-01,8304.47,8531.25,8195.42,8319.01,10224.59198253
1569974400,2019-10-02,8326.41,8393.39,8170.91,8373.42,4952.53411520
1570060800,2019-10-03,8377.68,8419.23,8029.14,8239.92,8701.12039607
1570147200,2019-10-04,8243.39,8244.93,7986.65,8152.07,6278.78141904
1570233600,2019-10-05,8157.89,8195.00,8016.26,8145.17,4445.10406787
1570320000,2019-10-06,8150.73,8176.46,7772.71,7854.12,6454.53572694
1570406400,2019-10-07,7863.75,8313.70,7763.54,8205.53,9363.32718459
1570492800,2019-10-08,8211.04,8344.12,8109.74,8178.54,3577.72287319
1570579200,2019-10-09,8185.85,8707.80,8110.00,8586.34,11634.19484623
1570665600,2019-10-10,8586.57,8666.84,8450.61,8582.11,7435.43199033
1570752000,2019-10-11,8589.08,8820.00,8222.88,8265.55,7824.58718752
1570838400,2019-10-12,8265.16,8427.76,8254.68,8303.43,1828.83312447
1570924800,2019-10-13,8303.43,8474.48,8132.91,8282.96,4445.28381368
1571011200,2019-10-14,8278.39,8416.67,8215.41,8362.99,4294.60738920
1571097600,2019-10-15,8353.33,8420.85,8086.00,8155.13,5044.66127938
1571184000,2019-10-16,8162.45,8179.10,7912.66,7995.89,8644.40011646
1571270400,2019-10-17,7995.73,8130.71,7936.71,8073.32,5395.88599206
1571356800,2019-10-18,8069.26,8120.77,7811.62,7955.08,5611.09353737
1571443200,2019-10-19,7950.48,8096.76,7875.00,7960.49,3461.12529207
1571529600,2019-10-20,7965.39,8314.77,7874.68,8235.74,6358.92499072
1571616000,2019-10-21,8236.49,8352.00,8156.00,8213.65,4919.73416831
1571702400,2019-10-22,8206.53,8314.77,7989.15,8025.90,5678.93483059
1571788800,2019-10-23,8021.57,8052.04,7293.55,7470.77,13306.18266092
1571875200,2019-10-24,7470.77,7512.00,7356.00,7435.00,4997.42309350
1571961600,2019-10-25,7427.00,8784.29,7393.14,8662.66,19113.79549622
1572048000,2019-10-26,8677.09,10350.00,8642.46,9252.75,38751.80025476
1572134400,2019-10-27,9262.72,9819.92,9092.66,9557.08,17783.02515594
1572220800,2019-10-28,9547.32,9950.00,9177.84,9216.44,14722.01859796
1572307200,2019-10-29,9216.39,9573.35,9051.48,9426.94,9059.61157854
1572393600,2019-10-30,9426.94,9437.06,8985.25,9159.94,8814.43804818
1572480000,2019-10-31,9169.55,9438.61,8961.53,9150.07,10113.15940929
1572566400,2019-11-01,9158.08,9303.53,9054.60,9250.45,6640.55238456
1572652800,2019-11-02,9250.70,9396.91,9201.19,9304.75,2701.13696278
1572739200,2019-11-03,9304.75,9384.32,9067.00,9207.00,2539.21833111
1572825600,2019-11-04,9207.00,9586.50,9122.33,9410.76,4962.44231548
1572912000,2019-11-05,9410.76,9485.00,9165.20,9320.14,4979.57899177
1572998400,2019-11-06,9319.10,9448.19,9254.68,9344.78,4670.23465673
1573084800,2019-11-07,9346.02,9373.48,9080.00,9199.36,3975.97661681
1573171200,2019-11-08,9209.30,9253.39,8661.00,8767.37,9699.74677043
1573257600,2019-11-09,8760.38,8876.94,8720.00,8812.21,2271.51792167
1573344000,2019-11-10,8806.85,9142.33,8750.85,9024.49,2663.27825012
1573430400,2019-11-11,9029.88,9075.32,8593.00,8720.36,6392.97505953
1573516800,2019-11-12,8720.36,8872.47,8549.00,8813.91,4721.90610684
1573603200,2019-11-13,8817.00,8839.46,8700.00,8755.24,3185.82098874
1573689600,2019-11-14,8765.53,8791.78,8555.00,8636.90,3412.80581524
1573776000,2019-11-15,8632.07,8799.03,8363.00,8463.49,5213.70141434
1573862400,2019-11-16,8459.38,8539.53,8423.00,8484.63,1180.57339029
1573948800,2019-11-17,8485.61,8631.60,8375.00,8499.31,2074.00770126
1574035200,2019-11-18,8499.53,8508.40,8010.70,8170.65,4825.65562506
1574121600,2019-11-19,8176.90,8197.77,7989.15,8121.63,4412.39464174
1574208000,2019-11-20,8124.08,8231.04,8027.28,8088.44,2996.00619203
1574294400,2019-11-21,8085.54,8116.92,7394.09,7611.51,9374.99957046
1574380800,2019-11-22,7612.23,7714.70,6785.00,7285.85,20120.14646602
1574467200,2019-11-23,7276.21,7356.49,7102.16,7320.39,5550.47222776
1574553600,2019-11-24,7330.98,7349.68,6861.96,6908.36,6047.01776023
1574640000,2019-11-25,6900.90,7380.00,6515.00,7122.14,18716.60131311
1574726400,2019-11-26,7127.12,7344.91,7018.78,7159.22,7643.84956815
1574812800,2019-11-27,7168.74,7676.27,6847.72,7527.84,15156.99193450
1574899200,2019-11-28,7517.82,7659.92,7372.19,7436.72,6925.58489749
1574985600,2019-11-29,7429.32,7870.35,7411.17,7753.69,7658.87160206
1575072000,2019-11-30,7753.69,7815.00,7452.08,7550.67,5446.27351349
1575158400,2019-12-01,7560.20,7560.20,7233.87,7412.66,5477.97290774
1575244800,2019-12-02,7411.75,7431.07,7140.08,7309.64,4324.30016255
1575331200,2019-12-03,7317.94,7415.00,7238.04,7300.43,2552.20229834
1575417600,2019-12-04,7299.20,7772.71,7087.09,7197.78,7737.39153487
1575504000,2019-12-05,7199.58,7500.00,7150.06,7390.42,4641.75678879
1575590400,2019-12-06,7397.35,7618.99,7305.56,7541.79,4167.24016320
1575676800,2019-12-07,7535.46,7638.88,7486.70,7502.65,2034.57371900
1575763200,2019-12-08,7505.86,7580.00,7382.69,7524.26,1798.77041268
1575849600,2019-12-09,7516.80,7666.00,7268.03,7340.52,6582.47031165
1575936000,2019-12-10,7332.05,7400.00,7150.23,7216.07,4090.62092926
1576022400,2019-12-11,7224.50,7271.00,7122.28,7207.42,3419.93896517
1576108800,2019-12-12,7208.95,7296.19,7072.20,7188.42,4376.88899274
1576195200,2019-12-13,7185.15,7302.35,7179.65,7257.47,3178.07849595
1576281600,2019-12-14,7255.94,7269.00,7007.48,7059.03,2012.34890643
1576368000,2019-12-15,7066.35,7225.23,7007.00,7115.08,1848.34572822
1576454400,2019-12-16,7115.08,7147.91,6820.00,6882.19,5923.05547919
1576540800,2019-12-17,6882.08,6938.77,6550.00,6612.30,7107.25638535
1576627200,2019-12-18,6619.53,7449.68,6425.00,7286.91,12873.63439214
1576713600,2019-12-19,7286.91,7372.12,7000.00,7149.57,5936.55634536
1576800000,2019-12-20,7157.53,7218.11,7072.61,7194.11,3201.66392251
1576886400,2019-12-21,7194.13,7194.13,7109.73,7147.40,1689.08199513
1576972800,2019-12-22,7147.40,7530.00,7124.52,7509.70,3796.22608082
1577059200,2019-12-23,7521.88,7692.98,7247.86,7316.17,6710.76736040
1577145600,2019-12-24,7317.47,7431.10,7156.00,7251.52,4194.58980335
1577232000,2019-12-25,7247.45,7266.81,7110.73,7195.79,1504.52751296
1577318400,2019-12-26,7195.80,7432.00,7150.00,7188.30,3116.74715162
1577404800,2019-12-27,7195.17,7255.37,7052.00,7246.00,4024.57086599
1577491200,2019-12-28,7247.70,7349.65,7231.00,7296.24,1579.70272647
1577577600,2019-12-29,7297.43,7524.46,7274.43,7385.54,2583.85134193
1577664000,2019-12-30,7372.79,7384.90,7199.00,7220.24,3722.91334933
1577750400,2019-12-31,7222.74,7302.35,7112.55,7168.36,2638.69130899
1577836800,2020-01-01,7160.69,7237.35,7150.00,7178.68,1119.10969318
1577923200,2020-01-02,7174.70,7184.94,6900.00,6950.56,3972.70795427
1578009600,2020-01-03,6945.70,7402.31,6853.53,7338.91,8072.72908749
1578096000,2020-01-04,7332.58,7396.10,7256.03,7344.48,3256.73735349
1578182400,2020-01-05,7356.05,7495.00,7310.00,7356.70,2707.27385549
1578268800,2020-01-06,7352.12,7817.00,7342.46,7762.74,6728.28277831
1578355200,2020-01-07,7768.17,8220.00,7697.03,8159.01,12158.32281238
1578441600,2020-01-08,8151.79,8463.57,7872.09,8044.44,11913.23248192
1578528000,2020-01-09,8048.94,8048.94,7737.97,7806.78,5957.24423978
1578614400,2020-01-10,7812.70,8200.00,7667.00,8200.00,8999.98825687
1578700800,2020-01-11,8200.00,8286.00,8000.00,8016.22,3788.32731360
1578787200,2020-01-12,8008.10,8190.00,7960.00,8180.76,2056.08675369
1578873600,2020-01-13,8180.75,8196.81,8039.00,8105.01,4011.43909644
1578960000,2020-01-14,8105.01,8895.00,8105.01,8813.04,17009.43193382
1579046400,2020-01-15,8813.20,8903.20,8555.00,8809.17,8606.88339936
1579132800,2020-01-16,8810.62,8852.35,8573.91,8710.15,6713.25847640
1579219200,2020-01-17,8715.39,9015.22,8661.52,8892.63,9363.15892644
1579305600,2020-01-18,8898.03,9000.10,8798.90,8908.53,3678.00926615
1579392000,2020-01-19,8901.02,9188.10,8461.38,8696.60,8785.44992700
1579478400,2020-01-20,8698.97,8740.54,8507.93,8625.17,4420.19825219
1579564800,2020-01-21,8629.66,8778.66,8480.00,8717.89,3394.68916005
1579651200,2020-01-22,8728.47,8792.98,8567.68,8655.93,3143.81212331
1579737600,2020-01-23,8661.63,8665.95,8280.00,8378.44,8611.01078760
1579824000,2020-01-24,8382.08,8530.70,8212.90,8422.13,6430.43023326
1579910400,2020-01-25,8435.83,8437.47,8252.72,8329.50,2812.78995216
1579996800,2020-01-26,8320.00,8600.00,8276.22,8590.48,6340.58577579
1580083200,2020-01-27,8600.00,9004.35,8546.55,8894.54,9619.77474260
1580169600,2020-01-28,8894.57,9413.24,8876.00,9400.00,9565.55935515
1580256000,2020-01-29,9386.57,9443.96,9215.50,9289.18,6481.91594603
1580342400,2020-01-30,9280.83,9570.00,9166.07,9500.00,7945.15877894
1580428800,2020-01-31,9510.84,9529.35,9195.93,9327.85,5009.62230695
1580515200,2020-02-01,9339.26,9464.16,9280.33,9377.17,1669.00246242
1580601600,2020-02-02,9379.60,9474.28,9135.00,9329.39,3015.79158859
1580688000,2020-02-03,9309.69,9615.00,9211.07,9288.09,4758.13350441
1580774400,2020-02-04,9281.00,9348.60,9075.00,9159.37,4867.22545881
1580860800,2020-02-05,9168.49,9775.00,9142.52,9618.42,8063.96793828
1580947200,2020-02-06,9617.84,9859.57,9521.00,9754.63,7554.48867469
1581033600,2020-02-07,9754.63,9878.00,9706.94,9803.42,4013.49096731
1581120000,2020-02-08,9803.71,9948.97,9658.58,9902.00,3268.73554695
1581206400,2020-02-09,9907.70,10178.54,9885.04,10173.97,4830.33787739
1581292800,2020-02-10,10173.51,10199.85,9731.20,9850.01,7560.66789084
1581379200,2020-02-11,9851.99,10383.90,9706.94,10268.98,8127.59636283
1581465600,2020-02-12,10270.98,10495.00,10247.35,10348.78,6553.40942709
1581552000,2020-02-13,10348.78,10500.50,10068.00,10228.67,9347.45128374
1581638400,2020-02-14,10229.19,10398.00,10093.26,10364.04,6190.37749036
1581724800,2020-02-15,10364.04,10408.04,9739.00,9899.78,5762.30634481
1581811200,2020-02-16,9909.71,10051.24,9598.49,9912.89,4133.47675014
1581897600,2020-02-17,9925.96,9973.45,9467.57,9697.15,5913.20492551
1581984000,2020-02-18,9725.57,10288.00,9602.60,10185.17,6754.35394103
1582070400,2020-02-19,10190.30,10300.00,9312.00,9595.72,9936.82068140
1582156800,2020-02-20,9589.10,9706.27,9396.91,9612.76,6608.49107920
1582243200,2020-02-21,9610.40,9773.20,9562.60,9696.13,4271.47074293
1582329600,2020-02-22,9696.13,9722.39,9568.51,9668.13,2096.56353593
1582416000,2020-02-23,9664.08,10024.08,9664.08,9965.21,3329.22433648
1582502400,2020-02-24,9969.79,10027.66,9480.00,9652.58,5877.00770771
1582588800,2020-02-25,9664.87,9682.73,9234.21,9305.40,6280.00295543
1582675200,2020-02-26,9305.40,9369.99,8627.78,8779.36,11564.19794381
1582761600,2020-02-27,8778.37,8974.75,8520.00,8816.50,9273.90366360
1582848000,2020-02-28,8816.50,8900.94,8421.49,8703.84,6546.98122765
1582934400,2020-02-29,8710.00,8805.06,8525.00,8527.74,2338.06785643
1583020800,2020-03-01,8525.00,8756.11,8410.00,8528.95,4156.57173933
1583107200,2020-03-02,8516.00,8980.34,8486.72,8917.34,6186.86088929
1583193600,2020-03-03,8917.34,8921.80,8660.04,8755.45,4629.97228611
1583280000,2020-03-04,8755.45,8850.00,8663.76,8753.28,3353.23252230
1583366400,2020-03-05,8757.79,9169.00,8757.79,9066.65,6448.68567336
1583452800,2020-03-06,9059.00,9187.85,8990.01,9153.79,4136.42339429
1583539200,2020-03-07,9154.10,9219.13,8859.49,8893.93,2805.59157140
1583625600,2020-03-08,8901.12,8901.12,7995.48,8033.70,9068.89040196
1583712000,2020-03-09,8035.79,8191.13,7636.00,7936.25,12177.39425093
1583798400,2020-03-10,7937.20,8158.42,7733.99,7885.92,8274.95375730
1583884800,2020-03-11,7893.63,7988.78,7591.99,7934.57,7289.61145281
1583971200,2020-03-12,7956.29,7969.90,4776.59,4841.67,58513.38918903
1584057600,2020-03-13,4841.67,5990.35,3850.00,5622.74,54419.64133553
1584144000,2020-03-14,5623.16,5663.01,5051.00,5169.37,15370.86814960
1584230400,2020-03-15,5167.38,5965.77,5092.34,5343.64,16589.30386378
1584316800,2020-03-16,5353.04,5353.04,4435.89,5033.42,34905.46359769
1584403200,2020-03-17,5051.41,5569.90,4936.00,5324.99,17517.84242049
1584489600,2020-03-18,5340.95,5452.43,5006.87,5406.92,22559.23112903
1584576000,2020-03-19,5413.00,6433.98,5266.38,6181.18,24783.73487365
1584662400,2020-03-20,6192.94,7139.00,5670.00,6210.14,30082.50248252
1584748800,2020-03-21,6207.66,6461.91,5866.44,6187.78,11796.72656887
1584835200,2020-03-22,6199.17,6419.00,5705.00,5813.15,10813.38456907
1584921600,2020-03-23,5816.57,6629.79,5686.34,6493.51,19053.80456405
1585008000,2020-03-24,6494.70,6893.00,6400.01,6768.64,19719.09402414
1585094400,2020-03-25,6768.64,6989.04,6457.17,6692.22,16675.73512097
1585180800,2020-03-26,6695.47,6798.89,6528.07,6760.72,7393.70723365
1585267200,2020-03-27,6765.15,6872.67,6210.00,6376.03,10816.28556504
1585353600,2020-03-28,6376.03,6376.03,6030.51,6253.08,11613.49398164
1585440000,2020-03-29,6275.11,6278.24,5869.00,5870.90,9298.93905110
1585526400,2020-03-30,5878.47,6630.00,5856.00,6407.77,14974.44416300
1585612800,2020-03-31,6408.95,6527.24,6337.42,6421.14,6342.29832651
1585699200,2020-04-01,6428.74,6710.21,6137.71,6652.07,11319.14793815
1585785600,2020-04-02,6669.95,7236.39,6575.13,6801.99,17212.82067331
1585872000,2020-04-03,6789.63,7047.96,6610.00,6742.57,10570.10640235
1585958400,2020-04-04,6737.36,7014.00,6655.54,6879.61,6018.51563233
1586044800,2020-04-05,6887.22,6914.01,6678.51,6775.20,3981.97692417
1586131200,2020-04-06,6780.57,7376.59,6773.75,7352.43,13683.03789416
1586217600,2020-04-07,7335.85,7469.00,7077.00,7202.73,11669.01426524
1586304000,2020-04-08,7204.78,7428.95,7152.00,7367.36,8720.21050049
1586390400,2020-04-09,7370.85,7376.59,7107.38,7293.93,8324.92177270
1586476800,2020-04-10,7299.12,7306.10,6750.15,6877.03,10727.86685616
1586563200,2020-04-11,6866.03,6955.59,6771.24,6883.18,3326.67476213
1586649600,2020-04-12,6882.75,7201.76,6790.74,6908.24,7264.51928043
1586736000,2020-04-13,6908.21,6914.01,6542.91,6864.22,10837.57453223
1586822400,2020-04-14,6864.66,6991.00,6766.96,6879.75,7275.68657382
1586908800,2020-04-15,6868.88,6940.00,6598.55,6619.00,8109.73234254
1586995200,2020-04-16,6619.00,7224.18,6472.67,7111.67,15726.69637377
1587081600,2020-04-17,7121.35,7158.22,6995.39,7024.19,8539.61835086
1587168000,2020-04-18,7020.13,7306.15,7020.13,7262.26,5102.50261952
1587254400,2020-04-19,7265.94,7276.21,7057.46,7126.40,4662.19209244
1587340800,2020-04-20,7124.27,7220.00,6757.75,6841.00,11365.00931766
1587427200,2020-04-21,6833.00,6950.98,6774.48,6854.98,5570.95619043
1587513600,2020-04-22,6850.60,7171.26,6819.59,7137.79,6273.40631495
1587600000,2020-04-23,7138.29,7756.69,7031.07,7484.58,14779.54814354
1587686400,2020-04-24,7494.20,7612.91,7391.57,7505.53,7357.10670681
1587772800,2020-04-25,7518.81,7723.77,7432.80,7547.56,3800.82773036
1587859200,2020-04-26,7565.00,7718.00,7485.00,7701.73,5247.54081807
1587945600,2020-04-27,7708.87,7813.68,7637.03,7786.41,6878.02253788
1588032000,2020-04-28,7794.22,7798.42,7650.00,7767.79,7248.95596950
1588118400,2020-04-29,7762.07,8970.00,7717.14,8790.32,26396.09715679
1588204800,2020-04-30,8789.79,9485.26,8407.00,8627.32,24057.73933525
1588291200,2020-05-01,8629.72,9075.00,8616.17,8832.44,11379.68574201
1588377600,2020-05-02,8836.00,9022.00,8760.00,8983.79,5524.26706572
1588464000,2020-05-03,8982.56,9207.82,8723.78,8915.98,9218.27490900
1588550400,2020-05-04,8924.14,8974.34,8528.42,8882.87,10018.97499887
1588636800,2020-05-05,8889.24,9120.00,8760.10,9034.85,9592.13446226
1588723200,2020-05-06,9040.00,9417.95,8921.03,9154.32,15110.94181329
1588809600,2020-05-07,9163.63,10074.00,9030.03,10000.00,25012.90031203
1588896000,2020-05-08,10008.19,10048.38,9725.00,9801.35,19203.48379461
1588982400,2020-05-09,9809.04,9914.00,9515.40,9546.56,11278.63371513
1589068800,2020-05-10,9527.31,9565.20,8109.00,8731.17,31639.42874341
1589155200,2020-05-11,8740.88,9182.97,8181.00,8571.98,34465.18657226
1589241600,2020-05-12,8574.19,8984.87,8534.97,8825.46,14010.26120550
1589328000,2020-05-13,8816.99,9418.46,8804.47,9315.50,12762.85161682
1589414400,2020-05-14,9323.73,9945.34,9254.85,9793.50,19936.18545561
1589500800,2020-05-15,9809.91,9844.66,9112.00,9306.21,17324.14460144
1589587200,2020-05-16,9307.43,9590.00,9216.08,9389.07,6170.09609719
1589673600,2020-05-17,9377.79,9894.88,9326.53,9665.70,9515.79358021
1589760000,2020-05-18,9672.95,9966.12,9451.20,9721.91,12362.32763823
1589846400,2020-05-19,9730.00,9903.89,9455.05,9787.65,12149.68534917
1589932800,2020-05-20,9776.30,9843.87,9100.00,9516.51,12351.42817701
1590019200,2020-05-21,9505.61,9573.29,8800.00,9062.47,16879.82890788
1590105600,2020-05-22,9062.25,9272.97,8924.91,9171.96,7261.28419694
1590192000,2020-05-23,9171.96,9316.12,9084.83,9183.46,3477.27850858
1590278400,2020-05-24,9183.93,9310.91,8669.00,8718.77,8855.47763284
1590364800,2020-05-25,8710.12,8984.16,8630.00,8903.56,8919.92378955
1590451200,2020-05-26,8903.22,9012.00,8690.00,8840.91,5923.00523696
1590537600,2020-05-27,8835.79,9230.21,8810.99,9210.00,6867.67101935
1590624000,2020-05-28,9209.99,9625.01,9105.79,9577.38,11523.40889483
1590710400,2020-05-29,9581.49,9610.00,9330.00,9421.04,7226.77389995
1590796800,2020-05-30,9428.52,9758.27,9326.28,9705.10,6781.84196225
1590883200,2020-05-31,9705.10,9711.70,9373.96,9446.19,5697.99838373
1590969600,2020-06-01,9444.61,10429.26,9416.50,10203.64,12109.14149664
1591056000,2020-06-02,10203.64,10241.26,9135.68,9525.73,22725.11942099
1591142400,2020-06-03,9522.52,9699.95,9380.99,9668.99,6928.76322878
1591228800,2020-06-04,9668.00,9888.00,9430.00,9791.92,8938.76888870
1591315200,2020-06-05,9791.00,9856.48,9592.74,9619.99,7157.37095675
1591401600,2020-06-06,9616.17,9744.39,9525.76,9669.85,4047.26924742
1591488000,2020-06-07,9673.08,9829.31,9356.00,9750.04,6762.65158822
1591574400,2020-06-08,9759.04,9813.67,9645.00,9783.00,5379.07801648
1591660800,2020-06-09,9786.64,9897.46,9566.81,9776.84,6922.79788471
1591747200,2020-06-10,9782.30,10011.40,9578.00,9894.32,7107.20140335
1591833600,2020-06-11,9894.32,9981.24,9078.91,9264.26,16389.44455357
1591920000,2020-06-12,9265.95,9555.00,9230.00,9463.07,6934.13533535
1592006400,2020-06-13,9465.92,9500.00,9345.71,9473.46,2938.68222067
1592092800,2020-06-14,9478.93,9479.59,9235.01,9329.99,3477.25235863
1592179200,2020-06-15,9329.99,9505.40,8900.00,9435.15,11765.11353390
1592265600,2020-06-16,9435.41,9596.31,9374.90,9530.30,6864.21822439
1592352000,2020-06-17,9530.62,9566.53,9230.32,9461.29,5902.36636044
1592438400,2020-06-18,9459.82,9478.69,9250.00,9374.78,3997.01284654
1592524800,2020-06-19,9374.83,9429.99,9225.15,9304.32,5305.90771910
1592611200,2020-06-20,9287.60,9400.00,9138.00,9355.46,3071.79384829
1592697600,2020-06-21,9355.93,9421.26,9271.52,9283.03,1435.21189641
1592784000,2020-06-22,9287.89,9798.76,9267.20,9683.12,6615.64540882
1592870400,2020-06-23,9688.26,9725.30,9571.00,9622.81,4866.11470545
1592956800,2020-06-24,9617.88,9666.35,9193.99,9286.06,10072.57541802
1593043200,2020-06-25,9286.30,9343.49,8989.00,9239.48,8701.24617460
1593129600,2020-06-26,9237.98,9289.71,9024.61,9158.26,7912.38375487
1593216000,2020-06-27,9158.13,9189.00,8830.63,9009.30,4399.67602419
1593302400,2020-06-28,9008.33,9191.72,8933.06,9118.01,3231.85728086
1593388800,2020-06-29,9118.80,9240.36,9014.92,9188.88,4942.72533003
1593475200,2020-06-30,9187.85,9201.95,9060.00,9132.96,2781.63125132
1593561600,2020-07-01,9136.89,9300.00,9089.80,9233.38,4321.56559235
1593648000,2020-07-02,9230.97,9268.54,8939.00,9092.92,6866.04897352
1593734400,2020-07-03,9091.68,9127.11,9027.17,9063.08,3510.00353809
1593820800,2020-07-04,9053.87,9196.00,9045.94,9138.52,2180.37237178
1593907200,2020-07-05,9142.16,9147.37,8905.00,9076.82,3067.87780852
1593993600,2020-07-06,9077.18,9376.34,9060.50,9348.22,5361.35284949
1594080000,2020-07-07,9346.90,9385.81,9201.78,9257.16,4702.82565367
1594166400,2020-07-08,9257.21,9479.57,9228.91,9437.16,6275.54666358
1594252800,2020-07-09,9441.76,9448.50,9157.11,9234.90,4575.44853951
1594339200,2020-07-10,9234.91,9318.92,9053.14,9283.53,3910.32678996
1594425600,2020-07-11,9291.00,9304.95,9180.00,9238.30,1453.16535935
1594512000,2020-07-12,9234.07,9347.76,9153.48,9306.17,2037.15363045
1594598400,2020-07-13,9304.94,9351.17,9190.49,9233.10,3875.17319052
1594684800,2020-07-14,9234.19,9282.08,9095.00,9251.59,4479.91060569
1594771200,2020-07-15,9256.33,9276.98,9153.38,9190.07,3810.04841103
1594857600,2020-07-16,9191.00,9217.50,9026.51,9132.87,5541.85389383
1594944000,2020-07-17,9134.44,9184.28,9073.53,9156.50,3593.49712953
1595030400,2020-07-18,9150.51,9214.63,9122.72,9177.43,1358.28531978
1595116800,2020-07-19,9175.70,9243.36,9106.30,9211.99,1585.39916859
1595203200,2020-07-20,9213.15,9224.73,9128.21,9162.43,3064.80739401
1595289600,2020-07-21,9161.77,9442.89,9152.23,9391.25,5559.47430975
1595376000,2020-07-22,9395.98,9573.00,9280.80,9539.51,5520.76262356
1595462400,2020-07-23,9537.23,9690.00,9453.38,9617.20,10413.94384743
1595548800,2020-07-24,9614.85,9650.55,9474.35,9547.91,8012.90509154
1595635200,2020-07-25,9549.34,9751.82,9532.79,9710.98,5065.44989566
1595721600,2020-07-26,9712.45,10200.00,9657.00,9944.65,9090.21430682
1595808000,2020-07-27,9941.25,11417.11,9933.77,11046.19,27736.83221358
1595894400,2020-07-28,11049.40,11263.85,10583.48,10939.27,17062.37380128
1595980800,2020-07-29,10931.91,11358.47,10855.81,11111.17,12452.86303565
1596067200,2020-07-30,11105.01,11189.00,10832.00,11112.12,10456.84804792
1596153600,2020-07-31,11110.84,11457.95,10973.80,11356.74,10417.50746157
1596240000,2020-08-01,11357.98,11883.36,11228.00,11817.49,11195.80752332
1596326400,2020-08-02,11808.21,12100.00,10559.59,11071.66,12656.41102944
1596412800,2020-08-03,11074.92,11480.00,10933.26,11236.39,6984.67078032
1596499200,2020-08-04,11236.39,11420.00,11000.79,11192.42,5522.11051757
1596585600,2020-08-05,11193.48,11795.86,11094.35,11755.24,7514.79142531
1596672000,2020-08-06,11759.90,11913.50,11575.57,11770.08,9855.99436305
1596758400,2020-08-07,11770.26,11920.00,11219.00,11600.85,10503.36174678
1596844800,2020-08-08,11601.75,11817.95,11527.00,11776.90,3983.74888665
1596931200,2020-08-09,11767.93,11808.28,11527.92,11683.03,2649.48917649
1597017600,2020-08-10,11684.60,12080.00,11510.00,11895.12,7701.72806914
1597104000,2020-08-11,11896.37,11945.05,11130.00,11392.64,10470.68807136
1597190400,2020-08-12,11386.50,11625.00,11150.00,11565.35,5668.60180464
1597276800,2020-08-13,11567.74,11806.61,11270.91,11793.26,6839.55121466
1597363200,2020-08-14,11797.55,11862.00,11652.01,11779.77,5526.79649808
1597449600,2020-08-15,11771.97,11986.93,11667.70,11852.20,3983.17592982
1597536000,2020-08-16,11858.60,11938.55,11685.97,11914.02,2494.17000289
1597622400,2020-08-17,11916.83,12473.00,11771.44,12298.38,9778.32856833
1597708800,2020-08-18,12301.27,12408.53,11823.00,11958.10,8818.18784117
1597795200,2020-08-19,11950.00,12022.18,11574.40,11757.55,9401.50118445
1597881600,2020-08-20,11762.18,11894.12,11675.29,11859.37,4191.75792092
1597968000,2020-08-21,11857.18,11887.67,11485.49,11531.74,6391.17972721
1598054400,2020-08-22,11527.81,11694.02,11367.00,11667.70,3401.42192253
1598140800,2020-08-23,11678.17,11715.09,11524.70,11644.65,1632.87091819
1598227200,2020-08-24,11653.70,11832.55,11588.61,11761.80,2887.05808264
1598313600,2020-08-25,11750.40,11772.22,11112.75,11328.88,7073.69374623
1598400000,2020-08-26,11328.50,11549.80,11250.14,11469.30,4273.08016903
1598486400,2020-08-27,11462.91,11602.92,11122.72,11330.00,7796.15569663
1598572800,2020-08-28,11332.26,11555.61,11277.95,11536.58,6046.49746388
1598659200,2020-08-29,11538.74,11592.00,11423.64,11471.71,2095.93600275
1598745600,2020-08-30,11471.71,11715.69,11458.62,11708.97,2328.65701886
1598832000,2020-08-31,11713.11,11780.00,11573.39,11655.00,4534.21810201
1598918400,2020-09-01,11658.48,12065.82,11515.00,11923.96,7960.82238043
1599004800,2020-09-02,11919.53,11956.45,11155.32,11398.44,13056.07287751
1599091200,2020-09-03,11395.10,11477.35,9987.86,10160.00,18554.73121203
1599177600,2020-09-04,10160.00,10646.75,9902.43,10456.32,17415.36005733
1599264000,2020-09-05,10460.20,10567.90,9850.00,10167.19,12165.47308504
1599350400,2020-09-06,10165.47,10353.39,10000.00,10260.17,5121.25180431
1599436800,2020-09-07,10258.43,10415.66,9880.00,10377.14,8725.09203962
1599523200,2020-09-08,10377.50,10446.18,9825.07,10123.96,10560.87470567
1599609600,2020-09-09,10126.01,10353.39,9981.38,10232.80,5872.21951240
1599696000,2020-09-10,10221.76,10495.75,10220.00,10342.59,10223.19117775
1599782400,2020-09-11,10341.38,10409.44,10200.50,10393.04,5245.74244486
1599868800,2020-09-12,10400.46,10482.42,10275.00,10443.33,2509.23983418
1599955200,2020-09-13,10446.40,10576.78,10214.90,10334.78,4325.10556518
1600041600,2020-09-14,10338.82,10765.03,10250.13,10675.15,7325.23245633
1600128000,2020-09-15,10671.40,10940.01,10611.17,10783.83,6456.66295267
1600214400,2020-09-16,10785.00,11100.00,10662.81,10951.54,8300.23983202
1600300800,2020-09-17,10950.15,11054.00,10739.23,10940.47,5525.71740992
1600387200,2020-09-18,10947.35,11040.18,10816.54,10931.20,4398.92439287
1600473600,2020-09-19,10935.49,11183.01,10890.53,11077.22,2253.35153789
1600560000,2020-09-20,11070.84,11079.25,10755.90,10923.50,3250.01749577
1600646400,2020-09-21,10921.53,10996.98,10286.56,10411.29,9948.02125053
1600732800,2020-09-22,10418.83,10573.05,10353.39,10534.31,4800.59855196
1600819200,2020-09-23,10525.72,10541.39,10138.30,10233.42,5711.36066207
1600905600,2020-09-24,10236.86,10795.53,10193.20,10744.02,6703.91881646
1600992000,2020-09-25,10738.46,10762.65,10553.14,10689.81,6346.72379355
1601078400,2020-09-26,10694.23,10830.00,10655.29,10729.09,2550.31630347
1601164800,2020-09-27,10731.09,10807.14,10593.58,10780.66,2286.86162473
1601251200,2020-09-28,10779.99,10950.00,10628.52,10689.48,4991.57062725
1601337600,2020-09-29,10681.41,10865.00,10636.66,10836.42,4029.39173043
1601424000,2020-09-30,10840.00,10847.50,10658.56,10778.22,4304.62269490
1601510400,2020-10-01,10780.83,10940.22,10437.08,10622.71,8678.34728292
1601596800,2020-10-02,10611.17,10667.53,10380.00,10578.54,8333.45852437
1601683200,2020-10-03,10571.60,10605.79,10500.00,10553.66,1134.79775814
1601769600,2020-10-04,10543.17,10699.88,10524.81,10669.63,1057.77530355
1601856000,2020-10-05,10666.16,10805.82,10620.71,10795.00,3618.01529204
1601942400,2020-10-06,10797.36,10801.86,10525.00,10606.33,4800.69513633
1602028800,2020-10-07,10602.31,10682.56,10547.71,10669.14,5560.24913562
1602115200,2020-10-08,10669.10,10957.00,10535.06,10925.20,6969.04085121
1602201600,2020-10-09,10927.02,11118.49,10826.40,11052.00,5355.33959365
1602288000,2020-10-10,11060.46,11496.06,11059.62,11301.20,3270.37027031
1602374400,2020-10-11,11300.97,11447.44,11272.11,11372.93,2177.65085818
1602460800,2020-10-12,11372.48,11731.70,11175.99,11535.98,7088.22778528
1602547200,2020-10-13,11539.42,11567.40,11314.53,11427.98,5097.96082433
1602633600,2020-10-14,11440.28,11555.10,11287.42,11428.84,3788.25075923
1602720000,2020-10-15,11430.49,11623.60,11250.01,11511.11,4864.42955616
1602806400,2020-10-16,11506.53,11548.65,11200.00,11321.86,4309.22448566
1602892800,2020-10-17,11331.88,11415.48,11264.01,11365.80,1124.42019876
1602979200,2020-10-18,11363.40,11526.34,11352.79,11519.97,1047.16869132
1603065600,2020-10-19,11518.58,11840.00,11409.94,11764.14,5459.93398846
1603152000,2020-10-20,11759.20,12059.94,11680.00,11921.11,5859.83732437
1603238400,2020-10-21,11921.33,13235.00,11899.10,12802.67,20093.61486293
1603324800,2020-10-22,12802.63,13208.25,12686.73,12983.26,9277.56218571
1603411200,2020-10-23,12983.26,13037.26,12729.82,12941.59,4996.39791976
1603497600,2020-10-24,12940.03,13182.83,12887.38,13122.73,2820.82333324
1603584000,2020-10-25,13115.18,13363.53,12903.74,13039.09,3658.60280875
1603670400,2020-10-26,13041.12,13250.00,12773.50,13066.73,5725.19571956
1603756800,2020-10-27,13065.10,13788.00,13057.09,13647.90,11242.75450774
1603843200,2020-10-28,13642.31,13864.89,12892.00,13274.73,10670.86461819
1603929600,2020-10-29,13275.82,13650.00,12993.00,13468.44,8894.95694501
1604016000,2020-10-30,13456.14,13675.56,13129.26,13562.13,8981.11986042
1604102400,2020-10-31,13569.42,14100.00,13420.97,13816.08,6337.39292768
1604188800,2020-11-01,13799.44,13907.47,13629.31,13762.00,2534.08581497
1604275200,2020-11-02,13762.00,13842.50,13220.00,13563.72,7065.41110933
1604361600,2020-11-03,13578.82,14083.76,13287.70,14041.58,7225.86635614
1604448000,2020-11-04,14041.58,14277.50,13520.87,14160.59,10926.32680544
1604534400,2020-11-05,14168.49,15770.58,14100.00,15605.04,18422.63186045
1604620800,2020-11-06,15608.32,15968.98,15196.01,15598.09,13479.46706771
1604707200,2020-11-07,15603.28,15778.60,14351.00,14838.97,10933.92419186
1604793600,2020-11-08,14829.32,15664.90,14727.19,15489.15,5046.49916395
1604880000,2020-11-09,15484.68,15854.48,14824.66,15332.04,14466.07953692
1604966400,2020-11-10,15349.32,15482.76,15092.47,15313.65,8966.48171393
1605052800,2020-11-11,15314.94,15991.01,15290.85,15707.89,10013.26427187
1605139200,2020-11-12,15702.00,16369.99,15481.00,16300.00,16261.47118864
1605225600,2020-11-13,16300.00,16494.52,15970.33,16335.58,7843.22421583
1605312000,2020-11-14,16339.06,16341.89,15715.10,16086.34,5046.32670498
1605398400,2020-11-15,16092.80,16170.00,15786.46,15975.49,3225.70533016
1605484800,2020-11-16,15975.49,16894.93,15875.50,16724.62,7511.71484029
1605571200,2020-11-17,16727.85,17868.00,16570.00,17680.63,9824.73852957
1605657600,2020-11-18,17681.77,18483.00,17041.47,17785.95,15717.92072069
1605744000,2020-11-19,17792.96,18189.97,17346.62,17825.47,10506.69646215
1605830400,2020-11-20,17822.37,18824.88,17755.81,18687.65,10020.01351326
1605916800,2020-11-21,18685.08,18977.00,18333.45,18725.00,5937.50536305
1606003200,2020-11-22,18726.43,18770.55,17600.00,18435.20,6417.21771734
1606089600,2020-11-23,18432.60,18786.31,18001.95,18383.35,9412.08722183
1606176000,2020-11-24,18386.92,19442.13,18068.56,19160.85,13262.83116668
1606262400,2020-11-25,19175.13,19490.00,18470.91,18732.43,8962.62225501
1606348800,2020-11-26,18727.24,18911.04,16218.00,17160.09,21424.98655676
1606435200,2020-11-27,17168.31,17471.89,16435.47,17154.39,8964.83242941
1606521600,2020-11-28,17160.38,17896.03,16875.01,17741.79,4471.52202455
1606608000,2020-11-29,17724.41,18352.47,17534.87,18192.03,3736.15917940
1606694400,2020-11-30,18196.75,19864.15,18196.75,19700.19,10612.67092499
1606780800,2020-12-01,19703.53,19918.01,18100.00,18771.43,11799.58943351
1606867200,2020-12-02,18773.21,19346.90,18334.00,19226.55,6749.36401948
1606953600,2020-12-03,19220.09,19621.00,18881.62,19448.40,6196.52507218
1607040000,2020-12-04,19439.94,19552.50,18573.89,18673.76,6261.69674357
1607126400,2020-12-05,18650.08,19185.17,18500.00,19162.16,2376.72322359
1607212800,2020-12-06,19162.17,19418.39,18870.62,19380.58,2503.45426290
1607299200,2020-12-07,19385.13,19431.00,18905.00,19173.50,4323.27044132
1607385600,2020-12-08,19183.13,19300.55,18163.52,18316.43,5979.96623279
1607472000,2020-12-09,18311.31,18654.92,17640.33,18556.64,8906.94524733
1607558400,2020-12-10,18546.38,18562.13,17908.00,18250.30,6784.45549144
1607644800,2020-12-11,18250.30,18290.43,17569.58,18040.02,6687.92267389
1607731200,2020-12-12,18031.23,18956.46,18022.55,18815.63,3515.32704607
1607817600,2020-12-13,18806.83,19416.64,18628.10,19162.36,4251.96121032
1607904000,2020-12-14,19151.82,19346.90,18979.21,19274.33,3618.37690457
1607990400,2020-12-15,19274.33,19567.84,19050.00,19434.87,6750.77219425
1608076800,2020-12-16,19434.55,21576.76,19277.66,21365.70,14974.62184371
1608163200,2020-12-17,21358.96,23777.00,21244.04,22814.24,22626.69253048
1608249600,2020-12-18,22829.89,23284.68,22360.93,23136.14,11360.33890442
1608336000,2020-12-19,23142.05,24217.38,22719.78,23842.99,8672.03769610
1608422400,2020-12-20,23842.38,24298.04,23092.77,23470.85,5095.96264009
1608508800,2020-12-21,23470.85,24123.83,21864.86,22732.01,12675.12801873
1608595200,2020-12-22,22750.07,23843.21,22383.59,23835.10,9367.60948339
1608681600,2020-12-23,23819.08,24096.90,22624.92,23247.71,11541.96937133
1608768000,2020-12-24,23215.00,23779.14,22700.10,23726.28,7185.48205493
1608854400,2020-12-25,23747.22,24777.00,23403.82,24705.15,6469.22897257
1608940800,2020-12-26,24714.01,26809.50,24485.32,26466.28,7491.46184626
1609027200,2020-12-27,26472.89,28377.94,25770.00,26259.60,13234.33412894
1609113600,2020-12-28,26242.82,27473.49,26079.60,27037.91,7987.77761059
1609200000,2020-12-29,27037.90,27395.00,25831.85,27370.00,9577.27829174
1609286400,2020-12-30,27370.00,29010.32,27328.37,28881.30,11741.73338120
1609372800,2020-12-31,28893.21,29300.00,27930.75,28992.79,9477.67661813
1609459200,2021-01-01,28999.63,29700.00,28720.00,29402.64,8781.46555456
1609545600,2021-01-02,29410.77,33333.00,29050.00,32216.53,17867.87889850
1609632000,2021-01-03,32216.51,34800.00,31977.45,33097.83,14160.58128010
1609718400,2021-01-04,33068.83,33669.76,27734.00,32005.88,22446.94000548
1609804800,2021-01-05,32054.23,34500.00,29936.26,34039.05,14806.49650719
1609891200,2021-01-06,34081.24,37050.83,33348.27,36849.94,19219.28788972
1609977600,2021-01-07,36875.96,40402.46,36327.50,39510.49,23102.26120863
1610064000,2021-01-08,39510.59,42000.00,36618.36,40667.07,22183.95174233
1610150400,2021-01-09,40682.76,41422.77,38788.16,40239.06,8535.84731272
1610236800,2021-01-10,40239.06,41450.00,34322.07,38173.73,16218.99740520
1610323200,2021-01-11,38164.88,38261.39,30261.13,35455.58,40786.96425433
1610409600,2021-01-12,35449.71,36639.23,32479.91,34035.02,18267.87445007
1610496000,2021-01-13,34035.02,37800.00,32327.76,37393.49,13662.38751261
1610582400,2021-01-14,37393.49,40112.78,36717.23,39134.35,10923.50473340
1610668800,2021-01-15,39147.98,39694.00,34380.00,36756.57,13499.11727006
1610755200,2021-01-16,36778.66,37944.12,35350.00,36000.00,7688.58269814
1610841600,2021-01-17,36013.51,36839.00,33833.55,35819.25,6821.71255949
1610928000,2021-01-18,35826.36,37449.86,34777.85,36616.95,6251.21454140
1611014400,2021-01-19,36665.82,37874.71,35888.00,35917.62,6578.85825052
1611100800,2021-01-20,35888.13,36440.10,33400.00,35496.91,12160.46753333
1611187200,2021-01-21,35516.17,35620.96,30044.16,30818.18,21214.64125810
1611273600,2021-01-22,30817.86,33864.85,28800.00,32992.06,17019.58345080
1611360000,2021-01-23,32989.10,33468.46,31426.11,32117.49,5255.74586786
1611446400,2021-01-24,32098.38,33075.75,30960.77,32288.83,4658.70962563
1611532800,2021-01-25,32289.06,34888.00,31939.12,32261.22,10038.75547087
1611619200,2021-01-26,32264.15,32953.28,30847.40,32504.53,11554.91101117
1611705600,2021-01-27,32521.65,32580.12,29150.49,30424.62,22403.70666206
1611792000,2021-01-28,30427.34,33870.58,29899.99,33484.87,17879.35697563
1611878400,2021-01-29,33488.66,38620.00,31990.00,34249.64,31439.61903418
1611964800,2021-01-30,34265.71,34931.39,32860.00,34323.00,7281.28566632
1612051200,2021-01-31,34300.19,34380.21,32193.70,33141.38,4750.12315608
1612137600,2021-02-01,33110.32,34736.10,32333.01,33532.74,8374.05662032
1612224000,2021-02-02,33497.16,36008.67,33431.67,35522.16,7225.86501969
1612310400,2021-02-03,35496.91,37732.87,35382.45,37691.63,8777.33287657
1612396800,2021-02-04,37693.00,38748.52,36197.65,36996.32,11762.80234811
1612483200,2021-02-05,36984.28,38359.69,36618.36,38320.00,5211.97488137
1612569600,2021-02-06,38320.00,41025.48,38230.81,39282.10,8635.66020711
1612656000,2021-02-07,39274.80,39727.44,37412.93,38858.39,5973.24016085
1612742400,2021-02-08,38870.36,46712.12,38050.97,46416.45,19053.71343569
1612828800,2021-02-09,46445.51,48216.09,45000.00,46505.20,12505.08248337
1612915200,2021-02-10,46493.90,47364.09,43746.06,44854.63,9483.32895640
1613001600,2021-02-11,44854.63,48696.84,44040.96,47981.48,9390.81635484
1613088000,2021-02-12,48044.88,49000.00,46231.16,47395.84,5970.13590277
1613174400,2021-02-13,47424.25,48220.00,46133.00,47228.48,4271.67215148
1613260800,2021-02-14,47258.66,49714.66,47081.02,48662.50,5201.69392560
1613347200,2021-02-15,48620.48,49048.82,45914.75,47942.57,6924.33408866
1613433600,2021-02-16,47954.05,50602.53,47036.02,49166.53,8376.07608814
1613520000,2021-02-17,49136.70,52640.00,48896.19,52174.28,9571.64796874
1613606400,2021-02-18,52141.23,52566.98,50869.61,51579.54,6330.14291878
1613692800,2021-02-19,51560.46,56399.99,50627.32,55988.58,9229.78250415
1613779200,2021-02-20,56000.59,57553.81,54000.00,55936.04,5187.25046252
1613865600,2021-02-21,55919.75,58354.14,55537.99,57492.91,3562.96950963
1613952000,2021-02-22,57485.74,57564.19,47400.00,54173.65,17002.83273081
1614038400,2021-02-23,54173.64,54196.58,44845.72,48887.93,17766.39814895
1614124800,2021-02-24,48927.33,51459.51,47000.00,49754.00,8774.36674339
1614211200,2021-02-25,49715.13,52079.16,46723.00,47088.58,7920.69294708
1614297600,2021-02-26,47070.18,48476.62,44151.97,46314.83,8126.22740854
1614384000,2021-02-27,46324.15,48365.31,45050.00,46109.98,3071.56836645
1614470400,2021-02-28,46142.10,46659.88,43021.00,45240.96,6668.91811403
1614556800,2021-03-01,45261.56,49831.52,45020.25,49629.33,8512.75943780
1614643200,2021-03-02,49641.89,50250.00,47069.52,48516.35,4945.78880692
1614729600,2021-03-03,48438.00,52652.82,48168.45,50379.68,6151.48715250
1614816000,2021-03-04,50376.05,51817.54,47500.00,48360.50,5641.61213573
1614902400,2021-03-05,48353.09,49471.24,46294.00,48739.21,5219.24690875
1614988800,2021-03-06,48774.67,49200.00,47082.29,48904.63,2141.06029528
1615075200,2021-03-07,48933.12,51477.53,48933.12,50967.30,2818.44991057
1615161600,2021-03-08,50952.55,52427.80,49316.98,52427.80,4419.56113432
1615248000,2021-03-09,52427.80,54939.26,51857.00,54929.02,5428.89224399
1615334400,2021-03-10,54927.29,57402.89,53010.00,55852.29,6916.27818124
1615420800,2021-03-11,55918.09,58155.99,54269.00,57772.09,6640.48776529
1615507200,2021-03-12,57847.92,58098.50,55011.00,57271.04,5232.31057076
1615593600,2021-03-13,57297.67,61781.83,56080.96,61165.19,6187.83400169
1615680000,2021-03-14,61177.03,61700.00,58959.57,59016.39,3274.12215493
1615766400,2021-03-15,58956.90,60595.13,54555.00,55644.37,7725.21404982
1615852800,2021-03-16,55616.42,56950.00,53221.00,56908.34,7733.22669474
1615939200,2021-03-17,56928.38,58968.80,54124.00,58901.80,5840.07702599
1616025600,2021-03-18,58939.73,60083.25,57000.00,57648.05,5516.46389423
1616112000,2021-03-19,57648.01,59450.95,56279.34,58072.00,3523.48233151
1616198400,2021-03-20,58029.94,59957.00,57815.61,58138.39,2382.94564802
1616284800,2021-03-21,58072.87,58632.52,55500.00,57381.79,3628.79780904
1616371200,2021-03-22,57410.54,58461.78,53715.00,54070.92,6566.96696309
1616457600,2021-03-23,54117.71,55866.44,52933.03,54361.57,4996.46365198
1616544000,2021-03-24,54360.07,57207.33,51638.76,52287.52,6867.56433680
1616630400,2021-03-25,52281.77,53271.59,50360.00,51326.11,6682.61740401
1616716800,2021-03-26,51292.65,55114.86,51263.38,55081.37,4874.25111496
1616803200,2021-03-27,55081.26,56686.15,53948.35,55839.42,2609.96757961
1616889600,2021-03-28,55817.85,56573.04,54677.51,55790.92,2073.44919140
1616976000,2021-03-29,55790.28,58402.68,54892.42,57600.10,5360.42566319
1617062400,2021-03-30,57623.66,59388.66,57011.00,58760.59,3392.33861916
1617148800,2021-03-31,58767.75,59816.17,56713.45,58782.58,4595.25252072
1617235200,2021-04-01,58789.96,59490.00,57935.42,58728.53,2786.58091029
1617321600,2021-04-02,58744.00,60103.04,58450.00,59003.60,2564.60002070
1617408000,2021-04-03,58967.61,59801.39,56922.00,57064.42,1663.26835296
1617494400,2021-04-04,57064.13,58501.00,56466.25,58212.18,1440.63181986
1617580800,2021-04-05,58213.69,59280.00,56800.00,59125.00,2402.43713513
1617667200,2021-04-06,59135.36,59473.90,57216.00,58018.30,2711.39784733
1617753600,2021-04-07,58024.90,58668.00,55441.93,55932.83,5454.57661606
1617840000,2021-04-08,55912.38,58145.49,55680.40,58096.60,4586.80685854
1617926400,2021-04-09,58066.18,58890.25,57657.43,58109.56,2660.64809651
1618012800,2021-04-10,58129.02,61222.22,57870.00,59766.93,3917.95081704
1618099200,2021-04-11,59773.19,60679.00,59165.15,59979.26,1822.72044967
1618185600,2021-04-12,59972.26,61234.56,59361.11,59831.66,3707.43645474
1618272000,2021-04-13,59814.87,63769.00,59780.00,63564.48,5711.52676941
1618358400,2021-04-14,63605.69,64895.22,61327.00,62986.09,6002.89354304
1618444800,2021-04-15,62954.20,63855.37,61998.90,63239.19,3433.44934498
1618531200,2021-04-16,63247.24,63580.40,60042.04,61436.24,5778.81668659
1618617600,2021-04-17,61436.23,62596.48,59676.67,60032.29,3091.48365756
1618704000,2021-04-18,60048.82,60433.81,51541.16,56280.60,12869.85937399
1618790400,2021-04-19,56260.83,57633.00,54252.88,55694.55,5791.23906226
1618876800,2021-04-20,55694.55,57119.00,53400.00,56503.19,5863.88283884
1618963200,2021-04-21,56493.02,56850.00,53628.79,53806.24,4578.25708723
1619049600,2021-04-22,53823.48,55491.80,50450.01,51683.95,7838.95634691
1619136000,2021-04-23,51693.98,52131.34,47555.00,51176.65,11649.31918465
1619222400,2021-04-24,51177.77,51227.38,48713.34,50118.94,3445.13658315
1619308800,2021-04-25,50126.34,50608.94,47004.20,49128.43,4167.43570798
1619395200,2021-04-26,49122.75,54404.78,48823.01,54073.41,6046.79682802
1619481600,2021-04-27,54015.32,55519.37,53325.75,55091.39,4111.12521596
1619568000,2021-04-28,55094.73,56500.00,53811.49,54901.97,4542.50992013
1619654400,2021-04-29,54898.45,55239.33,52379.90,53593.97,4172.67670698
1619740800,2021-04-30,53585.93,58008.00,53087.15,57775.27,4809.18204712
1619827200,2021-05-01,57790.66,58549.00,57049.63,57851.91,2248.55545142
1619913600,2021-05-02,57893.01,57967.01,56064.51,56622.66,1887.08427188
1620000000,2021-05-03,56599.91,59000.00,56500.00,57222.37,3636.51735676
1620086400,2021-05-04,57227.64,57250.85,53080.69,53236.84,5747.19401914
1620172800,2021-05-05,53221.75,57976.62,52924.50,57509.93,5504.55788108
1620259200,2021-05-06,57517.08,58420.83,55283.00,56447.39,5144.23317131
1620345600,2021-05-07,56425.82,58743.85,55288.11,57381.73,4234.70954424
1620432000,2021-05-08,57371.02,59564.24,56977.50,58984.75,2928.99345356
1620518400,2021-05-09,58964.89,59300.62,56256.00,58305.24,2589.62561937
1620604800,2021-05-10,58336.16,59603.00,53500.00,55880.72,6589.42714030
1620691200,2021-05-11,55854.43,56972.33,54500.00,56763.70,4203.16906929
1620777600,2021-05-12,56763.70,58021.26,48530.00,49386.56,6367.35410217
1620864000,2021-05-13,49419.44,51420.72,45700.00,49694.96,9096.38363317
1620950400,2021-05-14,49711.64,51572.00,48875.69,49880.43,4011.08190380
1621036800,2021-05-15,49883.89,50710.93,46448.53,46708.89,3613.92837843
1621123200,2021-05-16,46753.40,49800.00,43769.40,46444.75,5750.08326356
1621209600,2021-05-17,46446.42,46648.50,42100.00,43593.39,12262.72268102
1621296000,2021-05-18,43581.27,45872.05,42023.69,42877.75,6275.91387222
1621382400,2021-05-19,42900.85,43601.63,30066.00,36780.43,32468.86397019
1621468800,2021-05-20,36793.39,43000.00,35000.00,40640.90,14703.03041947
1621555200,2021-05-21,40566.13,42297.89,33520.00,37335.16,13106.84060164
1621641600,2021-05-22,37318.43,38887.99,35260.00,37500.54,5720.00562166
1621728000,2021-05-23,37474.34,38311.74,31107.46,34706.79,9376.29208573
1621814400,2021-05-24,34735.35,39960.00,34426.21,38839.86,10213.18324641
1621900800,2021-05-25,38848.36,40000.00,36486.85,38397.72,5765.34726030
1621987200,2021-05-26,38385.87,40904.00,37859.74,39309.56,4205.61283515
1622073600,2021-05-27,39299.46,40429.47,37212.90,38503.47,4113.43820958
1622160000,2021-05-28,38578.50,38905.12,34710.23,35692.46,6167.02059154
1622246400,2021-05-29,35691.36,37348.01,33650.00,34632.08,4457.16762006
1622332800,2021-05-30,34644.09,36516.99,33425.00,35677.72,2979.71977699
1622419200,2021-05-31,35675.30,37540.96,34195.20,37341.41,4383.79233382
1622505600,2021-06-01,37279.89,37927.44,35699.98,36693.30,4348.75448360
1622592000,2021-06-02,36693.30,38256.30,35933.19,37589.36,4270.10341121
1622678400,2021-06-03,37585.12,39490.00,37176.06,39219.88,4058.94293164
1622764800,2021-06-04,39242.94,39277.36,35576.67,36887.32,5786.18608707
1622851200,2021-06-05,36851.58,37927.93,34849.65,35532.14,4106.34880652
1622937600,2021-06-06,35532.59,36510.58,35250.00,35808.85,2526.73361997
1623024000,2021-06-07,35810.69,36808.30,33321.09,33582.62,4913.04022502
1623110400,2021-06-08,33567.51,34085.61,31025.00,33411.69,9044.64846998
1623196800,2021-06-09,33413.19,37556.25,32423.72,37400.00,8539.58734220
1623283200,2021-06-10,37414.64,38446.24,35824.69,36707.54,5761.72488740
1623369600,2021-06-11,36724.97,37680.65,35958.49,37341.11,3741.23051559
1623456000,2021-06-12,37338.91,37445.55,34630.00,35542.76,3727.95235350
1623542400,2021-06-13,35563.66,39386.43,34783.90,39013.76,3601.91766642
1623628800,2021-06-14,39035.52,41050.00,38758.40,40532.79,6281.28059699
1623715200,2021-06-15,40544.19,41341.57,39526.47,40171.47,4078.80197440
1623801600,2021-06-16,40166.93,40506.59,38095.41,38353.99,4008.51296381
1623888000,2021-06-17,38361.38,39553.05,37350.00,38097.68,3569.25261640
1623974400,2021-06-18,38110.25,38208.68,35143.68,35840.00,4240.40486721
1624060800,2021-06-19,35849.18,36440.00,34718.21,35507.06,3129.33472247
1624147200,2021-06-20,35494.70,36125.00,33337.00,35589.77,3958.11811992
1624233600,2021-06-21,35598.66,35763.80,31238.69,31634.16,8580.06222043
1624320000,2021-06-22,31628.83,33315.85,28600.00,32545.26,9778.51694548
1624406400,2021-06-23,32547.57,35000.00,31670.89,33652.28,5855.58129399
1624492800,2021-06-24,33693.99,35289.00,32314.37,34649.32,4725.82718452
1624579200,2021-06-25,34652.68,35517.22,31271.02,31597.75,5099.26353351
1624665600,2021-06-26,31595.95,32714.46,30082.79,32269.38,3300.16005776
1624752000,2021-06-27,32293.98,34772.94,32015.82,34699.50,3260.56534452
1624838400,2021-06-28,34716.02,35357.13,33878.23,34487.11,3369.99371686
1624924800,2021-06-29,34494.42,36623.79,34240.00,35907.93,3179.50783988
1625011200,2021-06-30,35900.05,36099.82,34049.36,35037.23,3381.04539530
1625097600,2021-07-01,35059.71,35071.34,32700.88,33564.21,3118.76325902
1625184000,2021-07-02,33537.11,33981.51,32700.05,33811.56,2086.83881625
1625270400,2021-07-03,33810.46,34959.72,33333.10,34688.30,1244.49692391
1625356800,2021-07-04,34672.08,35960.00,34404.29,35289.21,1204.00371528
1625443200,2021-07-05,35255.00,35258.70,33143.00,33704.21,2254.35340918
1625529600,2021-07-06,33730.76,35100.49,33510.58,34244.09,2386.50511711
1625616000,2021-07-07,34231.95,35059.02,33800.00,33882.47,1540.04244824
1625702400,2021-07-08,33858.33,33943.02,32101.00,32898.79,2945.85492495
1625788800,2021-07-09,32892.94,34115.44,32285.73,33826.43,1636.57507041
1625875200,2021-07-10,33830.73,34261.04,33014.21,33517.60,1442.42483187
1625961600,2021-07-11,33521.48,34635.82,33335.49,34258.53,1635.01765874
1626048000,2021-07-12,34266.84,34677.00,32660.00,33105.00,1879.53733471
1626134400,2021-07-13,33091.53,33340.00,32190.00,32728.00,1870.57403303
1626220800,2021-07-14,32737.56,33111.72,31589.35,32823.55,2753.09806091
1626307200,2021-07-15,32818.68,33179.00,31121.57,31848.65,2470.21303625
1626393600,2021-07-16,31885.70,32264.53,31012.93,31388.17,1912.46866725
1626480000,2021-07-17,31376.30,31950.00,31176.66,31529.68,1550.07201059
1626566400,2021-07-18,31509.33,32440.98,31100.00,31776.65,1256.54606075
1626652800,2021-07-19,31794.49,31881.71,30400.00,30829.29,2506.27744084
1626739200,2021-07-20,30822.08,31068.62,29296.39,29786.58,3413.24206454
1626825600,2021-07-21,29792.99,32875.42,29500.00,32138.45,4842.16399723
1626912000,2021-07-22,32115.82,32609.83,31703.15,32300.88,2392.46948134
1626998400,2021-07-23,32306.98,33684.17,32000.00,33684.17,1976.38421775
1627084800,2021-07-24,33685.00,34534.32,33419.31,34301.78,1440.46627864
1627171200,2021-07-25,34301.86,35448.97,33874.03,35428.28,2063.49425027
1627257600,2021-07-26,35438.93,40581.30,35282.70,37291.24,8840.39875048
1627344000,2021-07-27,37271.44,39539.50,36386.19,39475.41,5896.66715588
1627430400,2021-07-28,39446.94,40927.53,38786.80,40036.32,3943.47800378
1627516800,2021-07-29,40024.80,40662.80,39239.95,40037.51,2306.03838571
1627603200,2021-07-30,40045.21,42335.50,38331.37,42234.89,3651.71579023
1627689600,2021-07-31,42236.72,42411.32,41007.51,41490.13,1507.86822076
1627776000,2021-08-01,41489.16,42614.85,39424.27,39839.00,2042.01706796
1627862400,2021-08-02,39875.20,40459.31,38687.62,39165.55,2407.96526999
1627948800,2021-08-03,39157.52,39792.83,37639.00,38177.07,3279.64493738
1628035200,2021-08-04,38173.75,39973.94,37481.00,39741.12,4080.83535873
1628121600,2021-08-05,39742.77,41401.96,37300.00,40894.67,5804.40706860
1628208000,2021-08-06,40893.77,43381.00,39879.47,42856.59,2937.38483944
1628294400,2021-08-07,42857.09,44763.14,42251.00,44612.94,4886.93838098
1628380800,2021-08-08,44624.40,45355.00,43298.84,43858.42,3647.13062980
1628467200,2021-08-09,43836.05,46529.02,42811.26,46292.89,4961.58828106
1628553600,2021-08-10,46282.30,46759.00,44643.00,45609.70,2390.08850832
1628640000,2021-08-11,45596.21,46787.60,45353.02,45539.85,2606.12636675
1628726400,2021-08-12,45536.80,46236.70,43800.02,44444.45,2463.50628392
1628812800,2021-08-13,44413.35,47929.18,44253.97,47860.58,2934.74203072
1628899200,2021-08-14,47855.00,48190.00,46000.00,47119.73,1908.95141153
1628985600,2021-08-15,47130.97,47424.00,45500.27,47028.30,1726.79562797
1629072000,2021-08-16,47024.96,48075.22,45654.14,45930.51,2410.15099528
1629158400,2021-08-17,45930.48,47183.37,44417.51,44694.35,3286.27326450
1629244800,2021-08-18,44631.47,46041.62,44218.73,44721.13,2247.93415783
1629331200,2021-08-19,44734.16,47114.99,43935.54,46764.30,2776.23768490
1629417600,2021-08-20,46759.29,49436.10,46645.77,49356.00,2815.55159523
1629504000,2021-08-21,49332.31,49833.02,48300.00,48884.34,1768.24156609
1629590400,2021-08-22,48883.84,49540.01,48080.17,49301.86,985.76533304
1629676800,2021-08-23,49296.71,50562.11,49010.00,49561.37,2419.86814706
1629763200,2021-08-24,49516.08,49893.50,47593.66,47731.33,2217.80305724
1629849600,2021-08-25,47670.80,49273.93,47100.00,49011.75,1902.72053396
1629936000,2021-08-26,49022.39,49387.60,46309.33,46856.29,2091.10982610
1630022400,2021-08-27,46857.86,49187.00,46363.00,49100.49,1943.55725598
1630108800,2021-08-28,49100.49,49325.00,48244.88,48935.36,692.70588551
1630195200,2021-08-29,48947.10,49666.00,47798.29,48808.72,1044.48189034
1630281600,2021-08-30,48782.56,48915.29,46855.41,47003.44,1676.48255108
1630368000,2021-08-31,46969.05,48270.33,46699.00,47156.09,2239.16770320
1630454400,2021-09-01,47118.02,49134.00,46532.42,48853.49,2194.63007880
1630540800,2021-09-02,48830.93,50390.00,48625.00,49274.79,2267.93197524
1630627200,2021-09-03,49284.93,51050.00,48351.60,50025.04,2226.78294854
1630713600,2021-09-04,50033.50,50570.94,49388.26,49943.16,869.28839285
1630800000,2021-09-05,49965.32,51900.00,49500.00,51809.28,986.48708300
1630886400,2021-09-06,51809.28,52810.00,51024.32,52708.20,2057.32862241
1630972800,2021-09-07,52719.43,52956.47,42900.01,46866.82,6811.92218815
1631059200,2021-09-08,46894.30,47386.72,44436.93,46091.94,3309.09834404
1631145600,2021-09-09,46070.43,47419.95,45550.00,46392.81,2595.98696952
1631232000,2021-09-10,46368.11,47029.08,44125.00,44857.38,2392.57110617
1631318400,2021-09-11,44858.20,45993.32,44767.75,45176.66,906.80620376
1631404800,2021-09-12,45162.96,46491.63,44752.96,46035.00,1015.76215832
1631491200,2021-09-13,46039.42,46895.82,43400.00,44974.34,2308.42207379
1631577600,2021-09-14,44983.77,47273.38,44704.18,47103.18,1643.95662405
1631664000,2021-09-15,47123.81,48465.77,46702.26,48150.94,1307.24871087
1631750400,2021-09-16,48188.12,48505.00,47035.00,47760.64,1886.04173385
1631836800,2021-09-17,47773.44,48179.00,46712.14,47305.18,1558.52317573
1631923200,2021-09-18,47316.21,48834.00,47052.90,48326.74,1452.50623073
1632009600,2021-09-19,48307.05,48389.52,46860.00,47245.25,999.59599085
1632096000,2021-09-20,47257.86,47334.54,42453.97,43035.99,4240.48541968
1632182400,2021-09-21,43003.07,43643.34,39573.21,40596.54,5961.58790269
1632268800,2021-09-22,40702.07,44031.85,40580.18,43589.53,3040.94514066
1632355200,2021-09-23,43586.00,45013.17,43105.00,44903.50,2317.75578384
1632441600,2021-09-24,44893.70,45159.90,40693.27,42848.50,4348.92828394
1632528000,2021-09-25,42835.88,43010.69,41689.60,42722.19,879.19677382
1632614400,2021-09-26,42699.10,43956.38,40808.00,43204.73,1659.78466242
1632700800,2021-09-27,43162.82,44377.70,42130.00,42189.81,1936.64957217
1632787200,2021-09-28,42154.87,42778.93,40888.00,41049.00,2246.85357977
1632873600,2021-09-29,41024.21,42595.93,40750.00,41542.90,1804.77808474
1632960000,2021-09-30,41537.56,44117.74,41427.87,43834.43,2614.50420927
1633046400,2021-10-01,43835.47,48500.00,43291.07,48171.86,3446.87226506
1633132800,2021-10-02,48185.61,48361.83,47468.15,47685.80,1361.84402667
1633219200,2021-10-03,47644.63,49225.55,47119.87,48235.93,1164.60296870
1633305600,2021-10-04,48231.04,49530.53,46900.00,49242.14,2737.78053315
1633392000,2021-10-05,49283.89,51914.68,49075.00,51501.19,2206.59644303
1633478400,2021-10-06,51521.89,55800.00,50428.64,55345.79,4441.90271751
1633564800,2021-10-07,55360.10,55360.32,53289.57,53787.60,2349.70121453
1633651200,2021-10-08,53816.16,56168.00,53623.02,53957.21,2217.75513685
1633737600,2021-10-09,53952.82,55512.05,53674.69,54976.92,1061.02324334
1633824000,2021-10-10,54984.49,56561.00,51000.00,54714.95,1735.42193508
1633910400,2021-10-11,54657.00,57855.79,54462.45,57485.20,1955.78560334
1633996800,2021-10-12,57490.00,57701.00,53909.00,55995.49,3224.83970306
1634083200,2021-10-13,56004.61,57773.89,54231.00,57374.55,3359.69683046
1634169600,2021-10-14,57395.84,58550.00,56830.56,57371.58,1879.45401231
1634256000,2021-10-15,57370.48,62944.94,56877.00,61657.35,4205.42307030
1634342400,2021-10-16,61703.45,62352.00,60100.27,60870.26,1263.44800176
1634428800,2021-10-17,60885.27,61712.00,58933.00,61538.97,1261.12996084
1634515200,2021-10-18,61519.52,62679.00,59013.00,62034.65,5754.55184160
1634601600,2021-10-19,62014.99,64499.00,61350.00,64241.61,3253.73979225
1634688000,2021-10-20,64282.20,67016.50,63529.00,65990.31,3070.68430005
1634774400,2021-10-21,66027.81,66664.10,61850.00,62219.44,3891.52853281
1634860800,2021-10-22,62207.51,63757.28,59953.74,60702.68,3159.42528548
1634947200,2021-10-23,60698.54,61737.38,59633.61,61338.76,1056.07965827
1635033600,2021-10-24,61306.64,61497.33,59510.00,60910.16,1204.84773547
1635120000,2021-10-25,60883.96,63733.93,60670.00,63101.43,1730.14621615
1635206400,2021-10-26,63101.43,63299.30,59830.00,60328.22,1965.54522515
1635292800,2021-10-27,60331.40,61489.00,58100.01,58465.90,3479.73809611
1635379200,2021-10-28,58471.06,62524.00,56425.00,60592.76,3769.75506439
1635465600,2021-10-29,60608.95,62971.54,60154.53,62301.59,3884.64236172
1635552000,2021-10-30,62278.92,62376.32,60660.02,61932.30,1542.31917477
1635638400,2021-10-31,61904.96,62438.85,60000.00,61359.44,1548.12901591
1635724800,2021-11-01,61356.57,62500.00,59500.00,60922.85,2507.39797107
1635811200,2021-11-02,60949.78,64300.00,60669.91,63260.00,3336.52681752
1635897600,2021-11-03,63260.00,63567.21,60018.46,62930.72,2148.47086339
1635984000,2021-11-04,62945.38,63136.82,60725.00,61457.25,1507.54272229
1636070400,2021-11-05,61430.02,62666.52,60769.17,61031.91,1569.40792218
1636156800,2021-11-06,61008.19,61609.50,60109.91,61542.44,1268.51181970
1636243200,2021-11-07,61542.43,63300.00,61396.57,63300.00,1115.66885061
1636329600,2021-11-08,63300.00,67803.55,63300.00,67559.00,2715.42386367
1636416000,2021-11-09,67547.49,68564.40,66250.00,66945.72,2136.85836086
1636502400,2021-11-10,66928.42,69000.00,62856.71,64921.43,3419.11869317
1636588800,2021-11-11,64919.18,65625.44,64140.00,64821.33,1583.28379977
1636675200,2021-11-12,64783.13,65497.53,62294.84,64158.41,2519.30730563
1636761600,2021-11-13,64140.23,64980.00,63400.00,64417.52,830.13101807
1636848000,2021-11-14,64403.43,65509.87,63595.76,65509.87,1247.88451724
1636934400,2021-11-15,65509.87,66387.40,63348.91,63606.09,2000.82362240
1637020800,2021-11-16,63621.61,63628.00,58563.00,60142.31,4632.77331708
1637107200,2021-11-17,60115.12,60888.50,58400.00,60373.65,3716.81055911
1637193600,2021-11-18,60376.94,60978.39,56516.44,56917.66,6160.70975752
1637280000,2021-11-19,56924.94,58402.05,55640.00,58128.55,3277.02585927
1637366400,2021-11-20,58126.46,59896.54,57424.27,59768.54,1172.15930996
1637452800,2021-11-21,59785.85,60090.55,58525.84,58678.47,895.67509480
1637539200,2021-11-22,58679.27,59516.78,55628.57,56294.11,2943.16337271
1637625600,2021-11-23,56283.80,57897.54,55128.60,57579.99,2732.08480061
1637712000,2021-11-24,57583.91,57750.20,55894.62,57185.06,1809.45432912
1637798400,2021-11-25,57169.19,59445.45,57044.42,58990.14,1362.17480499
1637884800,2021-11-26,59004.88,59207.36,53524.03,53789.35,5221.84056738
1637971200,2021-11-27,53794.32,55382.00,53653.45,54774.66,1360.56586778
1638057600,2021-11-28,54764.24,57482.42,53308.93,57338.55,1377.55454862
1638144000,2021-11-29,57327.32,58931.07,56750.00,57845.12,2069.73496900
1638230400,2021-11-30,57843.33,59250.00,55918.80,56974.12,3562.71762735
1638316800,2021-12-01,57027.28,59099.64,56469.22,57251.59,2515.54071956
1638403200,2021-12-02,57232.71,57413.52,55839.85,56547.96,2758.14469791
1638489600,2021-12-03,56534.26,57652.00,51556.01,53743.69,2964.76818531
1638576000,2021-12-04,53685.47,53877.77,41967.50,49234.97,10025.68966854
1638662400,2021-12-05,49240.81,49777.62,47836.34,49463.22,5156.66613697
1638748800,2021-12-06,49484.00,50986.00,47111.00,50555.00,4652.11767659
1638835200,2021-12-07,50550.09,51991.00,50062.13,50627.32,1719.31761862
1638921600,2021-12-08,50635.87,51249.41,48656.20,50543.30,1598.43571319
1639008000,2021-12-09,50535.15,50839.01,47332.43,47593.12,2585.43270776
1639094400,2021-12-10,47573.43,50132.88,46886.00,47142.42,2705.17070403
1639180800,2021-12-11,47179.53,49539.40,46789.00,49400.54,1323.03955982
1639267200,2021-12-12,49420.51,50800.00,48675.00,50124.38,1233.78838616
1639353600,2021-12-13,50102.31,50226.20,45750.00,46725.02,3337.44792896
1639440000,2021-12-14,46736.70,48689.30,46310.40,48389.96,2016.58981458
1639526400,2021-12-15,48386.95,49514.85,46560.00,48876.84,2593.35180959
1639612800,2021-12-16,48876.84,49449.00,47506.21,47663.42,1456.25725801
1639699200,2021-12-17,47654.99,48018.52,45478.74,46210.92,2077.28024679
1639785600,2021-12-18,46141.63,47370.14,45501.00,46881.87,827.39374258
1639872000,2021-12-19,46854.18,48307.34,46450.00,46704.67,1275.49937089
1639958400,2021-12-20,46671.66,47547.50,45572.94,46915.00,1726.01603262
1640044800,2021-12-21,46926.72,49353.49,46667.08,48929.86,1674.16446918
1640131200,2021-12-22,48907.75,49600.00,48449.87,48618.99,1306.16574192
1640217600,2021-12-23,48618.99,51386.66,48051.10,50850.00,1715.35802664
1640304000,2021-12-24,50850.00,51864.56,50442.34,50841.48,1446.08883091
1640390400,2021-12-25,50857.42,51179.36,50190.90,50442.22,823.04872916
1640476800,2021-12-26,50421.51,51292.65,49458.85,50791.21,1015.22197466
1640563200,2021-12-27,50885.32,52098.60,50479.44,50718.11,1102.98343745
1640649600,2021-12-28,50708.05,50719.59,47300.00,47543.30,2215.26863352
1640736000,2021-12-29,47597.70,48157.41,46099.94,46483.36,2089.30815829
1640822400,2021-12-30,46474.59,47916.32,45934.37,47150.71,2162.27044303
1640908800,2021-12-31,47110.30,48589.47,45655.31,46214.37,1798.55260406
1640995200,2022-01-01,46230.00,47960.98,46199.90,47777.42,741.52060313
1641081600,2022-01-02,47745.25,47989.00,46660.00,47350.22,702.09475540
1641168000,2022-01-03,47290.55,47586.58,45692.13,46439.89,1140.17908832
1641254400,2022-01-04,46464.01,47526.00,45539.05,45820.00,1832.61283694
1641340800,2022-01-05,45828.77,46855.06,42413.59,43435.80,3397.54577759
1641427200,2022-01-06,43417.31,43782.86,42414.00,43097.60,2450.11309350
1641513600,2022-01-07,43093.40,43135.35,40600.00,41535.66,2984.20586087
1641600000,2022-01-08,41576.73,42315.31,40517.05,41690.77,1581.47361959
1641686400,2022-01-09,41697.32,42796.49,41200.00,41875.81,1532.58823403
1641772800,2022-01-10,41853.98,42256.55,39558.70,41845.42,3494.01378649
1641859200,2022-01-11,41842.22,43144.74,41284.11,42736.00,2442.65415081
1641945600,2022-01-12,42754.44,44337.26,42471.17,43933.50,2502.76210107
1642032000,2022-01-13,43935.01,44456.34,42321.00,42571.94,1993.88324273
1642118400,2022-01-14,42579.44,43468.95,41782.21,43102.35,1386.83275834
1642204800,2022-01-15,43085.76,43826.80,42387.86,43102.01,707.65852297
1642291200,2022-01-16,43084.77,43495.59,42615.00,43107.70,621.95302734
1642377600,2022-01-17,43099.08,43209.47,41581.00,42255.07,1060.00938797
1642464000,2022-01-18,42230.09,42685.25,41290.06,42377.40,1638.87085963
1642550400,2022-01-19,42378.23,42589.90,41145.23,41683.21,1664.70405269
1642636800,2022-01-20,41733.21,43518.69,40554.14,40736.05,2425.15260695
1642723200,2022-01-21,40654.72,41115.58,35423.00,36495.46,6201.04610092
1642809600,2022-01-22,36447.37,36825.98,34000.00,35091.11,4510.37218636
1642896000,2022-01-23,35084.79,36574.47,34624.59,36293.62,2533.70397599
1642982400,2022-01-24,36262.21,38050.00,32950.72,36724.99,6335.15428027
1643068800,2022-01-25,36721.59,37552.30,35722.43,36975.91,2793.69107911
1643155200,2022-01-26,37006.76,38946.00,36279.21,36829.32,3663.15557069
1643241600,2022-01-27,36824.02,37251.00,35511.32,37208.36,3103.82301099
1643328000,2022-01-28,37179.62,38022.11,36173.98,37748.36,2420.65410706
1643414400,2022-01-29,37713.14,38741.67,37327.79,38192.65,1296.90892268
1643500800,2022-01-30,38176.45,38378.88,37372.59,37941.82,708.79481272
1643587200,2022-01-31,37914.10,38776.33,36631.66,38491.92,2009.13000337
1643673600,2022-02-01,38483.56,39285.00,38033.78,38733.04,2073.93871710
1643760000,2022-02-02,38768.08,38883.96,36618.36,36923.50,1672.70719509
1643846400,2022-02-03,36924.50,37391.74,36264.55,37320.11,1624.39014671
1643932800,2022-02-04,37330.75,41760.39,37064.28,41579.57,3901.59890405
1644019200,2022-02-05,41608.82,41983.12,40975.00,41427.72,1892.23797403
1644105600,2022-02-06,41422.70,42701.86,41141.81,42420.24,854.67571444
1644192000,2022-02-07,42420.24,44524.18,41682.11,43869.04,2601.46944039
1644278400,2022-02-08,43895.60,45501.00,42701.19,44091.56,2591.80146351
1644364800,2022-02-09,44106.95,44865.72,43164.00,44426.84,1625.88352507
1644451200,2022-02-10,44426.24,45850.00,43209.07,43524.60,2692.62339808
1644537600,2022-02-11,43540.15,43969.72,41983.12,42406.19,2170.37239741
1644624000,2022-02-12,42392.22,43034.00,41740.06,42241.11,892.34533043
1644710400,2022-02-13,42232.68,42779.60,41882.54,42077.74,515.45574228
1644796800,2022-02-14,42078.53,42871.68,41575.00,42540.30,1270.88651697
1644883200,2022-02-15,42567.27,44785.66,42469.96,44582.48,1772.92325828
1644969600,2022-02-16,44590.75,44590.75,43312.83,43901.48,1251.83359420
1645056000,2022-02-17,43901.49,44204.78,40088.88,40556.11,2437.49036088
1645142400,2022-02-18,40532.66,40996.31,39450.00,39996.99,2212.71492010
1645228800,2022-02-19,40008.75,40471.27,39587.08,40109.02,695.65429600
1645315200,2022-02-20,40108.62,40151.62,37974.18,38373.90,1283.51154740
1645401600,2022-02-21,38384.09,39494.11,36810.72,37076.60,3501.42036418
1645488000,2022-02-22,37036.98,38463.88,36368.99,38269.94,2388.75903515
1645574400,2022-02-23,38269.94,39303.24,37060.16,37274.18,1778.27525833
1645660800,2022-02-24,37253.26,39720.00,34324.05,38376.88,6302.85095659
1645747200,2022-02-25,38360.93,39727.97,38027.61,39231.64,2202.85182731
1645833600,2022-02-26,39242.64,40330.99,38600.00,39146.66,912.72408690
1645920000,2022-02-27,39146.66,39886.92,37015.74,37712.68,1701.81704307
1646006400,2022-02-28,37717.10,44256.08,37468.99,43178.98,3160.61807044
1646092800,2022-03-01,43221.71,44981.22,42847.85,44443.96,2831.29722228
1646179200,2022-03-02,44443.98,45332.38,43350.00,43936.72,2043.55683949
1646265600,2022-03-03,43936.73,44118.53,41832.34,42476.26,2253.43076958
1646352000,2022-03-04,42476.25,42540.57,38590.95,39175.56,2493.65743037
1646438400,2022-03-05,39170.19,39620.30,38600.30,39416.79,806.91142871
1646524800,2022-03-06,39390.31,39701.00,38100.00,38438.89,1194.37373381
1646611200,2022-03-07,38404.97,39557.26,37169.52,38016.47,1949.69691981
1646697600,2022-03-08,38002.23,39377.00,37885.05,38753.65,1864.90461382
1646784000,2022-03-09,38761.13,42591.68,38667.65,41960.02,1980.29362461
1646870400,2022-03-10,41952.13,42053.95,38545.19,39444.45,2506.23482676
1646956800,2022-03-11,39433.48,40237.22,38244.76,38729.79,2063.22335158
1647043200,2022-03-12,38729.79,39458.58,38653.89,38822.02,962.85566586
1647129600,2022-03-13,38798.68,39312.50,37595.62,37790.54,737.88013225
1647216000,2022-03-14,37763.37,39913.42,37567.19,39665.71,1439.76768221
1647302400,2022-03-15,39688.55,39896.13,38142.35,39302.70,1638.68402951
1647388800,2022-03-16,39302.80,41693.97,38865.67,41142.76,5987.10388902
1647475200,2022-03-17,41142.76,41497.24,40449.06,40963.22,1657.76165332
1647561600,2022-03-18,40963.22,42362.00,40068.88,41794.37,2125.12318171
1647648000,2022-03-19,41781.96,42405.01,41553.88,42235.31,976.88885105
1647734400,2022-03-20,42240.43,42324.06,40930.20,41242.14,1061.35307364
1647820800,2022-03-21,41293.19,41588.70,40516.86,41043.14,1779.49806583
1647907200,2022-03-22,41018.36,43337.41,40901.13,42393.41,2375.42465350
1647993600,2022-03-23,42393.62,43021.73,41779.11,42925.41,1906.72354645
1648080000,2022-03-24,42912.21,44240.00,42636.54,44025.99,2173.30497451
1648166400,2022-03-25,44025.99,45137.12,43616.88,44320.60,1725.07156990
1648252800,2022-03-26,44340.49,44815.31,44101.00,44535.65,494.72420210
1648339200,2022-03-27,44553.24,46950.00,44456.90,46864.39,1548.88890527
1648425600,2022-03-28,46854.96,48234.00,46672.25,47152.38,2691.93784761
1648512000,2022-03-29,47152.38,48128.87,46941.84,47459.03,1716.32392308
1648598400,2022-03-30,47459.03,47721.41,46572.15,47068.08,1627.54321756
1648684800,2022-03-31,47086.07,47624.18,45234.00,45517.27,1372.96510736
1648771200,2022-04-01,45522.53,46739.81,44244.00,46307.81,1953.21952857
1648857600,2022-04-02,46306.38,47218.17,45650.00,45820.28,724.30875007
1648944000,2022-04-03,45820.28,47458.48,45565.64,46401.57,1063.62873240
1649030400,2022-04-04,46414.88,46891.17,45124.79,46598.20,1496.64154125
1649116800,2022-04-05,46514.43,47201.00,45342.33,45502.73,1127.69043708
1649203200,2022-04-06,45512.95,45548.77,43086.80,43191.59,3073.55689716
1649289600,2022-04-07,43172.83,43896.45,42741.52,43454.53,1381.67737796
1649376000,2022-04-08,43467.82,43986.09,42120.00,42290.11,1453.74466100
1649462400,2022-04-09,42258.22,42807.63,42131.51,42767.89,525.17354399
1649548800,2022-04-10,42774.85,43450.72,41888.88,42133.85,862.61310467
1649635200,2022-04-11,42159.45,42415.57,39218.15,39524.86,2288.47921183
1649721600,2022-04-12,39545.37,40691.01,39273.65,40097.46,2111.92057359
1649808000,2022-04-13,40099.51,41557.61,39584.86,41147.74,1563.48448746
1649894400,2022-04-14,41159.29,41504.29,39582.53,39961.53,1169.49381805
1649980800,2022-04-15,39962.60,40869.99,39788.97,40563.18,752.39943803
1650067200,2022-04-16,40576.41,40701.00,40014.79,40395.67,365.72624783
1650153600,2022-04-17,40379.81,40602.69,39565.68,39691.27,485.00371860
1650240000,2022-04-18,39660.62,41101.00,38547.12,40814.60,2421.08185584
1650326400,2022-04-19,40814.60,41754.05,40578.58,41505.77,1457.11081239
1650412800,2022-04-20,41476.89,42220.04,40893.21,41375.85,1359.54131303
1650499200,2022-04-21,41378.77,42978.95,39770.00,40470.76,2163.31405365
1650585600,2022-04-22,40497.00,40808.66,39197.64,39726.03,2136.99977120
1650672000,2022-04-23,39700.55,39983.98,39301.00,39421.59,398.24448783
1650758400,2022-04-24,39438.51,39944.65,38987.00,39467.40,663.70417243
1650844800,2022-04-25,39464.67,40602.85,38202.91,40441.11,2220.04402771
1650931200,2022-04-26,40452.52,40800.00,37701.00,38137.67,2909.72251989
1651017600,2022-04-27,38105.68,39494.73,37885.75,39256.05,1769.00930667
1651104000,2022-04-28,39254.40,40387.00,38880.44,39754.20,1842.00508443
1651190400,2022-04-29,39753.28,39923.61,38174.27,38593.42,1600.89916681
1651276800,2022-04-30,38599.30,38786.95,37597.36,37639.80,728.27961992
1651363200,2022-05-01,37638.78,38672.20,37400.00,38488.34,1248.04269032
1651449600,2022-05-02,38484.46,39153.13,38045.79,38521.01,1434.10079893
1651536000,2022-05-03,38506.38,38641.57,37515.83,37729.95,1157.92207652
1651622400,2022-05-04,37735.35,40050.19,37665.46,39685.23,2297.27213438
1651708800,2022-05-05,39685.23,39840.37,35579.40,36533.93,3736.73012912
1651795200,2022-05-06,36542.41,36648.20,35268.69,36019.22,2594.53333069
1651881600,2022-05-07,36019.15,36123.99,34777.85,35463.46,1224.39699253
1651968000,2022-05-08,35465.46,35496.55,33710.16,34025.50,2670.39981616
1652054400,2022-05-09,34051.20,34224.35,30015.00,30082.00,7631.12166167
1652140800,2022-05-10,30066.48,32650.00,29731.03,30999.97,7402.30231296
1652227200,2022-05-11,31002.27,32148.15,27757.77,29000.00,11180.84883589
1652313600,2022-05-12,28999.99,30090.70,25401.05,28896.19,16578.81059900
1652400000,2022-05-13,28932.69,30974.60,28686.37,29238.81,6010.27363922
1652486400,2022-05-14,29239.41,30281.49,28561.23,30033.96,2910.99216303
1652572800,2022-05-15,30041.16,31411.48,29440.71,31295.03,2085.06630084
1652659200,2022-05-16,31275.27,31275.27,29060.00,29832.45,3112.79429009
1652745600,2022-05-17,29847.53,30753.96,29400.00,30425.36,2143.92566327
1652832000,2022-05-18,30423.90,30670.00,28615.23,28681.26,2318.15544994
1652918400,2022-05-19,28681.15,30505.14,28656.46,30290.33,2516.77484526
1653004800,2022-05-20,30271.22,30725.56,28690.13,29176.70,2337.17319044
1653091200,2022-05-21,29176.70,29621.01,28914.70,29421.05,490.42738451
1653177600,2022-05-22,29400.34,30457.58,29209.03,30264.66,1318.89417974
1653264000,2022-05-23,30264.66,30628.00,28839.29,29081.76,2158.65047198
1653350400,2022-05-24,29081.76,29810.38,28632.40,29632.15,1490.23613231
1653436800,2022-05-25,29626.53,30189.70,29313.78,29510.15,1563.30877003
1653523200,2022-05-26,29511.95,29853.34,28003.00,29183.06,2835.00522362
1653609600,2022-05-27,29183.39,29360.34,28253.57,28589.48,2109.94198208
1653696000,2022-05-28,28606.08,29231.90,28498.73,29010.82,721.54694670
1653782400,2022-05-29,29010.82,29561.04,28814.46,29448.94,909.19180016
1653868800,2022-05-30,29454.69,32195.68,29276.15,31731.22,3257.54873650
1653955200,2022-05-31,31677.13,32375.81,31181.26,31762.76,1621.62249868
1654041600,2022-06-01,31777.06,31962.79,29309.84,29787.40,2629.80184718
1654128000,2022-06-02,29791.96,30688.82,29568.13,30437.18,1226.29074296
1654214400,2022-06-03,30437.77,30670.07,29232.99,29669.39,1151.14514737
1654300800,2022-06-04,29688.17,29948.84,29444.21,29853.51,472.40386055
1654387200,2022-06-05,29834.06,30153.18,29514.96,29888.98,563.06294053
1654473600,2022-06-06,29905.46,31737.31,29868.16,31351.21,2494.10424691
1654560000,2022-06-07,31351.10,31536.11,29184.25,31115.82,3672.30493412
1654646400,2022-06-08,31108.30,31310.53,29831.85,30185.58,1909.67240307
1654732800,2022-06-09,30190.31,30672.56,29920.56,30089.03,953.92926451
1654819200,2022-06-10,30068.53,30333.81,28832.83,29065.66,2545.34126907
1654905600,2022-06-11,29065.66,29403.62,28085.75,28390.94,1587.19524670
1654992000,2022-06-12,28397.38,28523.06,26500.00,26585.10,2588.83347441
1655078400,2022-06-13,26538.63,26845.63,21910.26,22450.43,12621.88318574
1655164800,2022-06-14,22407.53,23288.88,20816.35,22097.30,8576.80050998
1655251200,2022-06-15,22077.83,22756.00,20079.72,22555.27,13481.53959307
1655337600,2022-06-16,22563.82,22957.01,20200.00,20382.88,4889.12430380
1655424000,2022-06-17,20387.66,21325.06,20220.16,20440.70,3615.09731757
1655510400,2022-06-18,20428.19,20758.00,17592.78,18956.80,7958.38532206
1655596800,2022-06-19,18952.14,20783.48,17930.70,20552.82,5100.88311828
1655683200,2022-06-20,20557.20,21036.89,19616.10,20555.44,5112.85052521
1655769600,2022-06-21,20555.44,21708.76,20332.07,20712.29,3543.16812013
1655856000,2022-06-22,20710.01,20863.44,19743.99,19963.68,4210.49538322
1655942400,2022-06-23,19977.24,21204.14,19869.63,21093.42,2677.89902823
1656028800,2022-06-24,21102.75,21538.40,20713.77,21215.42,2444.77217091
1656115200,2022-06-25,21229.66,21586.67,20890.00,21486.80,1196.38466227
1656201600,2022-06-26,21486.67,21868.00,20968.85,21028.69,1437.60709463
1656288000,2022-06-27,21029.19,21516.85,20491.28,20699.72,1648.58803237
1656374400,2022-06-28,20722.27,21178.73,20176.00,20261.34,2048.68451940
1656460800,2022-06-29,20253.88,20398.99,19827.00,20093.18,1605.32356204
1656547200,2022-06-30,20098.00,20131.06,18595.60,19924.89,4907.84854025
1656633600,2022-07-01,19960.61,20895.08,18944.69,19239.47,4424.08855864
1656720000,2022-07-02,19263.41,19425.08,18960.00,19228.25,1478.97411836
1656806400,2022-07-03,19232.76,19616.43,18763.96,19294.46,1438.93649433
1656892800,2022-07-04,19296.88,20319.88,19032.44,20209.53,2016.08200690
1656979200,2022-07-05,20209.02,20720.00,19281.82,20168.63,2882.22647228
1657065600,2022-07-06,20164.65,20648.76,19750.16,20547.45,2093.38193195
1657152000,2022-07-07,20546.29,21847.25,20237.58,21643.56,3422.57159508
1657238400,2022-07-08,21620.85,22401.00,21164.07,21584.14,3352.94753796
1657324800,2022-07-09,21592.69,21955.18,21311.36,21588.35,865.38701575
1657411200,2022-07-10,21581.98,21593.73,20629.99,20856.08,1398.91806277
1657497600,2022-07-11,20851.14,20858.75,19869.00,19949.71,1381.03847332
1657584000,2022-07-12,19948.55,20036.24,19237.42,19321.14,1738.03082444
1657670400,2022-07-13,19337.91,20367.88,18905.55,20232.35,3196.86413812
1657756800,2022-07-14,20225.24,20880.00,19608.47,20577.23,2574.75885317
1657843200,2022-07-15,20569.17,21186.35,20368.70,20835.39,1581.83012930
1657929600,2022-07-16,20823.70,21577.00,20472.68,21195.49,1740.63926769
1658016000,2022-07-17,21198.34,21664.52,20751.08,20801.85,1497.20354125
1658102400,2022-07-18,20786.76,22760.04,20757.29,22435.04,4288.35687434
1658188800,2022-07-19,22439.63,23800.00,21578.45,23405.02,4682.35297064
1658275200,2022-07-20,23392.04,24280.30,22893.95,23208.53,4052.68459237
1658361600,2022-07-21,23217.00,23430.33,22340.34,23163.34,2267.47408756
1658448000,2022-07-22,23166.09,23760.87,22512.42,22682.26,2025.58385843
1658534400,2022-07-23,22696.19,23005.68,21944.47,22468.69,1010.85783614
1658620800,2022-07-24,22468.70,23006.77,22272.23,22595.81,681.19673676
1658707200,2022-07-25,22589.47,22673.68,21250.00,21306.56,2128.78016831
1658793600,2022-07-26,21314.26,21344.09,20700.13,21259.78,1965.57798404
1658880000,2022-07-27,21266.14,23112.90,21047.70,22969.04,2976.18882906
1658966400,2022-07-28,22972.22,24198.95,22600.00,23853.11,3463.79018298
1659052800,2022-07-29,23856.91,24445.00,23438.50,23785.31,2536.49166787
1659139200,2022-07-30,23777.85,24676.00,23523.29,23644.58,1739.57494563
1659225600,2022-07-31,23652.53,24190.09,23241.00,23322.53,1624.15172546
1659312000,2022-08-01,23287.38,23511.50,22861.00,23282.92,1310.17180502
1659398400,2022-08-02,23291.67,23468.33,22665.98,23001.52,1441.50641868
1659484800,2022-08-03,22997.07,23642.14,22686.12,22835.88,1306.29502305
1659571200,2022-08-04,22830.37,23228.77,22400.00,22615.24,1537.96629545
1659657600,2022-08-05,22630.14,23478.00,22587.94,23326.40,2070.35989801
1659744000,2022-08-06,23326.50,23354.54,22919.76,22956.61,672.14529689
1659830400,2022-08-07,22946.00,23411.55,22855.14,23187.62,691.38337380
1659916800,2022-08-08,23177.72,24246.06,23169.64,23821.68,1845.04091771
1660003200,2022-08-09,23811.29,23927.44,22880.22,23164.78,1206.11169091
1660089600,2022-08-10,23151.68,24228.00,22668.57,23964.00,2251.38844100
1660176000,2022-08-11,23961.00,24921.00,23867.00,23959.00,1964.20432050
1660262400,2022-08-12,23957.00,24459.00,23615.00,24407.00,1258.79271631
1660348800,2022-08-13,24421.00,24900.00,24301.00,24456.00,891.42169723
1660435200,2022-08-14,24459.00,25053.00,24161.00,24320.00,1360.86975366
1660521600,2022-08-15,24324.00,25212.00,23782.00,24110.00,1764.96054871
1660608000,2022-08-16,24103.00,24250.00,23673.00,23867.00,761.78640254
1660694400,2022-08-17,23866.00,24448.00,23176.00,23340.00,1814.51630224
1660780800,2022-08-18,23348.00,23593.00,23103.00,23201.00,888.93580166
1660867200,2022-08-19,23192.00,23202.00,20785.00,20841.00,3558.42097480
1660953600,2022-08-20,20840.00,21368.00,20769.00,21146.00,1475.27766281
1661040000,2022-08-21,21150.00,21778.00,21070.00,21514.00,1070.76255950
1661126400,2022-08-22,21517.00,21530.00,20901.00,21411.00,1428.98968096
1661212800,2022-08-23,21404.00,21672.00,20899.00,21520.00,1237.15547461
1661299200,2022-08-24,21523.00,21892.00,21142.00,21372.00,1825.65585841
1661385600,2022-08-25,21364.00,21813.00,21319.00,21571.00,1134.96366241
1661472000,2022-08-26,21550.00,21870.00,20119.00,20250.00,3482.09137780
1661558400,2022-08-27,20242.00,20376.00,19766.00,20045.00,1322.83765891
1661644800,2022-08-28,20044.00,20159.00,19526.00,19557.00,883.35771116
1661731200,2022-08-29,19571.00,20415.00,19557.00,20302.00,1226.53390450
1661817600,2022-08-30,20300.00,20575.00,19552.00,19819.00,2061.62816733
1661904000,2022-08-31,19836.00,20490.00,19822.00,20059.00,2271.16555773
1661990400,2022-09-01,20049.00,20202.00,19573.00,20128.00,1841.61890225
1662076800,2022-09-02,20133.00,20440.00,19762.00,19959.00,1704.54970941
1662163200,2022-09-03,19950.00,20053.00,19667.00,19840.00,454.45221631
1662249600,2022-09-04,19840.00,20025.00,19586.00,20007.00,468.46460815
1662336000,2022-09-05,20014.00,20051.00,19634.00,19794.00,975.96352852
1662422400,2022-09-06,19799.00,20181.00,18669.00,18789.00,3216.97354596
1662508800,2022-09-07,18808.00,19456.00,18540.00,19276.00,1946.27402334
1662595200,2022-09-08,19301.00,19454.00,19023.00,19322.00,1759.19295086
1662681600,2022-09-09,19327.00,21610.00,19303.00,21371.00,4009.32373236
1662768000,2022-09-10,21371.00,21814.00,21125.00,21672.00,1355.39296702
1662854400,2022-09-11,21663.00,21871.00,21360.00,21835.00,844.39459098
1662940800,2022-09-12,21836.00,22485.00,21565.00,22401.00,2496.98699671
1663027200,2022-09-13,22396.00,22781.00,19862.00,20177.00,3927.08003147
1663113600,2022-09-14,20175.00,20526.00,19623.00,20233.00,2793.90630535
1663200000,2022-09-15,20226.00,20432.00,19500.00,19691.00,2531.57116280
1663286400,2022-09-16,19704.00,19887.00,19330.00,19802.00,2514.42684614
1663372800,2022-09-17,19802.00,20187.00,19757.00,20114.00,947.27782708
1663459200,2022-09-18,20116.00,20116.00,19343.00,19419.00,1609.63965374
1663545600,2022-09-19,19418.00,19679.00,18271.00,19538.00,3418.21694020
1663632000,2022-09-20,19535.00,19634.00,18717.00,18878.00,2544.25288865
1663718400,2022-09-21,18877.00,19902.00,18157.00,18466.00,5332.93776764
1663804800,2022-09-22,18458.00,19541.00,18368.00,19403.00,2607.04175970
1663891200,2022-09-23,19411.00,19491.00,18533.00,19294.00,2593.18338023
1663977600,2022-09-24,19291.00,19309.00,18817.00,18921.00,922.02394143
1664064000,2022-09-25,18919.00,19182.00,18636.00,18810.00,979.44306377
1664150400,2022-09-26,18809.00,19313.00,18690.00,19226.00,3167.38799752
1664236800,2022-09-27,19233.00,20381.00,18822.00,19075.00,4423.71693902
1664323200,2022-09-28,19085.00,19770.00,18461.00,19413.00,3817.64021997
1664409600,2022-09-29,19413.00,19630.00,18852.00,19592.00,1812.62118977
1664496000,2022-09-30,19593.00,20171.00,19152.00,19425.00,2413.78432301
1664582400,2022-10-01,19419.00,19484.00,19174.00,19312.00,378.60698732
1664668800,2022-10-02,19306.00,19395.00,18931.00,19051.00,518.03380521
1664755200,2022-10-03,19060.00,19715.00,18975.00,19636.00,1109.13176723
1664841600,2022-10-04,19633.00,20469.00,19497.00,20343.00,2455.54289220
1664928000,2022-10-05,20343.00,20366.00,19735.00,20162.00,1789.84892196
1665014400,2022-10-06,20161.00,20447.00,19864.00,19951.00,1438.88952495
1665100800,2022-10-07,19960.00,20056.00,19335.00,19532.00,1290.58016407
1665187200,2022-10-08,19533.00,19624.00,19259.00,19420.00,517.31876324
1665273600,2022-10-09,19421.00,19604.00,19324.00,19445.00,707.27451611
1665360000,2022-10-10,19436.00,19525.00,19029.00,19131.00,1052.98301829
1665446400,2022-10-11,19131.00,19265.00,18853.00,19059.00,1332.93245318
1665532800,2022-10-12,19061.00,19229.00,18967.00,19157.00,870.27070879
1665619200,2022-10-13,19156.00,19504.00,18183.00,19377.00,2920.78208384
1665705600,2022-10-14,19374.00,19947.00,19083.00,19181.00,1313.80111372
1665792000,2022-10-15,19184.00,19229.00,18990.00,19066.00,331.43098278
1665878400,2022-10-16,19072.00,19425.00,19067.00,19264.00,417.01160964
1665964800,2022-10-17,19262.00,19672.00,19160.00,19547.00,1141.62350258
1666051200,2022-10-18,19547.00,19700.00,19099.00,19334.00,1524.52635389
1666137600,2022-10-19,19329.00,19356.00,19078.00,19126.00,1302.59535401
1666224000,2022-10-20,19128.00,19340.00,18913.00,19043.00,1491.66449329
1666310400,2022-10-21,19043.00,19245.00,18660.00,19165.00,1923.43991085
1666396800,2022-10-22,19166.00,19250.00,19118.00,19206.00,455.42088912
1666483200,2022-10-23,19208.00,19689.00,19079.00,19574.00,1195.62013587
1666569600,2022-10-24,19576.00,19588.00,19169.00,19332.00,1155.86348440
1666656000,2022-10-25,19332.00,20418.00,19222.00,20087.00,2804.51314609
1666742400,2022-10-26,20096.00,21012.00,20062.00,20775.00,2711.06904662
1666828800,2022-10-27,20771.00,20872.00,20210.00,20296.00,1669.88399576
1666915200,2022-10-28,20295.00,20750.00,20008.00,20599.00,1827.61380674
1667001600,2022-10-29,20596.00,21078.00,20566.00,20821.00,1213.18946622
1667088000,2022-10-30,20820.00,20931.00,20525.00,20628.00,679.83876303
1667174400,2022-10-31,20631.00,20833.00,20243.00,20498.00,1880.02456732
1667260800,2022-11-01,20493.00,20681.00,20334.00,20480.00,1276.69180973
1667347200,2022-11-02,20480.00,20802.00,20055.00,20154.00,2292.08236192
1667433600,2022-11-03,20152.00,20387.00,20039.00,20209.00,1004.11893277
1667520000,2022-11-04,20209.00,21290.00,20184.00,21153.00,3501.47535754
1667606400,2022-11-05,21152.00,21473.00,21089.00,21301.00,774.12522007
1667692800,2022-11-06,21299.00,21364.00,20899.00,20907.00,551.95849001
1667779200,2022-11-07,20899.00,21070.00,20400.00,20590.00,1417.99563473
1667865600,2022-11-08,20591.00,20669.00,17114.00,18550.00,12035.90178845
1667952000,2022-11-09,18546.00,18588.00,15632.00,15877.00,8350.56544560
1668038400,2022-11-10,15900.00,18150.00,15748.00,17551.00,8375.25692463
1668124800,2022-11-11,17548.00,17645.00,16394.00,17007.00,5636.75561159
1668211200,2022-11-12,17020.00,17054.00,16610.00,16788.00,1882.26415655
1668297600,2022-11-13,16788.00,17240.00,16263.00,16310.00,2703.91194662
1668384000,2022-11-14,16300.00,17130.00,15784.00,16589.00,7964.34006887
1668470400,2022-11-15,16586.00,17095.00,16511.00,16874.00,5633.39934780
1668556800,2022-11-16,16875.00,16980.00,16371.00,16654.00,4035.80042365
1668643200,2022-11-17,16655.00,16724.00,16412.00,16686.00,2458.66689134
1668729600,2022-11-18,16687.00,16971.00,16540.00,16683.00,2673.28041964
1668816000,2022-11-19,16683.00,16799.00,16548.00,16690.00,1377.39639710
1668902400,2022-11-20,16687.00,16730.00,16169.00,16256.00,1827.05676561
1668988800,2022-11-21,16250.00,16269.00,15479.00,15766.00,5633.48780213
1669075200,2022-11-22,15757.00,16281.00,15613.00,16197.00,3718.55455894
1669161600,2022-11-23,16199.00,16647.00,16150.00,16603.00,3505.29313128
1669248000,2022-11-24,16594.00,16783.00,16456.00,16591.00,2141.48446170
1669334400,2022-11-25,16589.00,16604.00,16339.00,16508.00,2043.43507991
1669420800,2022-11-26,16511.00,16685.00,16387.00,16454.00,1503.64131011
1669507200,2022-11-27,16451.00,16587.00,16402.00,16424.00,1189.79470656
1669593600,2022-11-28,16420.00,16477.00,16004.00,16210.00,3254.70177817
1669680000,2022-11-29,16205.00,16529.00,16102.00,16434.00,2310.87079583
1669766400,2022-11-30,16437.00,17223.00,16430.00,17170.00,4442.42726142
1669852800,2022-12-01,17166.00,17250.00,16864.00,16977.00,3207.29094124
1669939200,2022-12-02,16976.00,17102.00,16800.00,17095.00,2329.03284999
1670025600,2022-12-03,17095.00,17150.00,16868.00,16886.00,1177.01264514
1670112000,2022-12-04,16893.00,17195.00,16890.00,17114.00,1603.55160130
1670198400,2022-12-05,17113.00,17418.00,16879.00,16968.00,2251.51957602
1670284800,2022-12-06,16968.00,17101.00,16914.00,17087.00,1303.37122474
1670371200,2022-12-07,17091.00,17131.00,16736.00,16836.00,1185.39328287
1670457600,2022-12-08,16838.00,17296.00,16734.00,17229.00,1724.69349744
1670544000,2022-12-09,17229.00,17353.00,17073.00,17128.00,1226.70564841
1670630400,2022-12-10,17129.00,17223.00,17100.00,17128.00,677.74180701
1670716800,2022-12-11,17128.00,17264.00,17080.00,17091.00,1239.35778560
1670803200,2022-12-12,17089.00,17240.00,16881.00,17209.00,1695.05652530
1670889600,2022-12-13,17214.00,18106.00,17093.00,17772.00,3838.86501115
1670976000,2022-12-14,17771.00,18373.00,17667.00,17803.00,3836.86554644
1671062400,2022-12-15,17806.00,17853.00,17288.00,17362.00,1887.37172156
1671148800,2022-12-16,17361.00,17525.00,16572.00,16633.00,2853.96835966
1671235200,2022-12-17,16635.00,16794.00,16596.00,16781.00,1114.37024438
1671321600,2022-12-18,16780.00,16850.00,16676.00,16749.00,695.99091766
1671408000,2022-12-19,16744.00,16815.00,16293.00,16446.00,2157.44154575
1671494400,2022-12-20,16441.00,17046.00,16402.00,16898.00,2115.97889225
1671580800,2022-12-21,16899.00,16919.00,16719.00,16824.00,1618.76729861
1671667200,2022-12-22,16823.00,16863.00,16570.00,16821.00,1946.30526969
1671753600,2022-12-23,16821.00,16916.00,16750.00,16779.00,2138.44668760
1671840000,2022-12-24,16779.00,16848.00,16779.00,16839.00,960.32660970
1671926400,2022-12-25,16839.00,16850.00,16731.00,16828.00,717.96557265
1672012800,2022-12-26,16828.00,16933.00,16801.00,16917.00,731.85697007
1672099200,2022-12-27,16920.00,16961.00,16588.00,16700.00,2204.70406525
1672185600,2022-12-28,16699.00,16772.00,16465.00,16540.00,2220.78816676
1672272000,2022-12-29,16540.00,16650.00,16486.00,16628.00,1560.43976985
1672358400,2022-12-30,16628.00,16650.00,16337.00,16603.00,2223.64394181
1672444800,2022-12-31,16602.00,16627.00,16471.00,16528.00,602.43437164
1672531200,2023-01-01,16530.00,16622.00,16496.00,16615.00,473.83273801
1672617600,2023-01-02,16615.00,16782.00,16552.00,16673.00,1046.72743680
1672704000,2023-01-03,16668.00,16766.00,16605.00,16670.00,1388.07196613
1672790400,2023-01-04,16673.00,16984.00,16652.00,16849.00,2038.03012252
1672876800,2023-01-05,16847.00,16871.00,16755.00,16826.00,1131.61941681
1672963200,2023-01-06,16826.00,17024.00,16669.00,16950.00,1738.57975267
1673049600,2023-01-07,16951.00,16975.00,16907.00,16945.00,523.75442441
1673136000,2023-01-08,16946.00,17163.00,16915.00,17119.00,816.57209307
1673222400,2023-01-09,17124.00,17393.00,17108.00,17179.00,2213.34824624
1673308800,2023-01-10,17177.00,17490.00,17147.00,17446.00,1354.43514717
1673395200,2023-01-11,17448.00,17992.00,17318.00,17930.00,1904.45231601
1673481600,2023-01-12,17948.00,19114.00,17911.00,18853.00,5124.55845338
1673568000,2023-01-13,18852.00,19991.00,18720.00,19931.00,3765.27425920
1673654400,2023-01-14,19936.00,21247.00,19895.00,20960.00,6843.48563958
1673740800,2023-01-15,20961.00,21052.00,20549.00,20885.00,1352.72025796
1673827200,2023-01-16,20879.00,21456.00,20634.00,21189.00,3236.95717404
1673913600,2023-01-17,21186.00,21594.00,20863.00,21134.00,2302.39736137
1674000000,2023-01-18,21136.00,21646.00,20358.00,20670.00,3794.75671744
1674086400,2023-01-19,20678.00,21185.00,20654.00,21086.00,2391.67069084
1674172800,2023-01-20,21085.00,22750.00,20869.00,22678.00,2937.14734339
1674259200,2023-01-21,22670.00,23362.00,22442.00,22783.00,3013.23007247
1674345600,2023-01-22,22791.00,23076.00,22314.00,22717.00,1548.97073883
1674432000,2023-01-23,22708.00,23167.00,22525.00,22922.00,1699.03647700
1674518400,2023-01-24,22922.00,23162.00,22473.00,22637.00,1953.73212508
1674604800,2023-01-25,22636.00,23815.00,22334.00,23054.00,2582.12043347
1674691200,2023-01-26,23063.00,23282.00,22866.00,23010.00,1472.74474346
1674777600,2023-01-27,23011.00,23500.00,22541.00,23083.00,2086.70647505
1674864000,2023-01-28,23082.00,23187.00,22894.00,23033.00,834.35222550
1674950400,2023-01-29,23031.00,23954.00,22981.00,23746.00,1620.98279529
1675036800,2023-01-30,23748.00,23799.00,22504.00,22831.00,2081.82272658
1675123200,2023-01-31,22831.00,23318.00,22724.00,23127.00,1557.98459142
1675209600,2023-02-01,23134.00,23810.00,22768.00,23735.00,2468.52240577
1675296000,2023-02-02,23736.00,24258.00,23377.00,23498.00,2609.58252721
1675382400,2023-02-03,23503.00,23719.00,23212.00,23434.00,1742.07112849
1675468800,2023-02-04,23421.00,23582.00,23266.00,23330.00,778.73091268
1675555200,2023-02-05,23328.00,23428.00,22766.00,22937.00,1525.50154971
1675641600,2023-02-06,22942.00,23148.00,22643.00,22763.00,1731.60284453
1675728000,2023-02-07,22761.00,23338.00,22751.00,23252.00,2758.47564405
1675814400,2023-02-08,23246.00,23439.00,22686.00,22961.00,1236.37140064
1675900800,2023-02-09,22965.00,23003.00,21700.00,21802.00,2260.78508530
1675987200,2023-02-10,21803.00,21939.00,21454.00,21639.00,1503.99323818
1676073600,2023-02-11,21631.00,21904.00,21610.00,21868.00,699.37255295
1676160000,2023-02-12,21868.00,22086.00,21649.00,21789.00,1481.78576998
1676246400,2023-02-13,21790.00,21897.00,21376.00,21790.00,1923.03740841
1676332800,2023-02-14,21790.00,22316.00,21569.00,22211.00,2032.44280719
1676419200,2023-02-15,22208.00,24374.00,22064.00,24332.00,2316.23830307
1676505600,2023-02-16,24332.00,25270.00,23520.00,23521.00,3634.80024930
1676592000,2023-02-17,23518.00,25014.00,23369.00,24580.00,3328.63120407
1676678400,2023-02-18,24577.00,24869.00,24450.00,24640.00,721.18871725
1676764800,2023-02-19,24638.00,25183.00,24211.00,24296.00,1717.15816149
1676851200,2023-02-20,24271.00,25118.00,23862.00,24843.00,1828.53775073
1676937600,2023-02-21,24843.00,25250.00,24165.00,24450.00,2506.05738181
1677024000,2023-02-22,24450.00,24474.00,23594.00,24188.00,1951.95970979
1677110400,2023-02-23,24188.00,24590.00,23636.00,23939.00,2000.28221308
1677196800,2023-02-24,23939.00,24124.00,22865.00,23189.00,2782.78873072
1677283200,2023-02-25,23186.00,23215.00,22770.00,23161.00,863.37221739
1677369600,2023-02-26,23166.00,23678.00,23068.00,23562.00,1019.20088770
1677456000,2023-02-27,23560.00,23890.00,23126.00,23493.00,1768.12573577
1677542400,2023-02-28,23497.00,23594.00,23048.00,23136.00,1185.70463735
1677628800,2023-03-01,23146.00,23990.00,23040.00,23634.00,1748.04686969
1677715200,2023-03-02,23632.00,23791.00,23206.00,23466.00,1090.90317933
1677801600,2023-03-03,23469.00,23477.00,22000.00,22359.00,2878.02219561
1677888000,2023-03-04,22359.00,22401.00,22170.00,22347.00,608.34767678
1677974400,2023-03-05,22347.00,22652.00,22212.00,22428.00,944.66432972
1678060800,2023-03-06,22427.00,22590.00,22263.00,22407.00,1156.23472957
1678147200,2023-03-07,22414.00,22547.00,21931.00,22200.00,1837.72234137
1678233600,2023-03-08,22197.00,22275.00,21590.00,21704.00,1477.18402948
1678320000,2023-03-09,21697.00,21824.00,20043.00,20367.00,3373.14910671
1678406400,2023-03-10,20368.00,20368.00,19569.00,20220.00,4695.23685366
1678492800,2023-03-11,20226.00,20874.00,19893.00,20618.00,3590.95407524
1678579200,2023-03-12,20615.00,22269.00,20456.00,22183.00,3599.49467653
1678665600,2023-03-13,22190.00,24618.00,21900.00,24209.00,6738.26574302
1678752000,2023-03-14,24210.00,26533.00,24070.00,24750.00,7966.02323163
1678838400,2023-03-15,24745.00,25273.00,23940.00,24368.00,4368.44571382
1678924800,2023-03-16,24361.00,25217.00,24229.00,25050.00,2430.85019301
1679011200,2023-03-17,25051.00,27818.00,24954.00,27466.00,5166.28277037
1679097600,2023-03-18,27466.00,27776.00,26707.00,26980.00,2933.79686267
1679184000,2023-03-19,26992.00,28474.00,26900.00,28054.00,2615.71251826
1679270400,2023-03-20,28081.00,28567.00,27231.00,27815.00,3998.09358215
1679356800,2023-03-21,27808.00,28497.00,27436.00,28192.00,2955.11628597
1679443200,2023-03-22,28184.00,28936.00,26688.00,27320.00,5024.21040571
1679529600,2023-03-23,27320.00,28818.00,27187.00,28343.00,3199.65451220
1679616000,2023-03-24,28352.00,29380.00,27043.00,27493.00,2789.44951461
1679702400,2023-03-25,27497.00,27810.00,27210.00,27499.00,963.83840741
1679788800,2023-03-26,27493.00,28217.00,27453.00,28004.00,1100.20331067
1679875200,2023-03-27,27992.00,28051.00,26541.00,27142.00,2258.96393636
1679961600,2023-03-28,27142.00,27514.00,26647.00,27272.00,2137.04196923
1680048000,2023-03-29,27272.00,28650.00,27258.00,28353.00,2161.81292594
1680134400,2023-03-30,28353.00,29170.00,27706.00,28039.00,2912.72588690
1680220800,2023-03-31,28036.00,28653.00,27533.00,28476.00,2301.18236248
1680307200,2023-04-01,28476.00,28816.00,28237.00,28469.00,656.33679146
1680393600,2023-04-02,28469.00,28544.00,27891.00,28186.00,689.98223995
1680480000,2023-04-03,28179.00,28506.00,27236.00,27816.00,2393.22622900
1680566400,2023-04-04,27820.00,28447.00,27686.00,28178.00,1294.59736105
1680652800,2023-04-05,28179.00,28782.00,27823.00,28183.00,1576.30733991
1680739200,2023-04-06,28181.00,28199.00,27723.00,28051.00,1064.88009436
1680825600,2023-04-07,28054.00,28118.00,27797.00,27931.00,436.47964010
1680912000,2023-04-08,27931.00,28174.00,27891.00,27969.00,417.76313910
1680998400,2023-04-09,27968.00,28544.00,27833.00,28340.00,718.54765779
1681084800,2023-04-10,28353.00,29789.00,28184.00,29652.00,2711.67320655
1681171200,2023-04-11,29657.00,30575.00,29617.00,30246.00,2689.40489510
1681257600,2023-04-12,30255.00,30503.00,29689.00,29903.00,1926.94195052
1681344000,2023-04-13,29914.00,30614.00,29889.00,30410.00,1503.93427177
1681430400,2023-04-14,30411.00,31035.00,30001.00,30498.00,2540.14059427
1681516800,2023-04-15,30498.00,30620.00,30249.00,30332.00,560.64010658
1681603200,2023-04-16,30327.00,30567.00,30157.00,30330.00,656.81163772
1681689600,2023-04-17,30328.00,30337.00,29247.00,29448.00,2077.00292863
1681776000,2023-04-18,29452.00,30483.00,29122.00,30395.00,1827.46761436
1681862400,2023-04-19,30388.00,30423.00,28603.00,28827.00,3869.09654939
1681948800,2023-04-20,28814.00,29098.00,28005.00,28238.00,2450.06329929
1682035200,2023-04-21,28240.00,28362.00,27140.00,27254.00,2455.89969552
1682121600,2023-04-22,27253.00,27883.00,27137.00,27817.00,1010.44737158
1682208000,2023-04-23,27820.00,27820.00,27347.00,27596.00,798.04552773
1682294400,2023-04-24,27594.00,27998.00,26981.00,27512.00,2236.65500868
1682380800,2023-04-25,27515.00,28392.00,27197.00,28300.00,1874.16625132
1682467200,2023-04-26,28306.00,30022.00,27242.00,28428.00,5277.18704400
1682553600,2023-04-27,28427.00,29887.00,28389.00,29485.00,3748.60576512
1682640000,2023-04-28,29486.00,29600.00,28922.00,29333.00,2449.07497740
1682726400,2023-04-29,29339.00,29460.00,29061.00,29247.00,932.47961185
1682812800,2023-04-30,29252.00,29961.00,29115.00,29235.00,1415.25506091
1682899200,2023-05-01,29254.00,29344.00,27666.00,28079.00,2913.86283351
1682985600,2023-05-02,28079.00,28894.00,27876.00,28680.00,1935.55649138
1683072000,2023-05-03,28682.00,29276.00,28138.00,29033.00,2838.45231646
1683158400,2023-05-04,29043.00,29378.00,28691.00,28851.00,1656.27922902
1683244800,2023-05-05,28860.00,29701.00,28832.00,29547.00,1923.16974421
1683331200,2023-05-06,29537.00,29851.00,28422.00,28911.00,1443.17174676
1683417600,2023-05-07,28909.00,29194.00,28444.00,28472.00,1021.45715582
1683504000,2023-05-08,28485.00,28667.00,27290.00,27690.00,2936.79913382
1683590400,2023-05-09,27688.00,27841.00,27372.00,27650.00,1573.53076474
1683676800,2023-05-10,27648.00,28328.00,26842.00,27618.00,2848.94252300
1683763200,2023-05-11,27624.00,27640.00,26720.00,26991.00,2126.87109348
1683849600,2023-05-12,26987.00,27093.00,25800.00,26811.00,4842.98246111
1683936000,2023-05-13,26816.00,27052.00,26710.00,26789.00,1269.30464643
1684022400,2023-05-14,26805.00,27202.00,26598.00,26933.00,1325.63421938
1684108800,2023-05-15,26933.00,27666.00,26736.00,27166.00,1805.12956433
1684195200,2023-05-16,27166.00,27300.00,26868.00,27037.00,1730.33763378
1684281600,2023-05-17,27037.00,27488.00,26550.00,27404.00,2653.36761994
1684368000,2023-05-18,27413.00,27481.00,26374.00,26818.00,1987.57678586
1684454400,2023-05-19,26824.00,27176.00,26651.00,26893.00,1277.23274821
1684540800,2023-05-20,26889.00,27153.00,26840.00,27115.00,603.01939692
1684627200,2023-05-21,27123.00,27277.00,26688.00,26750.00,654.14743859
1684713600,2023-05-22,26753.00,27078.00,26547.00,26856.00,1111.87388791
1684800000,2023-05-23,26854.00,27478.00,26810.00,27226.00,1174.41963411
1684886400,2023-05-24,27225.00,27225.00,26076.00,26325.00,2214.54386081
1684972800,2023-05-25,26325.00,26611.00,25878.00,26478.00,1646.82583790
1685059200,2023-05-26,26486.00,26937.00,26338.00,26718.00,1666.10237235
1685145600,2023-05-27,26716.00,26893.00,26566.00,26872.00,636.46388614
1685232000,2023-05-28,26875.00,28248.00,26785.00,28072.00,1665.64922634
1685318400,2023-05-29,28071.00,28452.00,27542.00,27749.00,1684.67833372
1685404800,2023-05-30,27748.00,28054.00,27570.00,27706.00,1567.55117507
1685491200,2023-05-31,27701.00,27840.00,26857.00,27219.00,1863.47625267
1685577600,2023-06-01,27220.00,27356.00,26625.00,26826.00,2004.35720265
1685664000,2023-06-02,26821.00,27300.00,26519.00,27251.00,1671.43445600
1685750400,2023-06-03,27250.00,27332.00,26937.00,27076.00,772.42193183
1685836800,2023-06-04,27072.00,27451.00,26963.00,27125.00,789.89956410
1685923200,2023-06-05,27114.00,27138.00,25389.00,25739.00,3837.59032264
1686009600,2023-06-06,25730.00,27357.00,25350.00,27236.00,3965.21160442
1686096000,2023-06-07,27252.00,27388.00,26140.00,26348.00,2996.80495663
1686182400,2023-06-08,26347.00,26809.00,26225.00,26510.00,1530.42554212
1686268800,2023-06-09,26507.00,26778.00,26289.00,26484.00,1059.79847008
1686355200,2023-06-10,26486.00,26528.00,25420.00,25857.00,3074.54228424
1686441600,2023-06-11,25857.00,26209.00,25657.00,25941.00,1020.99238041
1686528000,2023-06-12,25940.00,26103.00,25634.00,25906.00,1761.02544893
1686614400,2023-06-13,25906.00,26422.00,25718.00,25934.00,1895.96796692
1686700800,2023-06-14,25935.00,26078.00,24819.00,25127.00,2747.12869314
1686787200,2023-06-15,25125.00,25729.00,24756.00,25573.00,2880.44240822
1686873600,2023-06-16,25567.00,26485.00,25188.00,26333.00,2556.84039324
1686960000,2023-06-17,26333.00,26785.00,26173.00,26507.00,1155.48522656
1687046400,2023-06-18,26513.00,26685.00,26267.00,26340.00,1005.71439822
1687132800,2023-06-19,26336.00,27050.00,26260.00,26842.00,1828.96524085
1687219200,2023-06-20,26840.00,28441.00,26651.00,28315.00,3123.51386312
1687305600,2023-06-21,28316.00,30755.00,28280.00,30009.00,6043.64316714
1687392000,2023-06-22,30010.00,30505.00,29600.00,29889.00,3777.43149847
1687478400,2023-06-23,29891.00,31458.00,29820.00,30716.00,4388.38562374
1687564800,2023-06-24,30703.00,30821.00,30287.00,30548.00,1211.73495461
1687651200,2023-06-25,30550.00,31047.00,30295.00,30477.00,1480.27114787
1687737600,2023-06-26,30480.00,30657.00,29941.00,30274.00,2062.07924358
1687824000,2023-06-27,30278.00,31025.00,30235.00,30696.00,2087.55806488
1687910400,2023-06-28,30697.00,30712.00,29868.00,30079.00,1867.54566498
1687996800,2023-06-29,30078.00,30825.00,30041.00,30444.00,1924.61834450
1688083200,2023-06-30,30445.00,31268.00,29508.00,30469.00,4944.39013815
1688169600,2023-07-01,30469.00,30647.00,30321.00,30592.00,603.93483950
1688256000,2023-07-02,30590.00,30785.00,30175.00,30616.00,1091.40198046
1688342400,2023-07-03,30616.00,31378.00,30587.00,31158.00,1549.49344257
1688428800,2023-07-04,31165.00,31327.00,30637.00,30771.00,848.52450967
1688515200,2023-07-05,30767.00,30866.00,30206.00,30501.00,1179.48935068
1688601600,2023-07-06,30498.00,31500.00,29868.00,29912.00,3087.63379638
1688688000,2023-07-07,29901.00,30445.00,29722.00,30348.00,1886.47101822
1688774400,2023-07-08,30348.00,30383.00,30056.00,30293.00,602.99398251
1688860800,2023-07-09,30293.00,30439.00,30073.00,30167.00,640.48477925
1688947200,2023-07-10,30170.00,31037.00,29964.00,30421.00,1899.48550714
1689033600,2023-07-11,30417.00,30804.00,30310.00,30621.00,1275.01882493
1689120000,2023-07-12,30631.00,30960.00,30219.00,30382.00,1734.61976884
1689206400,2023-07-13,30383.00,31818.00,30259.00,31471.00,3038.41085113
1689292800,2023-07-14,31474.00,31635.00,29961.00,30331.00,2687.88498106
1689379200,2023-07-15,30328.00,30403.00,30260.00,30301.00,483.23087175
1689465600,2023-07-16,30300.00,30442.00,30067.00,30253.00,999.67578186
1689552000,2023-07-17,30247.00,30341.00,29675.00,30154.00,1810.61231990
1689638400,2023-07-18,30144.00,30244.00,29521.00,29868.00,1637.26704348
1689724800,2023-07-19,29862.00,30188.00,29757.00,29919.00,1446.88422668
1689811200,2023-07-20,29917.00,30414.00,29567.00,29806.00,1431.36195596
1689897600,2023-07-21,29806.00,30051.00,29735.00,29908.00,1197.73385418
1689984000,2023-07-22,29908.00,29995.00,29640.00,29789.00,630.39179913
1690070400,2023-07-23,29790.00,30342.00,29742.00,30085.00,766.46726746
1690156800,2023-07-24,30085.00,30099.00,28842.00,29177.00,2817.83813249
1690243200,2023-07-25,29176.00,29362.00,29054.00,29224.00,1213.49129440
1690329600,2023-07-26,29224.00,29678.00,29100.00,29354.00,1517.24148332
1690416000,2023-07-27,29353.00,29563.00,29081.00,29219.00,1313.64370824
1690502400,2023-07-28,29214.00,29525.00,29121.00,29317.00,1241.48419113
1690588800,2023-07-29,29316.00,29404.00,29251.00,29360.00,402.48554375
1690675200,2023-07-30,29360.00,29446.00,29034.00,29279.00,792.17888595
1690761600,2023-07-31,29279.00,29511.00,29115.00,29231.00,899.87088387
1690848000,2023-08-01,29221.00,29715.00,28574.00,29696.00,2302.77018850
1690934400,2023-08-02,29697.00,30025.00,28929.00,29164.00,1990.07126609
1691020800,2023-08-03,29157.00,29395.00,28925.00,29176.00,1359.65240342
1691107200,2023-08-04,29175.00,29306.00,28784.00,29077.00,1430.63487436
1691193600,2023-08-05,29075.00,29107.00,28950.00,29049.00,339.31235387
1691280000,2023-08-06,29049.00,29159.00,28962.00,29042.00,494.23722676
1691366400,2023-08-07,29041.00,29244.00,28671.00,29181.00,1440.49544476
1691452800,2023-08-08,29186.00,30210.00,29107.00,29764.00,2548.20876694
1691539200,2023-08-09,29776.00,30119.00,29352.00,29565.00,1342.08176495
1691625600,2023-08-10,29565.00,29703.00,29294.00,29423.00,1091.25819091
1691712000,2023-08-11,29424.00,29525.00,29222.00,29398.00,839.58343645
1691798400,2023-08-12,29398.00,29465.00,29350.00,29415.00,349.63678295
1691884800,2023-08-13,29415.00,29443.00,29254.00,29284.00,357.15476053
1691971200,2023-08-14,29280.00,29659.00,29086.00,29408.00,1281.10781710
1692057600,2023-08-15,29408.00,29455.00,29060.00,29172.00,1081.01044207
1692144000,2023-08-16,29171.00,29224.00,28693.00,28701.00,1798.07617139
1692230400,2023-08-17,28692.00,28757.00,26266.00,26642.00,4949.55887437
1692316800,2023-08-18,26632.00,26813.00,25601.00,26051.00,2639.68823694
1692403200,2023-08-19,26051.00,26264.00,25798.00,26097.00,1021.34929591
1692489600,2023-08-20,26097.00,26297.00,25979.00,26192.00,711.93303045
1692576000,2023-08-21,26193.00,26240.00,25828.00,26125.00,1609.35464365
1692662400,2023-08-22,26125.00,26137.00,25350.00,26042.00,1785.38604286
1692748800,2023-08-23,26048.00,26800.00,25805.00,26431.00,2472.52719071
1692835200,2023-08-24,26429.00,26562.00,25852.00,26168.00,1678.62815790
1692921600,2023-08-25,26169.00,26281.00,25748.00,26048.00,1924.70792940
1693008000,2023-08-26,26050.00,26102.00,25976.00,26008.00,249.04301850
1693094400,2023-08-27,26007.00,26168.00,25962.00,26090.00,399.56936642
1693180800,2023-08-28,26087.00,26223.00,25856.00,26103.00,1212.34458122
1693267200,2023-08-29,26103.00,28142.00,25913.00,27726.00,4581.62209762
1693353600,2023-08-30,27722.00,27757.00,27006.00,27300.00,2084.64468373
1693440000,2023-08-31,27302.00,27537.00,25683.00,25932.00,2809.73176445
1693526400,2023-09-01,25927.00,26134.00,25333.00,25798.00,1970.68901860
1693612800,2023-09-02,25801.00,25980.00,25753.00,25870.00,557.92664336
1693699200,2023-09-03,25870.00,26112.00,25807.00,25970.00,719.53811642
1693785600,2023-09-04,25972.00,26081.00,25646.00,25819.00,1083.70424928
1693872000,2023-09-05,25827.00,25862.00,25547.00,25783.00,1006.67988402
1693958400,2023-09-06,25779.00,26000.00,25386.00,25748.00,1278.20847185
1694044800,2023-09-07,25750.00,26417.00,25600.00,26245.00,1647.35197985
1694131200,2023-09-08,26256.00,26429.00,25652.00,25908.00,1649.47774994
1694217600,2023-09-09,25908.00,25927.00,25801.00,25899.00,436.09095941
1694304000,2023-09-10,25899.00,26018.00,25588.00,25836.00,876.91159297
1694390400,2023-09-11,25839.00,25881.00,24920.00,25155.00,2016.08262659
1694476800,2023-09-12,25157.00,26529.00,25129.00,25844.00,3217.44248767
1694563200,2023-09-13,25842.00,26395.00,25762.00,26226.00,1566.27745586
1694649600,2023-09-14,26229.00,26849.00,26143.00,26529.00,2087.02602594
1694736000,2023-09-15,26529.00,26878.00,26228.00,26607.00,1388.80900435
1694822400,2023-09-16,26609.00,26767.00,26459.00,26571.00,609.71380340
1694908800,2023-09-17,26571.00,26618.00,26414.00,26535.00,522.97891573
1694995200,2023-09-18,26533.00,27422.00,26382.00,26770.00,2015.82966670
1695081600,2023-09-19,26766.00,27486.00,26682.00,27214.00,1886.73059609
1695168000,2023-09-20,27220.00,27389.00,26852.00,27128.00,2264.83849151
1695254400,2023-09-21,27124.00,27177.00,26376.00,26563.00,1557.05559404
1695340800,2023-09-22,26568.00,26733.00,26479.00,26581.00,683.49903344
1695427200,2023-09-23,26577.00,26634.00,26519.00,26583.00,263.32261736
1695513600,2023-09-24,26582.00,26730.00,26148.00,26248.00,778.78029835
1695600000,2023-09-25,26215.00,26436.00,25977.00,26297.00,1307.38610948
1695686400,2023-09-26,26298.00,26386.00,26085.00,26208.00,884.58189615
1695772800,2023-09-27,26203.00,26823.00,26095.00,26361.00,1845.69530452
1695859200,2023-09-28,26361.00,27297.00,26325.00,27026.00,2763.60813176
1695945600,2023-09-29,27029.00,27235.00,26682.00,26911.00,1536.61509999
1696032000,2023-09-30,26910.00,27093.00,26884.00,26966.00,532.60685570
1696118400,2023-10-01,26965.00,28053.00,26959.00,27995.00,1264.64540463
1696204800,2023-10-02,27995.00,28592.00,27333.00,27507.00,2577.97315012
1696291200,2023-10-03,27509.00,27670.00,27170.00,27435.00,1304.18286171
1696377600,2023-10-04,27431.00,27831.00,27221.00,27790.00,1275.01105837
1696464000,2023-10-05,27787.00,28125.00,27369.00,27417.00,1535.57836693
1696550400,2023-10-06,27420.00,28301.00,27185.00,27948.00,1718.75354746
1696636800,2023-10-07,27945.00,28034.00,27864.00,27971.00,355.00216419
1696723200,2023-10-08,27976.00,28104.00,27715.00,27933.00,559.68781341
1696809600,2023-10-09,27930.00,27996.00,27280.00,27594.00,1186.72451465
1696896000,2023-10-10,27598.00,27733.00,27294.00,27395.00,1183.58370853
1696982400,2023-10-11,27394.00,27474.00,26533.00,26874.00,2042.77738655
1697068800,2023-10-12,26870.00,26933.00,26545.00,26756.00,1099.96996575
1697155200,2023-10-13,26744.00,27108.00,26675.00,26867.00,1292.12786710
1697241600,2023-10-14,26867.00,26981.00,26800.00,26855.00,421.71980002
1697328000,2023-10-15,26858.00,27299.00,26814.00,27174.00,758.25452068
1697414400,2023-10-16,27161.00,29900.00,27123.00,28518.00,4785.41944077
1697500800,2023-10-17,28520.00,28627.00,28081.00,28408.00,1864.88114061
1697587200,2023-10-18,28408.00,28984.00,28156.00,28328.00,1413.07638125
1697673600,2023-10-19,28327.00,28916.00,28138.00,28733.00,1546.73974905
1697760000,2023-10-20,28734.00,30233.00,28595.00,29688.00,2771.39284798
1697846400,2023-10-21,29682.00,30364.00,29483.00,29927.00,918.26190297
1697932800,2023-10-22,29921.00,30247.00,29678.00,30002.00,921.90910142
1698019200,2023-10-23,30007.00,34283.00,29898.00,33074.00,5126.76615313
1698105600,2023-10-24,33090.00,35198.00,32852.00,33917.00,5503.07515361
1698192000,2023-10-25,33928.00,35138.00,33686.00,34498.00,2514.83797747
1698278400,2023-10-26,34494.00,34834.00,33738.00,34165.00,2077.76612107
1698364800,2023-10-27,34148.00,34245.00,33407.00,33906.00,2094.03774293
1698451200,2023-10-28,33902.00,34506.00,33878.00,34091.00,772.85563761
1698537600,2023-10-29,34090.00,34755.00,33945.00,34538.00,949.33336318
1698624000,2023-10-30,34549.00,34860.00,34095.00,34495.00,1843.15676539
1698710400,2023-10-31,34489.00,34730.00,34061.00,34661.00,1565.28762452
1698796800,2023-11-01,34667.00,35612.00,34102.00,35440.00,2098.16618447
1698883200,2023-11-02,35440.00,35968.00,34320.00,34937.00,1636.75756043
1698969600,2023-11-03,34947.00,34947.00,34132.00,34727.00,1346.42679593
1699056000,2023-11-04,34734.00,35276.00,34609.00,35086.00,789.13294208
1699142400,2023-11-05,35086.00,35396.00,34495.00,35045.00,816.10442470
1699228800,2023-11-06,35043.00,35290.00,34766.00,35042.00,1069.01973133
1699315200,2023-11-07,35061.00,35891.00,34530.00,35414.00,1785.96420873
1699401600,2023-11-08,35417.00,36150.00,35111.00,35640.00,1364.35565296
1699488000,2023-11-09,35633.00,37978.00,35578.00,36693.00,3016.28242591
1699574400,2023-11-10,36700.00,37558.00,36343.00,37319.00,1622.63844082
1699660800,2023-11-11,37350.00,37422.00,36673.00,37152.00,808.30673359
1699747200,2023-11-12,37136.00,37237.00,36758.00,37086.00,549.56241452
1699833600,2023-11-13,37085.00,37421.00,36355.00,36485.00,1510.51918187
1699920000,2023-11-14,36474.00,36749.00,35002.00,35564.00,1717.04521008
1700006400,2023-11-15,35558.00,37975.00,35378.00,37877.00,2493.86082433
1700092800,2023-11-16,37886.00,37960.00,35539.00,36165.00,2074.97812228
1700179200,2023-11-17,36167.00,36800.00,35891.00,36625.00,1897.08043126
1700265600,2023-11-18,36626.00,36851.00,36211.00,36590.00,600.63676547
1700352000,2023-11-19,36591.00,37520.00,36420.00,37426.00,1248.86330778
1700438400,2023-11-20,37426.00,37769.00,36716.00,37480.00,2466.92303789
1700524800,2023-11-21,37473.00,37664.00,35758.00,35758.00,2635.34338929
1700611200,2023-11-22,35762.00,37865.00,35651.00,37424.00,2070.17231920
1700697600,2023-11-23,37432.00,37649.00,36886.00,37301.00,1022.40658624
1700784000,2023-11-24,37312.00,38437.00,37266.00,37746.00,1802.03174883
1700870400,2023-11-25,37750.00,37908.00,37619.00,37809.00,420.03700069
1700956800,2023-11-26,37811.00,37837.00,37173.00,37460.00,956.68366321
1701043200,2023-11-27,37467.00,37574.00,36727.00,37240.00,1461.30815081
1701129600,2023-11-28,37256.00,38420.00,36883.00,37839.00,2929.17942076
1701216000,2023-11-29,37842.00,38457.00,37597.00,37863.00,1596.97584281
1701302400,2023-11-30,37864.00,38173.00,37510.00,37719.00,1238.49574253
1701388800,2023-12-01,37731.00,39000.00,37628.00,38707.00,1584.74431912
1701475200,2023-12-02,38707.00,39725.00,38663.00,39474.00,1009.37914772
1701561600,2023-12-03,39474.00,40210.00,39304.00,39989.00,1030.43113816
1701648000,2023-12-04,39988.00,42404.00,39988.00,41985.00,2457.14266074
1701734400,2023-12-05,41979.00,44490.00,41415.00,44075.00,2381.71882149
1701820800,2023-12-06,44087.00,44282.00,43419.00,43764.00,1590.89524265
1701907200,2023-12-07,43764.00,44044.00,42849.00,43291.00,1537.57678097
1701993600,2023-12-08,43296.00,44729.00,43078.00,44193.00,1710.26021181
1702080000,2023-12-09,44210.00,44362.00,43605.00,43712.00,1039.35957631
1702166400,2023-12-10,43710.00,44038.00,43582.00,43786.00,872.82567587
1702252800,2023-12-11,43786.00,43801.00,40181.00,41242.00,4261.48533556
1702339200,2023-12-12,41232.00,42071.00,40649.00,41458.00,1610.56081406
1702425600,2023-12-13,41483.00,43440.00,40589.00,42888.00,2644.83644066
1702512000,2023-12-14,42899.00,43409.00,41509.00,43031.00,2002.07782305
1702598400,2023-12-15,43047.00,43082.00,41664.00,41925.00,1753.91862839
1702684800,2023-12-16,41926.00,42676.00,41639.00,42246.00,702.47727547
1702771200,2023-12-17,42228.00,42364.00,41266.00,41345.00,1244.14076490
1702857600,2023-12-18,41337.00,42732.00,40513.00,42650.00,2330.26582426
1702944000,2023-12-19,42664.00,43456.00,41794.00,42258.00,2275.97294212
1703030400,2023-12-20,42257.00,44291.00,42207.00,43665.00,2554.20268131
1703116800,2023-12-21,43667.00,44240.00,43305.00,43873.00,1843.00224824
1703203200,2023-12-22,43871.00,44409.00,43430.00,44002.00,1262.69067420
1703289600,2023-12-23,44011.00,44027.00,43347.00,43733.00,762.80816546
1703376000,2023-12-24,43730.00,43954.00,42700.00,43033.00,934.47643082
1703462400,2023-12-25,43015.00,43807.00,42771.00,43591.00,808.86227682
1703548800,2023-12-26,43587.00,43605.00,41639.00,42510.00,2476.91150728
1703635200,2023-12-27,42511.00,43698.00,42121.00,43473.00,2029.37372014
1703721600,2023-12-28,43468.00,43812.00,42288.00,42583.00,1410.60181535
1703808000,2023-12-29,42587.00,43128.00,41306.00,42072.00,2740.01043427
1703894400,2023-12-30,42069.00,42599.00,41529.00,42148.00,931.22212329
1703980800,2023-12-31,42148.00,42867.00,41976.00,42258.00,1192.72615807
1704067200,2024-01-01,42258.00,44192.00,42188.00,44187.00,1633.49861779
1704153600,2024-01-02,44187.00,45922.00,44167.00,44970.00,3948.65907593
1704240000,2024-01-03,44972.00,45510.00,41454.00,42865.00,3980.82805610
1704326400,2024-01-04,42863.00,44795.00,42656.00,44186.00,2918.11934919
1704412800,2024-01-05,44195.00,44366.00,42500.00,44184.00,3155.46638326
1704499200,2024-01-06,44189.00,44253.00,43440.00,43999.00,980.53899688
1704585600,2024-01-07,43988.00,44500.00,43636.00,43944.00,1747.44187033
1704672000,2024-01-08,43936.00,47281.00,43213.00,46995.00,3636.86100020
1704758400,2024-01-09,47012.00,47897.00,44903.00,46124.00,4033.07482445
1704844800,2024-01-10,46103.00,47751.00,44304.00,46681.00,4041.55249105
1704931200,2024-01-11,46678.00,49048.00,45600.00,46360.00,4473.02341050
1705017600,2024-01-12,46343.00,46516.00,41509.00,42778.00,5206.89076802
1705104000,2024-01-13,42772.00,43246.00,42440.00,42843.00,1045.15461483
1705190400,2024-01-14,42834.00,43060.00,41704.00,41715.00,1256.25694151
1705276800,2024-01-15,41701.00,43324.00,41680.00,42493.00,1455.98525511
1705363200,2024-01-16,42483.00,43566.00,42056.00,43131.00,2368.79032451
1705449600,2024-01-17,43128.00,43187.00,42172.00,42738.00,1669.71805706
1705536000,2024-01-18,42738.00,42871.00,40600.00,41283.00,2233.62523855
1705622400,2024-01-19,41250.00,42152.00,40258.00,41628.00,2637.87840623
1705708800,2024-01-20,41622.00,41854.00,41428.00,41673.00,751.43386965
1705795200,2024-01-21,41658.00,41849.00,41485.00,41560.00,466.94666893
1705881600,2024-01-22,41555.00,41649.00,39437.00,39528.00,3032.78218553
1705968000,2024-01-23,39515.00,40133.00,38505.00,39868.00,2741.44335926
1706054400,2024-01-24,39849.00,40515.00,39461.00,40074.00,2648.46142608
1706140800,2024-01-25,40074.00,40278.00,39531.00,39916.00,2295.83198262
1706227200,2024-01-26,39929.00,42233.00,39808.00,41818.00,3525.68226372
1706313600,2024-01-27,41817.00,42187.00,41396.00,42124.00,788.19903211
1706400000,2024-01-28,42126.00,42824.00,41629.00,42026.00,1354.31455222
1706486400,2024-01-29,42027.00,43305.00,41804.00,43305.00,2305.13461431
1706572800,2024-01-30,43302.00,43853.00,42692.00,42946.00,2291.56721174
1706659200,2024-01-31,42945.00,43738.00,42264.00,42558.00,3286.47977633
1706745600,2024-02-01,42548.00,43263.00,41859.00,43071.00,1870.52097244
1706832000,2024-02-02,43075.00,43451.00,42538.00,43183.00,1896.67516524
1706918400,2024-02-03,43183.00,43352.00,42876.00,42994.00,759.46228085
1707004800,2024-02-04,42991.00,43097.00,42243.00,42570.00,774.92253866
1707091200,2024-02-05,42568.00,43515.00,42244.00,42659.00,2029.09192619
1707177600,2024-02-06,42657.00,43366.00,42521.00,43092.00,1541.85229531
1707264000,2024-02-07,43093.00,44389.00,42764.00,44346.00,1666.78621772
1707350400,2024-02-08,44342.00,45587.00,44325.00,45300.00,3101.76569244
1707436800,2024-02-09,45299.00,48201.00,45252.00,47161.00,3267.79290468
1707523200,2024-02-10,47156.00,48186.00,46894.00,47770.00,1059.76317922
1707609600,2024-02-11,47770.00,48601.00,47593.00,48313.00,950.74155544
1707696000,2024-02-12,48313.00,50333.00,47720.00,49937.00,2595.07694979
1707782400,2024-02-13,49937.00,50385.00,48325.00,49720.00,2127.39796350
1707868800,2024-02-14,49728.00,52093.00,49267.00,51844.00,2470.06233311
1707955200,2024-02-15,51841.00,52884.00,51364.00,51942.00,2580.54668239
1708041600,2024-02-16,51935.00,52600.00,51615.00,52161.00,1766.36935764
1708128000,2024-02-17,52163.00,52210.00,50647.00,51664.00,999.96707794
1708214400,2024-02-18,51661.00,52393.00,51196.00,52130.00,925.21142925
1708300800,2024-02-19,52155.00,52496.00,51694.00,51789.00,1123.41042877
1708387200,2024-02-20,51776.00,53015.00,50770.00,52275.00,2464.04913744
1708473600,2024-02-21,52272.00,52397.00,50611.00,51843.00,2252.90787810
1708560000,2024-02-22,51857.00,52049.00,50921.00,51253.00,2025.24575372
1708646400,2024-02-23,51252.00,51507.00,50519.00,50743.00,1923.68472986
1708732800,2024-02-24,50738.00,51683.00,50581.00,51562.00,508.41676974
1708819200,2024-02-25,51564.00,51958.00,51282.00,51722.00,587.08498174
1708905600,2024-02-26,51738.00,54969.00,50909.00,54524.00,2566.50806379
1708992000,2024-02-27,54534.00,57615.00,54500.00,57068.00,4197.17042096
1709078400,2024-02-28,57065.00,64000.00,56724.00,62512.00,5991.00971487
1709164800,2024-02-29,62512.00,63684.00,60365.00,61161.00,4398.26024998
1709251200,2024-03-01,61161.00,63265.00,60801.00,62444.00,2116.10682875
1709337600,2024-03-02,62433.00,62488.00,61645.00,62042.00,856.26122565
1709424000,2024-03-03,62034.00,63249.00,61402.00,63142.00,1242.89272950
1709510400,2024-03-04,63140.00,68577.00,62376.00,68359.00,4423.23610151
1709596800,2024-03-05,68359.00,69210.00,59313.00,63796.00,7391.45419230
1709683200,2024-03-06,63815.00,67645.00,62843.00,66120.00,4235.32811565
1709769600,2024-03-07,66124.00,68061.00,65623.00,66941.00,3354.92016734
1709856000,2024-03-08,66928.00,70184.00,66264.00,68285.00,4423.05734977
1709942400,2024-03-09,68285.00,68685.00,68050.00,68463.00,856.10732179
1710028800,2024-03-10,68464.00,69999.00,68196.00,69026.00,1987.10943818
1710115200,2024-03-11,69013.00,72910.00,67120.00,72118.00,5028.35031787
1710201600,2024-03-12,72105.00,73054.00,68636.00,71473.00,4051.75855118
1710288000,2024-03-13,71473.00,73679.00,71340.00,73121.00,3647.59207209
1710374400,2024-03-14,73130.00,73794.00,68555.00,71371.00,4144.37504552
1710460800,2024-03-15,71387.00,72415.00,65569.00,69516.00,4952.41009755
1710547200,2024-03-16,69505.00,70069.00,64780.00,65248.00,2215.16496436
1710633600,2024-03-17,65245.00,68867.00,64522.00,68352.00,2040.41028069
1710720000,2024-03-18,68344.00,68902.00,66585.00,67613.00,2891.66816826
1710806400,2024-03-19,67603.00,68123.00,61447.00,61897.00,5318.12575849
1710892800,2024-03-20,61919.00,68168.00,60760.00,67872.00,4989.90459203
1710979200,2024-03-21,67842.00,68249.00,64537.00,65485.00,2935.80449282
1711065600,2024-03-22,65477.00,66631.00,62332.00,63807.00,2420.55836222
1711152000,2024-03-23,63812.00,66027.00,63016.00,64001.00,1252.51357681
1711238400,2024-03-24,64007.00,67613.00,63807.00,67188.00,1391.93505712
1711324800,2024-03-25,67208.00,71213.00,66407.00,69898.00,3049.19168605
1711411200,2024-03-26,69889.00,71572.00,69257.00,69997.00,2479.94799343
1711497600,2024-03-27,69999.00,71754.00,68362.00,69421.00,2306.37023009
1711584000,2024-03-28,69406.00,71587.00,68863.00,70803.00,2146.14929567
1711670400,2024-03-29,70769.00,70929.00,69073.00,69903.00,1131.13270761
1711756800,2024-03-30,69934.00,70344.00,69586.00,69613.00,589.84093164
1711843200,2024-03-31,69616.00,71391.00,69594.00,71285.00,857.97967024
1711929600,2024-04-01,71296.00,71296.00,68073.00,69699.00,2032.76552736
1712016000,2024-04-02,69694.00,69706.00,64545.00,65469.00,3531.62054860
1712102400,2024-04-03,65471.00,66942.00,64511.00,65988.00,1876.12270366
1712188800,2024-04-04,65984.00,69328.00,65100.00,68538.00,2332.36734433
1712275200,2024-04-05,68522.00,68767.00,65999.00,67857.00,2200.99431004
1712361600,2024-04-06,67851.00,69680.00,67476.00,68917.00,729.56296087
1712448000,2024-04-07,68907.00,70310.00,68858.00,69358.00,1123.92861936
1712534400,2024-04-08,69336.00,72756.00,69073.00,71613.00,2247.97574988
1712620800,2024-04-09,71623.00,71748.00,68217.00,69135.00,2320.07201561
1712707200,2024-04-10,69100.00,71150.00,67482.00,70630.00,2494.31665671
1712793600,2024-04-11,70638.00,71287.00,69555.00,70015.00,1976.13409975
1712880000,2024-04-12,70019.00,71236.00,65230.00,67150.00,2855.33007160
1712966400,2024-04-13,67146.00,67930.00,61308.00,64054.00,3638.57218138
1713052800,2024-04-14,64039.00,65859.00,62162.00,65749.00,2675.95110563
1713139200,2024-04-15,65748.00,66900.00,62340.00,63438.00,2619.50946939
1713225600,2024-04-16,63467.00,64376.00,61654.00,63830.00,2685.27308755
1713312000,2024-04-17,63821.00,64636.00,59672.00,61278.00,3227.19219541
1713398400,2024-04-18,61256.00,64182.00,60830.00,63515.00,2353.15232284
1713484800,2024-04-19,63512.00,65506.00,59629.00,63821.00,3756.32419865
1713571200,2024-04-20,63847.00,65450.00,63136.00,64990.00,1178.86192275
1713657600,2024-04-21,64978.00,65710.00,64294.00,64950.00,871.65106463
1713744000,2024-04-22,64951.00,67241.00,64545.00,66855.00,2019.58758121
1713830400,2024-04-23,66845.00,67201.00,65837.00,66421.00,1200.34622413
1713916800,2024-04-24,66413.00,67057.00,63554.00,64259.00,2072.24874267
1714003200,2024-04-25,64254.00,65286.00,62785.00,64493.00,1851.69406596
1714089600,2024-04-26,64488.00,64793.00,63306.00,63745.00,1213.85952947
1714176000,2024-04-27,63746.00,63903.00,62405.00,63429.00,833.17012398
1714262400,2024-04-28,63417.00,64310.00,62811.00,63098.00,807.23701868
1714348800,2024-04-29,63106.00,64181.00,61764.00,63832.00,1496.50152656
1714435200,2024-04-30,63849.00,64714.00,59068.00,60632.00,2740.34760244
1714521600,2024-05-01,60611.00,60786.00,56500.00,58256.00,3523.30096206
1714608000,2024-05-02,58272.00,59623.00,56932.00,59099.00,1700.09551590
1714694400,2024-05-03,59076.00,63340.00,58829.00,62915.00,2560.04102097
1714780800,2024-05-04,62907.00,64522.00,62585.00,63899.00,1400.47938778
1714867200,2024-05-05,63901.00,64625.00,62947.00,64021.00,918.78327523
1714953600,2024-05-06,64024.00,65513.00,62720.00,63164.00,1643.13715228
1715040000,2024-05-07,63159.00,64389.00,62278.00,62320.00,1357.12199145
1715126400,2024-05-08,62310.00,62996.00,60873.00,61181.00,1469.20210523
1715212800,2024-05-09,61143.00,63409.00,60634.00,63075.00,1386.15467473
1715299200,2024-05-10,63072.00,63876.00,60176.00,60793.00,2229.56085163
1715385600,2024-05-11,60799.00,61454.00,60474.00,60816.00,516.41893738
1715472000,2024-05-12,60813.00,61848.00,60600.00,61462.00,638.44732414
1715558400,2024-05-13,61446.00,63444.00,60758.00,62934.00,1831.88901336
1715644800,2024-05-14,62917.00,63075.00,61108.00,61543.00,1560.76591250
1715731200,2024-05-15,61552.00,66471.00,61322.00,66242.00,3794.61266735
1715817600,2024-05-16,66234.00,66766.00,64598.00,65252.00,1760.07421083
1715904000,2024-05-17,65252.00,67482.00,65129.00,67053.00,1703.98497047
1715990400,2024-05-18,67059.00,67391.00,66663.00,66930.00,526.31056179
1716076800,2024-05-19,66923.00,67654.00,65901.00,66275.00,535.79306702
1716163200,2024-05-20,66255.00,71500.00,66074.00,71401.00,2681.31745309
1716249600,2024-05-21,71435.00,71958.00,69156.00,70136.00,1968.84633605
1716336000,2024-05-22,70155.00,70649.00,68879.00,69118.00,1537.25078005
1716422400,2024-05-23,69151.00,70024.00,66343.00,67945.00,2160.78304618
1716508800,2024-05-24,67915.00,69254.00,66623.00,68548.00,1132.91119417
1716595200,2024-05-25,68549.00,69580.00,68503.00,69275.00,499.49995762
1716681600,2024-05-26,69288.00,69500.00,68136.00,68489.00,610.50115500
1716768000,2024-05-27,68471.00,70601.00,68225.00,69392.00,1406.51067265
1716854400,2024-05-28,69363.00,69513.00,67193.00,68327.00,2285.11775116
1716940800,2024-05-29,68347.00,68852.00,67096.00,67564.00,1273.08586449
1717027200,2024-05-30,67566.00,69524.00,67105.00,68338.00,1757.50551322
1717113600,2024-05-31,68330.00,69010.00,66624.00,67477.00,1880.05905818
1717200000,2024-06-01,67513.00,67810.00,67387.00,67723.00,368.62403719
1717286400,2024-06-02,67722.00,68405.00,67281.00,67752.00,544.36062430
1717372800,2024-06-03,67744.00,70268.00,67590.00,68801.00,2391.37592427
1717459200,2024-06-04,68798.00,71074.00,68553.00,70564.00,2051.63351034
1717545600,2024-06-05,70546.00,71759.00,69600.00,71119.00,2051.76991040
1717632000,2024-06-06,71109.00,71629.00,70116.00,70775.00,1673.76086776
1717718400,2024-06-07,70771.00,71949.00,68450.00,69326.00,3140.97127160
1717804800,2024-06-08,69321.00,69538.00,69150.00,69306.00,428.02241418
1717891200,2024-06-09,69306.00,69840.00,69131.00,69640.00,464.35226548
1717977600,2024-06-10,69649.00,70167.00,69173.00,69501.00,830.15464417
1718064000,2024-06-11,69506.00,69548.00,66011.00,67306.00,2436.68224536
1718150400,2024-06-12,67306.00,70007.00,66911.00,68243.00,2448.03512812
1718236800,2024-06-13,68240.00,68433.00,66242.00,66733.00,1996.65148870
1718323200,2024-06-14,66765.00,67314.00,64936.00,65996.00,2391.47091898
1718409600,2024-06-15,65995.00,66415.00,65828.00,66182.00,659.40470208
1718496000,2024-06-16,66181.00,66914.00,66010.00,66622.00,738.03468970
1718582400,2024-06-17,66622.00,67260.00,65066.00,66475.00,2463.17065550
1718668800,2024-06-18,66475.00,66559.00,64032.00,65145.00,2210.70701056
1718755200,2024-06-19,65141.00,65702.00,64664.00,64946.00,927.57952823
1718841600,2024-06-20,64947.00,66455.00,64516.00,64845.00,2185.32362168
1718928000,2024-06-21,64841.00,65004.00,63356.00,64102.00,1656.40021868
1719014400,2024-06-22,64116.00,64491.00,63917.00,64233.00,277.84084542
1719100800,2024-06-23,64245.00,64490.00,63136.00,63154.00,633.14997106
1719187200,2024-06-24,63152.00,63302.00,58456.00,60252.00,3965.34722322
1719273600,2024-06-25,60250.00,62395.00,60223.00,61789.00,2662.52829079
1719360000,2024-06-26,61798.00,62458.00,60675.00,60807.00,1392.69465818
1719446400,2024-06-27,60820.00,62323.00,60561.00,61622.00,1601.14628175
1719532800,2024-06-28,61609.00,62151.00,59923.00,60315.00,1742.50478624
1719619200,2024-06-29,60312.00,61114.00,60296.00,60879.00,580.79352981
1719705600,2024-06-30,60882.00,62931.00,60620.00,62676.00,969.08894969
1719792000,2024-07-01,62676.00,63794.00,62465.00,62829.00,1936.67850292
1719878400,2024-07-02,62822.00,63211.00,61731.00,62033.00,1129.73936644
1719964800,2024-07-03,62046.00,62196.00,59334.00,60142.00,2033.06355480
1720051200,2024-07-04,60165.00,60430.00,56748.00,57045.00,2423.25294936
1720137600,2024-07-05,57030.00,57500.00,53550.00,56632.00,3234.22856310
1720224000,2024-07-06,56632.00,58488.00,56044.00,58251.00,1203.36563905
1720310400,2024-07-07,58253.00,58441.00,55729.00,55829.00,1080.88868598
1720396800,2024-07-08,55852.00,58200.00,54296.00,56710.00,3198.87849576
1720483200,2024-07-09,56697.00,58278.00,56300.00,58033.00,2404.89549090
1720569600,2024-07-10,58028.00,59459.00,57152.00,57733.00,1861.63028273
1720656000,2024-07-11,57700.00,59516.00,57072.00,57348.00,2085.43922834
1720742400,2024-07-12,57345.00,58539.00,56551.00,57889.00,2139.09979841
1720828800,2024-07-13,57907.00,59853.00,57783.00,59226.00,1402.77014751
1720915200,2024-07-14,59257.00,61424.00,59257.00,60823.00,1472.24156208
1721001600,2024-07-15,60827.00,64926.00,60685.00,64769.00,3739.21959674
1721088000,2024-07-16,64759.00,65403.00,62446.00,65081.00,3199.09903583
1721174400,2024-07-17,65081.00,66129.00,63890.00,64091.00,1880.49090986
1721260800,2024-07-18,64104.00,65108.00,63227.00,63964.00,1526.40752618
1721347200,2024-07-19,63977.00,67466.00,63303.00,66705.00,3112.28542050
1721433600,2024-07-20,66705.00,67617.00,66284.00,67155.00,1186.52410101
1721520000,2024-07-21,67164.00,68364.00,65833.00,68158.00,1881.46231613
1721606400,2024-07-22,68170.00,68486.00,66583.00,67562.00,2375.20572016
1721692800,2024-07-23,67561.00,67776.00,65452.00,65944.00,2417.17885430
1721779200,2024-07-24,65943.00,67112.00,65117.00,65376.00,1796.81531975
1721865600,2024-07-25,65363.00,66135.00,63424.00,65796.00,2022.67493049
1721952000,2024-07-26,65794.00,68214.00,65712.00,67921.00,1786.03393977
1722038400,2024-07-27,67952.00,69404.00,66637.00,67892.00,1875.17940599
1722124800,2024-07-28,67837.00,68298.00,67064.00,68264.00,861.95803297
1722211200,2024-07-29,68240.00,70016.00,66445.00,66780.00,2363.69521213
1722297600,2024-07-30,66765.00,66983.00,65302.00,66171.00,1561.08596850
1722384000,2024-07-31,66170.00,66814.00,64507.00,64612.00,1629.25774256
1722470400,2024-08-01,64612.00,65568.00,62233.00,65293.00,2890.60704678
1722556800,2024-08-02,65293.00,65548.00,61169.00,61421.00,3479.04685468
1722643200,2024-08-03,61419.00,62151.00,59839.00,60672.00,1821.49896119
1722729600,2024-08-04,60669.00,61073.00,57155.00,58142.00,2394.63310114
1722816000,2024-08-05,58137.00,58280.00,49577.00,54014.00,8238.87212141
1722902400,2024-08-06,54040.00,57058.00,53977.00,56053.00,3769.72498337
1722988800,2024-08-07,56048.00,57737.00,54568.00,55136.00,3993.76663285
1723075200,2024-08-08,55132.00,62729.00,54748.00,61699.00,3876.67202263
1723161600,2024-08-09,61733.00,61740.00,59571.00,60860.00,2241.31073361
1723248000,2024-08-10,60842.00,61476.00,60270.00,60952.00,1018.51751275
1723334400,2024-08-11,60940.00,61868.00,58315.00,58725.00,1496.95386612
1723420800,2024-08-12,58718.00,60700.00,57681.00,59362.00,3412.56068233
1723507200,2024-08-13,59361.00,61600.00,58455.00,60620.00,2874.93115361
1723593600,2024-08-14,60607.00,61809.00,58456.00,58697.00,3027.98966223
1723680000,2024-08-15,58694.00,59851.00,56138.00,57557.00,3240.34341745
1723766400,2024-08-16,57556.00,59841.00,57104.00,58883.00,2945.17331922
1723852800,2024-08-17,58883.00,59704.00,58828.00,59487.00,913.41960834
1723939200,2024-08-18,59487.00,60271.00,58414.00,58430.00,1375.04482657
1724025600,2024-08-19,58440.00,59631.00,57844.00,59497.00,2045.09787264
1724112000,2024-08-20,59462.00,61424.00,58553.00,59012.00,2569.37875690
1724198400,2024-08-21,59012.00,61838.00,58816.00,61159.00,2508.01462281
1724284800,2024-08-22,61169.00,61416.00,59774.00,60383.00,1929.30627319
1724371200,2024-08-23,60383.00,64988.00,60348.00,64085.00,3470.07123728
1724457600,2024-08-24,64095.00,64506.00,63594.00,64174.00,1163.89809817
1724544000,2024-08-25,64176.00,65103.00,63814.00,64262.00,918.66616491
1724630400,2024-08-26,64248.00,64502.00,62826.00,62852.00,1460.73492982
1724716800,2024-08-27,62822.00,63236.00,58090.00,59427.00,2540.60072662
1724803200,2024-08-28,59433.00,60212.00,57866.00,59033.00,2782.47691366
1724889600,2024-08-29,59033.00,61182.00,58701.00,59365.00,2511.22388288
1724976000,2024-08-30,59363.00,59905.00,57721.00,59113.00,2039.74822306
1725062400,2024-08-31,59113.00,59431.00,58750.00,58967.00,738.75417566
1725148800,2024-09-01,58967.00,59060.00,57205.00,57310.00,1650.43196007
1725235200,2024-09-02,57278.00,59411.00,57131.00,59133.00,1642.91265395
1725321600,2024-09-03,59123.00,59803.00,57402.00,57493.00,1476.93435490
1725408000,2024-09-04,57506.00,58518.00,55602.00,57956.00,2077.78659826
1725494400,2024-09-05,57974.00,58315.00,55649.00,56158.00,1485.69244111
1725580800,2024-09-06,56179.00,56984.00,52546.00,53955.00,2938.39817610
1725667200,2024-09-07,53947.00,54839.00,53731.00,54147.00,1046.86393200
1725753600,2024-09-08,54150.00,55306.00,53636.00,54866.00,1237.77945151
1725840000,2024-09-09,54876.00,58070.00,54587.00,57059.00,2644.12002332
1725926400,2024-09-10,57056.00,58042.00,56406.00,57659.00,1878.56149502
1726012800,2024-09-11,57646.00,58000.00,55554.00,57342.00,3024.35845323
1726099200,2024-09-12,57342.00,58560.00,57335.00,58139.00,2392.01885139
1726185600,2024-09-13,58139.00,60670.00,57640.00,60545.00,2622.28151587
1726272000,2024-09-14,60551.00,60655.00,59438.00,60012.00,744.81553897
1726358400,2024-09-15,60012.00,60388.00,58708.00,59130.00,1377.74210648
1726444800,2024-09-16,59121.00,59209.00,57488.00,58212.00,1692.12077561
1726531200,2024-09-17,58208.00,61331.00,57627.00,60316.00,2677.19875968
1726617600,2024-09-18,60318.00,61787.00,59189.00,61757.00,3237.83084540
1726704000,2024-09-19,61765.00,63882.00,61584.00,62940.00,3050.81602877
1726790400,2024-09-20,62950.00,64121.00,62353.00,63211.00,1646.72507369
1726876800,2024-09-21,63189.00,63574.00,62760.00,63364.00,578.82075001
1726963200,2024-09-22,63364.00,63990.00,62390.00,63563.00,932.57108331
1727049600,2024-09-23,63577.00,64730.00,62585.00,63325.00,1113.07851811
1727136000,2024-09-24,63360.00,64677.00,62720.00,64260.00,1621.50232416
1727222400,2024-09-25,64291.00,64795.00,62941.00,63147.00,1172.76426267
1727308800,2024-09-26,63121.00,65851.00,62675.00,65175.00,1758.77420578
1727395200,2024-09-27,65171.00,66508.00,64840.00,65781.00,1261.81543351
1727481600,2024-09-28,65809.00,66255.00,65442.00,65876.00,557.50374744
1727568000,2024-09-29,65875.00,66071.00,65450.00,65601.00,487.19186994
1727654400,2024-09-30,65605.00,65634.00,62859.00,63302.00,1759.70729545
1727740800,2024-10-01,63331.00,64122.00,60164.00,60807.00,2797.97709897
1727827200,2024-10-02,60760.00,62350.00,59972.00,60634.00,2437.72512955
1727913600,2024-10-03,60627.00,61461.00,59860.00,60745.00,1412.60368684
1728000000,2024-10-04,60747.00,62473.00,60474.00,62081.00,1394.47802907
1728086400,2024-10-05,62080.00,62368.00,61699.00,62063.00,449.65424183
1728172800,2024-10-06,62057.00,62962.00,61816.00,62814.00,846.73208591
1728259200,2024-10-07,62831.00,64444.00,62130.00,62212.00,1815.26837202
1728345600,2024-10-08,62211.00,63172.00,61839.00,62133.00,1116.30278349
1728432000,2024-10-09,62114.00,62503.00,60268.00,60582.00,1354.90943313
1728518400,2024-10-10,60589.00,61246.00,58867.00,60278.00,1799.48728956
1728604800,2024-10-11,60278.00,63409.00,60041.00,62452.00,1582.70508322
1728691200,2024-10-12,62511.00,63455.00,62474.00,63194.00,685.69286582
1728777600,2024-10-13,63193.00,63271.00,62039.00,62849.00,653.16610878
1728864000,2024-10-14,62850.00,66479.00,62450.00,66070.00,2390.38938585
1728950400,2024-10-15,66070.00,67922.00,64802.00,67061.00,2488.99178965
1729036800,2024-10-16,67061.00,68388.00,66744.00,67622.00,1716.95969807
1729123200,2024-10-17,67608.00,67914.00,66631.00,67392.00,1298.22146294
1729209600,2024-10-18,67392.00,68998.00,67176.00,68420.00,1434.33126968
1729296000,2024-10-19,68420.00,68668.00,68020.00,68359.00,414.91156597
1729382400,2024-10-20,68367.00,69363.00,68102.00,69011.00,606.10309373
1729468800,2024-10-21,69011.00,69487.00,66815.00,67340.00,1752.72054327
1729555200,2024-10-22,67345.00,67784.00,66559.00,67382.00,1626.85964560
1729641600,2024-10-23,67382.00,67409.00,65000.00,66601.00,1927.84170953
1729728000,2024-10-24,66602.00,68800.00,66455.00,68155.00,2140.08818467
1729814400,2024-10-25,68155.00,68726.00,65521.00,66578.00,2730.81362994
1729900800,2024-10-26,66576.00,67352.00,66344.00,67003.00,489.32578253
1729987200,2024-10-27,67009.00,68232.00,66850.00,67938.00,739.97895752
1730073600,2024-10-28,67937.00,70218.00,67541.00,69918.00,2063.86332457
1730160000,2024-10-29,69918.00,73600.00,69716.00,72729.00,3975.69020310
1730246400,2024-10-30,72727.00,72928.00,71313.00,72331.00,2263.68354591
1730332800,2024-10-31,72330.00,72660.00,69591.00,70231.00,1776.40915493
1730419200,2024-11-01,70202.00,71596.00,68768.00,69490.00,2717.47179295
1730505600,2024-11-02,69468.00,69887.00,69015.00,69330.00,1047.12468684
1730592000,2024-11-03,69339.00,69354.00,67459.00,68738.00,1915.47157334
1730678400,2024-11-04,68738.00,69444.00,66798.00,67818.00,2538.34080221
1730764800,2024-11-05,67817.00,70538.00,67443.00,69386.00,2370.70518293
1730851200,2024-11-06,69396.00,76481.00,69284.00,75637.00,7732.00129394
1730937600,2024-11-07,75638.00,76990.00,74479.00,75921.00,3265.43357289
1731024000,2024-11-08,75918.00,77270.00,75665.00,76561.00,2466.52573117
1731110400,2024-11-09,76560.00,76941.00,75648.00,76722.00,837.82745419
1731196800,2024-11-10,76707.00,81482.00,76554.00,80425.00,2739.76560525
1731283200,2024-11-11,80426.00,89643.00,80280.00,88770.00,6695.15671543
1731369600,2024-11-12,88771.00,90243.00,85121.00,88031.00,8037.51453432
1731456000,2024-11-13,88038.00,93483.00,86263.00,90521.00,7338.02972770
1731542400,2024-11-14,90498.00,91804.00,86685.00,87333.00,3805.76164090
1731628800,2024-11-15,87298.00,91909.00,87119.00,91070.00,4491.15106913
1731715200,2024-11-16,91069.00,91778.00,90100.00,90608.00,1538.87717754
1731801600,2024-11-17,90643.00,91429.00,88709.00,89861.00,2016.09767635
1731888000,2024-11-18,89865.00,92624.00,89392.00,90512.00,4276.18821636
1731974400,2024-11-19,90514.00,94057.00,90407.00,92424.00,3884.88262437
1732060800,2024-11-20,92434.00,94942.00,91407.00,94373.00,9293.97029198
1732147200,2024-11-21,94374.00,99121.00,94106.00,98451.00,7280.76958238
1732233600,2024-11-22,98451.00,99800.00,97236.00,99013.00,4646.09454486
1732320000,2024-11-23,99010.00,99015.00,97226.00,97775.00,1719.12474462
1732406400,2024-11-24,97765.00,98660.00,95796.00,98007.00,1814.00757210
1732492800,2024-11-25,98021.00,98966.00,92584.00,93035.00,2969.54841533
1732579200,2024-11-26,93006.00,94999.00,90742.00,91928.00,3575.09743077
1732665600,2024-11-27,91929.00,97353.00,91760.00,95978.00,2999.13415798
1732752000,2024-11-28,95945.00,96658.00,94670.00,95661.00,2070.27076830
1732838400,2024-11-29,95670.00,98745.00,95410.00,97512.00,2410.84197795
1732924800,2024-11-30,97510.00,97510.00,96112.00,96441.00,646.22078077
1733011200,2024-12-01,96471.00,97880.00,95758.00,97291.00,884.65566050
1733097600,2024-12-02,97260.00,98200.00,94403.00,95859.00,3225.02101630
1733184000,2024-12-03,95858.00,96301.00,93590.00,95926.00,3484.90912488
1733270400,2024-12-04,95926.00,99250.00,94661.00,98773.00,4309.94473587
1733356800,2024-12-05,98751.00,103647.00,92092.00,97057.00,7450.45018748
1733443200,2024-12-06,96968.00,102098.00,96463.00,99898.00,2613.21105227
1733529600,2024-12-07,99898.00,100575.00,99121.00,99929.00,587.87674509
1733616000,2024-12-08,99969.00,101407.00,98752.00,101204.00,1073.32763391
1733702400,2024-12-09,101188.00,101271.00,94249.00,97468.00,2468.79283854
1733788800,2024-12-10,97318.00,98300.00,94306.00,96648.00,2092.49724122
1733875200,2024-12-11,96658.00,101961.00,95725.00,101201.00,2196.18137510
1733961600,2024-12-12,101238.00,102582.00,99309.00,100068.00,1393.19342191
1734048000,2024-12-13,99998.00,101918.00,99250.00,101435.00,1030.49421453
1734134400,2024-12-14,101433.00,102643.00,100643.00,101382.00,566.53660890
1734220800,2024-12-15,101408.00,105149.00,101243.00,104427.00,1369.98798554
1734307200,2024-12-16,104476.00,107821.00,103322.00,106073.00,2171.77263705
1734393600,2024-12-17,106109.00,108364.00,105363.00,106187.00,1405.93900566
1734480000,2024-12-18,106214.00,106523.00,99997.00,100153.00,2557.28814854
1734566400,2024-12-19,100133.00,102747.00,95537.00,97375.00,3425.50154490
1734652800,2024-12-20,97416.00,98123.00,92118.00,97760.00,2706.24143724
1734739200,2024-12-21,97745.00,99514.00,96399.00,97211.00,1740.04323929
1734825600,2024-12-22,97245.00,97376.00,94200.00,95098.00,2075.50874332
1734912000,2024-12-23,95100.00,96420.00,92389.00,94750.00,2428.60426472
1734998400,2024-12-24,94750.00,99419.00,93461.00,98596.00,1444.53568991
1735084800,2024-12-25,98637.00,99478.00,97576.00,99374.00,849.51224828
1735171200,2024-12-26,99357.00,99881.00,95111.00,95687.00,1501.36776618
1735257600,2024-12-27,95666.00,97337.00,93282.00,94168.00,2416.24232245
1735344000,2024-12-28,94159.00,95529.00,94026.00,95139.00,839.50518103
1735430400,2024-12-29,95119.00,95124.00,92868.00,93557.00,851.80554921
1735516800,2024-12-30,93564.00,94891.00,91315.00,92628.00,1841.04308392
1735603200,2024-12-31,92637.00,96117.00,91900.00,93381.00,1128.82793677
1735689600,2025-01-01,93347.00,94951.00,92768.00,94388.00,777.13942547
1735776000,2025-01-02,94380.00,97745.00,94205.00,96907.00,1219.19370744
1735862400,2025-01-03,96895.00,98951.00,96042.00,98133.00,1159.41909795
1735948800,2025-01-04,98133.00,98753.00,97540.00,98209.00,445.49130336
1736035200,2025-01-05,98218.00,98799.00,97277.00,98327.00,454.72019157
1736121600,2025-01-06,98389.00,102514.00,97919.00,102280.00,1742.61289193
1736208000,2025-01-07,102278.00,102760.00,96130.00,96946.00,1490.59996722
1736294400,2025-01-08,96922.00,97248.00,92502.00,95065.00,2081.04462750
1736380800,2025-01-09,95034.00,95333.00,91215.00,92542.00,1877.80058869
1736467200,2025-01-10,92545.00,95797.00,92227.00,94702.00,1798.96999215
1736553600,2025-01-11,94702.00,94975.00,93843.00,94568.00,639.87740098
1736640000,2025-01-12,94573.00,95363.00,93685.00,94497.00,570.97876662
1736726400,2025-01-13,94498.00,95846.00,89164.00,94505.00,2125.86232734
1736812800,2025-01-14,94537.00,97339.00,94345.00,96523.00,1477.80944326
1736899200,2025-01-15,96560.00,100715.00,96474.00,100512.00,1811.81706595
1736985600,2025-01-16,100512.00,100860.00,97319.00,99975.00,1817.77460574
1737072000,2025-01-17,99975.00,105932.00,99944.00,104119.00,3087.39708067
1737158400,2025-01-18,104119.00,104909.00,102238.00,104436.00,1306.42802809
1737244800,2025-01-19,104432.00,106294.00,99528.00,101237.00,2602.44233467
1737331200,2025-01-20,101191.00,109356.00,99462.00,102141.00,3921.86906882
1737417600,2025-01-21,102155.00,107265.00,100087.00,106149.00,3058.41033426
1737504000,2025-01-22,106149.00,106370.00,103322.00,103632.00,1713.55368827
1737590400,2025-01-23,103659.00,106848.00,101233.00,103933.00,3790.17304182
1737676800,2025-01-24,103922.00,107149.00,102754.00,104855.00,1725.23369955
1737763200,2025-01-25,104855.00,105237.00,104126.00,104738.00,735.89058503
1737849600,2025-01-26,104741.00,105424.00,102450.00,102573.00,798.34131897
1737936000,2025-01-27,102573.00,103186.00,97750.00,102090.00,3210.12625421
1738022400,2025-01-28,102065.00,103745.00,100225.00,101292.00,1721.67321227
1738108800,2025-01-29,101291.00,104769.00,101288.00,103747.00,1535.93165933
1738195200,2025-01-30,103768.00,106447.00,103313.00,104738.00,1543.13930195
1738281600,2025-01-31,104737.00,106046.00,101303.00,102412.00,2016.51235916
1738368000,2025-02-01,102408.00,102754.00,100270.00,100638.00,785.48911683
1738454400,2025-02-02,100638.00,101430.00,96168.00,97675.00,1747.97820698
1738540800,2025-02-03,97670.00,102569.00,91530.00,101457.00,4081.88402077
1738627200,2025-02-04,101456.00,101785.00,96147.00,97786.00,2068.16739103
1738713600,2025-02-05,97809.00,99168.00,96181.00,96614.00,1576.92222741
1738800000,2025-02-06,96614.00,99174.00,95678.00,96573.00,1723.92521071
1738886400,2025-02-07,96566.00,100185.00,95662.00,96535.00,1936.93167774
1738972800,2025-02-08,96534.00,96896.00,95700.00,96472.00,615.71243239
1739059200,2025-02-09,96472.00,97337.00,94726.00,96477.00,1008.66870716
1739145600,2025-02-10,96533.00,98349.00,95307.00,97469.00,994.10887876
1739232000,2025-02-11,97465.00,98490.00,94853.00,95754.00,1284.47141085
1739318400,2025-02-12,95756.00,98144.00,94091.00,97882.00,1476.47049215
1739404800,2025-02-13,97882.00,98091.00,95249.00,96627.00,857.75893529
1739491200,2025-02-14,96631.00,98871.00,96300.00,97520.00,1251.27268760
1739577600,2025-02-15,97515.00,97974.00,97237.00,97591.00,335.74480408
1739664000,2025-02-16,97591.00,97727.00,96066.00,96132.00,445.57381146
1739750400,2025-02-17,96066.00,97014.00,95227.00,95772.00,800.63807134
1739836800,2025-02-18,95779.00,96714.00,93340.00,95612.00,1415.52902397
1739923200,2025-02-19,95612.00,96866.00,95011.00,96642.00,1420.10472761
1740009600,2025-02-20,96639.00,98758.00,96439.00,98337.00,1681.57650135
1740096000,2025-02-21,98335.00,99508.00,94805.00,96131.00,2838.77561898
1740182400,2025-02-22,96137.00,96967.00,95750.00,96572.00,795.72262624
1740268800,2025-02-23,96571.00,96666.00,95260.00,96262.00,539.91447530
1740355200,2025-02-24,96264.00,96492.00,91330.00,91554.00,1692.14741385
1740441600,2025-02-25,91516.00,92512.00,85953.00,88576.00,4284.62546279
1740528000,2025-02-26,88573.00,89279.00,82133.00,84071.00,3118.75478282
1740614400,2025-02-27,84150.00,86988.00,82615.00,84639.00,2559.94908433
1740700800,2025-02-28,84621.00,85082.00,78197.00,84321.00,3567.36797341
1740787200,2025-03-01,84316.00,86517.00,83803.00,86033.00,1461.96601707
1740873600,2025-03-02,86031.00,95152.00,85029.00,94273.00,3153.02965002
1740960000,2025-03-03,94272.00,94422.00,85069.00,86160.00,2856.70424439
1741046400,2025-03-04,86161.00,88922.00,81463.00,87240.00,3206.20571035
1741132800,2025-03-05,87262.00,90993.00,86397.00,90611.00,1832.66540574
1741219200,2025-03-06,90590.00,92790.00,87835.00,89918.00,2169.68972472
1741305600,2025-03-07,89922.00,91277.00,84713.00,86759.00,3286.78015466
1741392000,2025-03-08,86754.00,86861.00,85190.00,86192.00,579.74911104
1741478400,2025-03-09,86204.00,86469.00,80000.00,80708.00,1710.17938787
1741564800,2025-03-10,80728.00,84007.00,77393.00,78561.00,2977.79268756
1741651200,2025-03-11,78599.00,83568.00,76600.00,82869.00,2656.56371178
1741737600,2025-03-12,82941.00,84437.00,80607.00,83620.00,2469.21846953
1741824000,2025-03-13,83677.00,84287.00,79910.00,81079.00,1830.00089168
1741910400,2025-03-14,81084.00,85294.00,80801.00,83975.00,1986.99511377
1741996800,2025-03-15,83984.00,84672.00,83633.00,84347.00,486.19010212
1742083200,2025-03-16,84362.00,85059.00,81983.00,82555.00,1178.20234353
1742169600,2025-03-17,82569.00,84741.00,82466.00,84058.00,1198.89639605
1742256000,2025-03-18,83930.00,83989.00,81138.00,82715.00,1290.21505333
1742342400,2025-03-19,82694.00,87010.00,82567.00,86868.00,1926.60953491
1742428800,2025-03-20,86870.00,87470.00,83631.00,84158.00,1877.13235545
1742515200,2025-03-21,84179.00,84801.00,83142.00,84061.00,1146.50782993
1742601600,2025-03-22,84050.00,84490.00,83682.00,83823.00,316.86484991
1742688000,2025-03-23,83806.00,86116.00,83806.00,86084.00,649.91397891
1742774400,2025-03-24,86084.00,88772.00,85541.00,87512.00,1888.33413141
1742860800,2025-03-25,87488.00,88539.00,86321.00,87436.00,2134.77215325
1742947200,2025-03-26,87448.00,88296.00,85869.00,86913.00,1552.95977276
1743033600,2025-03-27,86966.00,87755.00,85828.00,87219.00,1289.37289710
1743120000,2025-03-28,87224.00,87481.00,83544.00,84379.00,1392.33624956
1743206400,2025-03-29,84384.00,84561.00,81629.00,82608.00,745.39345360
1743292800,2025-03-30,82608.00,83500.00,81551.00,82359.00,840.38263469
1743379200,2025-03-31,82367.00,83914.00,81287.00,82538.00,1937.33727970
1743465600,2025-04-01,82537.00,85530.00,82417.00,85170.00,1504.00240153
1743552000,2025-04-02,85171.00,88563.00,81188.00,82502.00,2861.64666347
1743638400,2025-04-03,82477.00,83896.00,81200.00,83132.00,1777.45240819
1743724800,2025-04-04,83182.00,84708.00,81659.00,83851.00,2005.88282699
1743811200,2025-04-05,83852.00,84226.00,82358.00,83507.00,518.18185430
1743897600,2025-04-06,83514.00,83741.00,77098.00,78342.00,2165.48130222
1743984000,2025-04-07,78381.00,81180.00,74434.00,79127.00,4083.99710956
1744070400,2025-04-08,79134.00,80836.00,76159.00,76244.00,2245.50901040
1744156800,2025-04-09,76252.00,83565.00,74588.00,82595.00,4038.27621051
1744243200,2025-04-10,82594.00,82722.00,78424.00,79543.00,1564.07737754
1744329600,2025-04-11,79558.00,84257.00,78942.00,83384.00,1728.84098877
1744416000,2025-04-12,83384.00,85892.00,82784.00,85274.00,847.63757574
1744502400,2025-04-13,85277.00,86084.00,83031.00,83712.00,1210.92223051
1744588800,2025-04-14,83774.00,85787.00,83680.00,84583.00,1425.88175716
1744675200,2025-04-15,84583.00,86450.00,83612.00,83686.00,1162.91179825
1744761600,2025-04-16,83632.00,85528.00,83102.00,84046.00,1593.44839937
1744848000,2025-04-17,84045.00,85478.00,83751.00,84954.00,1119.58782405
1744934400,2025-04-18,84954.00,85121.00,84310.00,84468.00,323.24096242
1745020800,2025-04-19,84466.00,85611.00,84367.00,85069.00,631.49083813
1745107200,2025-04-20,85074.00,85305.00,83974.00,85198.00,462.80974618
1745193600,2025-04-21,85197.00,88527.00,85134.00,87505.00,2179.81586603
1745280000,2025-04-22,87505.00,93928.00,87094.00,93481.00,2859.46920600
1745366400,2025-04-23,93482.00,94700.00,91970.00,93730.00,2423.42691580
1745452800,2025-04-24,93730.00,94035.00,91700.00,94010.00,1192.70817510
1745539200,2025-04-25,94010.00,95857.00,92891.00,94726.00,2287.68750103
1745625600,2025-04-26,94720.00,95249.00,93934.00,94662.00,518.68073079
1745712000,2025-04-27,94662.00,95353.00,93685.00,93769.00,582.20526798
1745798400,2025-04-28,93780.00,95633.00,92846.00,95041.00,1571.43868511
1745884800,2025-04-29,95040.00,95479.00,93775.00,94285.00,877.67378025
1745971200,2025-04-30,94284.00,95269.00,92946.00,94181.00,1384.24362580
1746057600,2025-05-01,94181.00,97470.00,94141.00,96535.00,1742.18663518
1746144000,2025-05-02,96557.00,97938.00,96399.00,96925.00,919.20772116
1746230400,2025-05-03,96926.00,96956.00,95800.00,95916.00,696.37418877
1746316800,2025-05-04,95850.00,96295.00,94162.00,94316.00,562.77317581
1746403200,2025-05-05,94301.00,95198.00,93550.00,94725.00,936.93369617
1746489600,2025-05-06,94725.00,96895.00,93376.00,96814.00,1074.63503655
1746576000,2025-05-07,96815.00,97717.00,95823.00,97054.00,1333.27237851
1746662400,2025-05-08,97059.00,104159.00,96907.00,103261.00,2303.46314389
1746748800,2025-05-09,103234.00,104332.00,102350.00,102991.00,1336.08590855
1746835200,2025-05-10,102992.00,104985.00,102845.00,104809.00,624.26506624
1746921600,2025-05-11,104809.00,104958.00,103369.00,104129.00,718.36832309
1747008000,2025-05-12,104138.00,105706.00,100764.00,102796.00,1914.47205431
1747094400,2025-05-13,102796.00,104997.00,101471.00,104135.00,1432.50405705
1747180800,2025-05-14,104126.00,104357.00,102622.00,103531.00,1171.49377037
1747267200,2025-05-15,103514.00,104184.00,101442.00,103793.00,1339.09330148
1747353600,2025-05-16,103800.00,104570.00,103137.00,103506.00,994.76037696
1747440000,2025-05-17,103503.00,103720.00,102668.00,103153.00,459.80988884
1747526400,2025-05-18,103172.00,106635.00,103149.00,106520.00,905.17939556
1747612800,2025-05-19,106520.00,107115.00,102126.00,105622.00,1677.93212340
1747699200,2025-05-20,105630.00,107340.00,104232.00,106855.00,1462.42485262
1747785600,2025-05-21,106891.00,110730.00,106141.00,109682.00,2430.79413683
1747872000,2025-05-22,109696.00,112000.00,109252.00,111743.00,1375.74025669
1747958400,2025-05-23,111742.00,111816.00,106827.00,107329.00,1588.22862639
1748044800,2025-05-24,107319.00,109501.00,106908.00,107799.00,577.06680579
1748131200,2025-05-25,107798.00,109383.00,106666.00,109068.00,908.97625311
1748217600,2025-05-26,109114.00,110461.00,108759.00,109468.00,736.73662452
1748304000,2025-05-27,109474.00,110789.00,107562.00,108980.00,1296.61250535
1748390400,2025-05-28,108980.00,109307.00,106804.00,107811.00,1079.82738975
1748476800,2025-05-29,107821.00,108924.00,105374.00,105578.00,1431.77890157
1748563200,2025-05-30,105577.00,106329.00,103675.00,104034.00,1224.11022278
1748649600,2025-05-31,103988.00,104947.00,103127.00,104646.00,483.31138627
1748736000,2025-06-01,104646.00,105908.00,103832.00,105705.00,648.06747831
1748822400,2025-06-02,105677.00,106001.00,103708.00,105905.00,941.73137580
1748908800,2025-06-03,105890.00,106854.00,104947.00,105454.00,924.42389243
1748995200,2025-06-04,105426.00,106036.00,104219.00,104745.00,791.94847355
1749081600,2025-06-05,104734.00,105959.00,100426.00,101559.00,1374.32950890
1749168000,2025-06-06,101558.00,105416.00,101159.00,104393.00,1474.94148302
1749254400,2025-06-07,104416.00,105959.00,103992.00,105619.00,613.87145578
1749340800,2025-06-08,105619.00,106507.00,105060.00,105792.00,353.13072588
1749427200,2025-06-09,105791.00,110587.00,105389.00,110307.00,1163.27877626
1749513600,2025-06-10,110311.00,110400.00,108403.00,110292.00,920.65276216
1749600000,2025-06-11,110292.00,110398.00,108113.00,108678.00,717.48831230
1749686400,2025-06-12,108670.00,108833.00,105731.00,105731.00,855.76506249
1749772800,2025-06-13,105725.00,106209.00,102816.00,106118.00,1268.16488329
1749859200,2025-06-14,106117.00,106250.00,104376.00,105464.00,516.90004886
1749945600,2025-06-15,105475.00,106163.00,104532.00,105617.00,487.58970132
1750032000,2025-06-16,105612.00,108990.00,105023.00,106829.00,932.05599039
1750118400,2025-06-17,106853.00,107773.00,103388.00,104584.00,1157.65258947
1750204800,2025-06-18,104617.00,105566.00,103521.00,104922.00,971.05031921
1750291200,2025-06-19,104922.00,105254.00,103957.00,104688.00,464.84582604
1750377600,2025-06-20,104682.00,106521.00,102309.00,103316.00,971.51619457
1750464000,2025-06-21,103329.00,104013.00,100945.00,102139.00,817.52134527
1750550400,2025-06-22,102198.00,103387.00,98240.00,101015.00,1366.05281274
1750636800,2025-06-23,100990.00,106125.00,99705.00,105464.00,1771.47809411
1750723200,2025-06-24,105418.00,106344.00,104695.00,106131.00,1158.17542632
1750809600,2025-06-25,106132.00,108182.00,105872.00,107418.00,1202.13073102
1750896000,2025-06-26,107417.00,108358.00,106640.00,107004.00,791.37974938
1750982400,2025-06-27,107005.00,107794.00,106351.00,107100.00,1286.60711501
1751068800,2025-06-28,107100.00,107584.00,106880.00,107348.00,204.99976689
1751155200,2025-06-29,107353.00,108546.00,107239.00,108384.00,526.42907649
1751241600,2025-06-30,108389.00,108800.00,106751.00,107179.00,809.67116800
1751328000,2025-07-01,107164.00,107560.00,105280.00,105709.00,918.59180036
1751414400,2025-07-02,105698.00,109802.00,105130.00,108885.00,910.95167606
1751500800,2025-07-03,108885.00,110557.00,108586.00,109648.00,902.39480928
1751587200,2025-07-04,109647.00,109799.00,107303.00,108033.00,607.88228740
1751673600,2025-07-05,108033.00,108416.00,107811.00,108240.00,219.21691172
1751760000,2025-07-06,108240.00,109717.00,107858.00,109233.00,420.08244319
1751846400,2025-07-07,109231.00,109711.00,107520.00,108287.00,708.78251782
1751932800,2025-07-08,108286.00,109225.00,107471.00,108947.00,676.89664809
1752019200,2025-07-09,108947.00,112040.00,108352.00,111287.00,1206.49472676
1752105600,2025-07-10,111318.00,117000.00,110610.00,116031.00,1983.52144626
1752192000,2025-07-11,116038.00,118839.00,115226.00,117579.00,1872.27005924
1752278400,2025-07-12,117579.00,118227.00,116971.00,117464.00,657.61118852
1752364800,2025-07-13,117464.00,119482.00,117256.00,119135.00,699.60199797
1752451200,2025-07-14,119140.00,123236.00,118972.00,119879.00,2008.67990115
1752537600,2025-07-15,119862.00,119945.00,115729.00,117769.00,5844.55673110
1752624000,2025-07-16,117770.00,120086.00,117047.00,118718.00,1446.65793099
1752710400,2025-07-17,118692.00,121000.00,117506.00,119275.00,1630.82389973
1752796800,2025-07-18,119275.00,120900.00,116915.00,118022.00,1825.06401069
1752883200,2025-07-19,118023.00,118553.00,117352.00,117916.00,499.25171162
1752969600,2025-07-20,117917.00,118896.00,116551.00,117339.00,615.19846734
1753056000,2025-07-21,117220.00,119682.00,116594.00,117437.00,1334.50157800
1753142400,2025-07-22,117437.00,120297.00,116186.00,120011.00,1298.08983461
1753228800,2025-07-23,120011.00,120165.00,117376.00,118813.00,980.23169548
1753315200,2025-07-24,118795.00,119525.00,117201.00,118347.00,1079.42129756
1753401600,2025-07-25,118400.00,118509.00,114518.00,117653.00,5661.93875187
1753488000,2025-07-26,117652.00,118340.00,117196.00,117962.00,618.43322749
1753574400,2025-07-27,117983.00,119798.00,117888.00,119469.00,579.57477524
1753660800,2025-07-28,119514.00,119826.00,117400.00,118051.00,1062.35423495
1753747200,2025-07-29,118068.00,119267.00,116928.00,117926.00,1161.32333055
1753833600,2025-07-30,117926.00,118775.00,115784.00,117834.00,1043.63562888
1753920000,2025-07-31,117833.00,118904.00,115512.00,115750.00,1022.71220262
1754006400,2025-08-01,115749.00,116054.00,112680.00,113243.00,2329.78743891
1754092800,2025-08-02,113243.00,114008.00,111987.00,112522.00,1093.67089437
1754179200,2025-08-03,112522.00,114774.00,111919.00,114226.00,757.70817537
1754265600,2025-08-04,114245.00,115732.00,114129.00,115051.00,933.27650923
1754352000,2025-08-05,115051.00,115106.00,112660.00,114133.00,941.80637472
1754438400,2025-08-06,114129.00,115729.00,113365.00,115030.00,1202.63711783
1754524800,2025-08-07,115030.00,117675.00,114280.00,117515.00,1447.58301804
1754611200,2025-08-08,117515.00,117661.00,115896.00,116675.00,1599.13538797
1754697600,2025-08-09,116675.00,117929.00,116350.00,116495.00,985.99079289
1754784000,2025-08-10,116490.00,119310.00,116490.00,119310.00,1018.22600871
1754870400,2025-08-11,119312.00,122312.00,118043.00,118712.00,2061.10609204
1754956800,2025-08-12,118711.00,120304.00,118214.00,120107.00,1834.33264903
1755043200,2025-08-13,120113.00,123715.00,118940.00,123360.00,2624.51093464
1755129600,2025-08-14,123360.00,124517.00,117201.00,118394.00,2568.14323965
1755216000,2025-08-15,118393.00,119336.00,116856.00,117446.00,1480.94500475
1755302400,2025-08-16,117445.00,118057.00,117252.00,117460.00,818.55779223
1755388800,2025-08-17,117451.00,118626.00,117266.00,117490.00,822.50240192
1755475200,2025-08-18,117465.00,117622.00,114706.00,116265.00,1938.43650897
1755561600,2025-08-19,116295.00,116765.00,112702.00,112870.00,1676.74821297
1755648000,2025-08-20,112870.00,114618.00,112353.00,114263.00,2261.15590441
1755734400,2025-08-21,114263.00,114801.00,111972.00,112472.00,1865.84099631
1755820800,2025-08-22,112471.00,117421.00,111658.00,116891.00,2747.02375092
1755907200,2025-08-23,116908.00,116985.00,114536.00,115392.00,1011.76407870
1755993600,2025-08-24,115391.00,115626.00,110671.00,113478.00,1706.85921657
1756080000,2025-08-25,113491.00,113645.00,109283.00,110136.00,2458.05879872
1756166400,2025-08-26,110128.00,112400.00,108717.00,111788.00,1921.06840005
1756252800,2025-08-27,111789.00,112646.00,110381.00,111273.00,1115.69227815
1756339200,2025-08-28,111272.00,113473.00,110876.00,112581.00,1313.36312523
1756425600,2025-08-29,112581.00,112654.00,107488.00,108362.00,1977.32412474
1756512000,2025-08-30,108376.00,108924.00,107389.00,108827.00,790.83013066
1756598400,2025-08-31,108827.00,109503.00,108092.00,108269.00,747.36779711
1756684800,2025-09-01,108268.00,109907.00,107270.00,109244.00,1584.06180608
1756771200,2025-09-02,109255.00,111775.00,108426.00,111238.00,2118.59829056
1756857600,2025-09-03,111238.00,112615.00,110550.00,111759.00,2089.17921268
1756944000,2025-09-04,111758.00,112223.00,109343.00,110747.00,1931.55865495
1757030400,2025-09-05,110738.00,113402.00,110226.00,110669.00,2214.24201717
1757116800,2025-09-06,110668.00,111314.00,110021.00,110223.00,753.36082686
1757203200,2025-09-07,110223.00,111597.00,110212.00,111144.00,1147.75813028
1757289600,2025-09-08,111144.00,112935.00,110624.00,112098.00,1382.32507241
1757376000,2025-09-09,112097.00,113279.00,110768.00,111531.00,1444.08044039
1757462400,2025-09-10,111551.00,114348.00,110932.00,113988.00,1623.88652527
1757548800,2025-09-11,113987.00,115533.00,113460.00,115533.00,1488.74398210
1757635200,2025-09-12,115533.00,116805.00,114770.00,116108.00,2158.42031268
1757721600,2025-09-13,116108.00,116364.00,115177.00,115981.00,637.92000888
1757808000,2025-09-14,115980.00,116216.00,115190.00,115342.00,709.05249747
1757894400,2025-09-15,115316.00,116786.00,114421.00,115387.00,1496.61808415
1757980800,2025-09-16,115389.00,117006.00,114776.00,116837.00,1255.43431844
1758067200,2025-09-17,116836.00,117323.00,114747.00,116477.00,2153.84805045
1758153600,2025-09-18,116482.00,117968.00,116144.00,117125.00,2093.19820754
1758240000,2025-09-19,117124.00,117506.00,115144.00,115702.00,1802.70990238
1758326400,2025-09-20,115703.00,116197.00,115479.00,115759.00,1111.98890244
1758412800,2025-09-21,115758.00,115901.00,115258.00,115292.00,789.19772796
1758499200,2025-09-22,115275.00,115435.00,111986.00,112741.00,1951.76217647
1758585600,2025-09-23,112741.00,113344.00,111463.00,112025.00,1468.03878727
1758672000,2025-09-24,112025.00,114005.00,111115.00,113339.00,1320.90667792
1758758400,2025-09-25,113351.00,113542.00,108652.00,109021.00,2615.57202808
1758844800,2025-09-26,109021.00,110372.00,108676.00,109696.00,1849.10982840
1758931200,2025-09-27,109694.00,109789.00,109130.00,109679.00,475.39719794
1759017600,2025-09-28,109679.00,112375.00,109239.00,112203.00,789.14477935
1759104000,2025-09-29,112203.00,114486.00,111597.00,114379.00,1866.13986072
1759190400,2025-09-30,114359.00,114842.00,112714.00,114065.00,1873.80348877
1759276800,2025-10-01,114079.00,118708.00,113982.00,118668.00,2297.03276139
1759363200,2025-10-02,118674.00,121106.00,118355.00,120612.00,2079.67690093
1759449600,2025-10-03,120645.00,123966.00,119353.00,122308.00,3097.07232266
1759536000,2025-10-04,122329.00,122885.00,121575.00,122441.00,628.47218404
1759622400,2025-10-05,122458.00,125725.00,122209.00,123519.00,1675.31764003
1759708800,2025-10-06,123519.00,126272.00,123148.00,124728.00,2416.90198150
1759795200,2025-10-07,124728.00,125235.00,120648.00,121395.00,2470.10489687
1759881600,2025-10-08,121407.00,124220.00,121113.00,123345.00,2511.13170614
1759968000,2025-10-09,123349.00,123819.00,119736.00,121695.00,2339.50892075
1760054400,2025-10-10,121695.00,122582.00,109683.00,112996.00,4713.81894506
1760140800,2025-10-11,112989.00,113444.00,109711.00,110764.00,2954.91390717
1760227200,2025-10-12,110769.00,115854.00,109711.00,115090.00,2969.34386191
1760313600,2025-10-13,115089.00,116035.00,113751.00,115265.00,1947.58068078
1760400000,2025-10-14,115275.00,115508.00,109971.00,113078.00,2253.66732902
1760486400,2025-10-15,113077.00,113655.00,110217.00,110804.00,2023.01367329
1760572800,2025-10-16,110804.00,112012.00,107450.00,108206.00,3004.36833057
1760659200,2025-10-17,108206.00,109261.00,103530.00,106476.00,4616.53928421
1760745600,2025-10-18,106470.00,107534.00,106368.00,107220.00,852.54214319
1760832000,2025-10-19,107214.00,109488.00,106137.00,108684.00,2023.09215463
1760918400,2025-10-20,108683.00,111717.00,107452.00,110580.00,2416.65967333
1761004800,2025-10-21,110580.00,114088.00,107460.00,108372.00,4329.34460736
1761091200,2025-10-22,108324.00,109160.00,106101.00,107595.00,2975.12108444
1761177600,2025-10-23,107572.00,111336.00,107510.00,110111.00,1735.25029935
1761264000,2025-10-24,110110.00,112066.00,109731.00,111039.00,1412.66498963
1761350400,2025-10-25,111038.00,111945.00,110704.00,111668.00,461.82280861
1761436800,2025-10-26,111658.00,115447.00,111281.00,114551.00,953.31627049
1761523200,2025-10-27,114551.00,116381.00,113856.00,114101.00,1510.78251849
1761609600,2025-10-28,114101.00,116077.00,112218.00,112925.00,1398.61067380
1761696000,2025-10-29,112920.00,113654.00,109265.00,110038.00,1666.55640703
1761782400,2025-10-30,110037.00,111603.00,106303.00,108306.00,2489.03576718
1761868800,2025-10-31,108307.00,111049.00,108272.00,109554.00,1789.04697521
1761955200,2025-11-01,109554.00,110478.00,109370.00,110047.00,566.13804885
1762041600,2025-11-02,110039.00,111129.00,109475.00,110530.00,971.54551341
1762128000,2025-11-03,110524.00,110730.00,105300.00,106548.00,2920.15812883
1762214400,2025-11-04,106550.00,107260.00,98898.00,101466.00,5333.62771462
1762300800,2025-11-05,101473.00,104532.00,98943.00,103865.00,2852.19774457
1762387200,2025-11-06,103865.00,104187.00,100246.00,101284.00,2708.20760477
1762473600,2025-11-07,101288.00,104044.00,99192.00,103275.00,2790.81081749
1762560000,2025-11-08,103275.00,103345.00,101435.00,102286.00,1224.83513732
1762646400,2025-11-09,102295.00,105425.00,101394.00,104705.00,1718.06176241
1762732800,2025-11-10,104677.00,106623.00,104256.00,105972.00,1858.36284442
1762819200,2025-11-11,105972.00,107465.00,102442.00,103015.00,1836.83844770
1762905600,2025-11-12,103027.00,105301.00,100812.00,101635.00,1780.49932854
1762992000,2025-11-13,101634.00,104019.00,97950.00,99618.00,3403.60227589
1763078400,2025-11-14,99618.00,99815.00,93961.00,94509.00,6242.59326859
1763164800,2025-11-15,94511.00,96736.00,94491.00,95539.00,1766.66154855
1763251200,2025-11-16,95540.00,96538.00,92929.00,94187.00,2865.93071437
1763337600,2025-11-17,94186.00,95938.00,91168.00,92102.00,4149.83016963
1763424000,2025-11-18,92112.00,93753.00,89189.00,92911.00,4742.04243662
1763510400,2025-11-19,92911.00,92936.00,88497.00,91474.00,3769.12562257
1763596800,2025-11-20,91468.00,93065.00,85912.00,86527.00,5180.91421150
1763683200,2025-11-21,86511.00,87386.00,80537.00,85060.00,8467.35355799
1763769600,2025-11-22,85054.00,85530.00,83432.00,84679.00,2384.78905136
1763856000,2025-11-23,84686.00,88082.00,84624.00,86803.00,2773.78769575
1763942400,2025-11-24,86808.00,89222.00,85225.00,88277.00,4092.88381218
1764028800,2025-11-25,88276.00,88463.00,86076.00,87331.00,2871.17184890
1764115200,2025-11-26,87331.00,90646.00,86304.00,90477.00,2971.04093074
1764201600,2025-11-27,90476.00,91926.00,90091.00,91325.00,1908.75344376
1764288000,2025-11-28,91326.00,93091.00,90233.00,90913.00,2305.99037956
1764374400,2025-11-29,90913.00,91179.00,90216.00,90832.00,681.59946371
1764460800,2025-11-30,90832.00,91969.00,90362.00,90382.00,1020.91842738
1764547200,2025-12-01,90369.00,90421.00,83814.00,86291.00,4297.00035160
1764633600,2025-12-02,86291.00,92328.00,86190.00,91300.00,4590.27780876
1764720000,2025-12-03,91303.00,94172.00,91030.00,93472.00,4462.81522934
1764806400,2025-12-04,93460.00,94086.00,90903.00,92103.00,2700.62528856
1764892800,2025-12-05,92109.00,92690.00,88156.00,89348.00,3068.81366007
1764979200,2025-12-06,89342.00,90286.00,88932.00,89249.00,1058.74373020
1765065600,2025-12-07,89256.00,91767.00,87744.00,90405.00,2387.94536185
1765152000,2025-12-08,90406.00,92296.00,89618.00,90649.00,3033.70925459
1765238400,2025-12-09,90642.00,94652.00,89558.00,92695.00,3420.15950535
1765324800,2025-12-10,92693.00,94494.00,91579.00,92036.00,3493.06940422
1765411200,2025-12-11,92037.00,93562.00,89269.00,92531.00,3855.94833075
1765497600,2025-12-12,92531.00,92757.00,89466.00,90275.00,2653.35034927
1765584000,2025-12-13,90275.00,90640.00,89789.00,90264.00,588.93067670
1765670400,2025-12-14,90260.00,90492.00,87607.00,88164.00,2245.28512647
1765756800,2025-12-15,88170.00,90015.00,85140.00,86412.00,3042.86671686
1765843200,2025-12-16,86413.00,88135.00,85260.00,87843.00,2848.88747564
1765929600,2025-12-17,87842.00,90317.00,85274.00,86215.00,3340.00609663
1766016000,2025-12-18,86214.00,89423.00,84398.00,85460.00,3975.60917787
1766102400,2025-12-19,85459.00,89349.00,85078.00,88095.00,3013.66290940
1766188800,2025-12-20,88095.00,88522.00,87791.00,88324.00,593.71520281
1766275200,2025-12-21,88324.00,89017.00,87576.00,88636.00,1067.66979397
1766361600,2025-12-22,88637.00,90536.00,87867.00,88539.00,3033.70931489
1766448000,2025-12-23,88554.00,88876.00,86561.00,87423.00,2425.45718247
1766534400,2025-12-24,87423.00,87976.00,86363.00,87605.00,1586.51838352
1766620800,2025-12-25,87605.00,88516.00,86896.00,87172.00,1026.06124365
1766707200,2025-12-26,87168.00,89476.00,86584.00,87296.00,1995.30168019
1766793600,2025-12-27,87296.00,87902.00,87180.00,87810.00,482.15727159
1766880000,2025-12-28,87802.00,88001.00,87377.00,87870.00,559.35879313
1766966400,2025-12-29,87871.00,90307.00,86701.00,87119.00,2713.91365162
1767052800,2025-12-30,87111.00,89310.00,86718.00,88390.00,1997.61555935
1767139200,2025-12-31,88390.00,89079.00,87085.00,87496.00,1905.50552287
1767225600,2026-01-01,87496.00,88782.00,87268.00,88728.00,1395.46879155
1767312000,2026-01-02,88728.00,90925.00,88284.00,89952.00,3580.71314243
1767398400,2026-01-03,89952.00,90677.00,89289.00,90590.00,830.75213082
1767484800,2026-01-04,90590.00,91728.00,90590.00,91501.00,1249.27665922
1767571200,2026-01-05,91498.00,94792.00,91484.00,93876.00,3369.25944401
1767657600,2026-01-06,93876.00,94418.00,91221.00,93712.00,2746.41034800
1767744000,2026-01-07,93712.00,93712.00,90526.00,91273.00,2544.89091077
1767830400,2026-01-08,91273.00,91562.00,89199.00,91031.00,3047.61486403
1767916800,2026-01-09,91032.00,91924.00,89596.00,90510.00,2812.73160800
1768003200,2026-01-10,90510.00,90694.00,90286.00,90382.00,416.98576685
1768089600,2026-01-11,90382.00,91146.00,90090.00,90872.00,856.51847229
1768176000,2026-01-12,90872.00,92392.00,90016.00,91195.00,2412.57727240
1768262400,2026-01-13,91195.00,96474.00,90949.00,95366.00,4730.60046022
1768348800,2026-01-14,95367.00,97939.00,94249.00,96942.00,5227.41310032
1768435200,2026-01-15,96946.00,97165.00,95113.00,95577.00,2812.14817177
1768521600,2026-01-16,95583.00,95811.00,94251.00,95521.00,1782.92777503
1768608000,2026-01-17,95520.00,95603.00,95011.00,95113.00,471.76539206
1768694400,2026-01-18,95113.00,95480.00,93584.00,93636.00,918.99519084
1768780800,2026-01-19,93627.00,93632.00,91917.00,92560.00,1871.62721794
1768867200,2026-01-20,92559.00,92799.00,87777.00,88316.00,4353.64058910
1768953600,2026-01-21,88317.00,90471.00,87193.00,89374.00,4896.02575856
1769040000,2026-01-22,89373.00,90254.00,88421.00,89464.00,2031.68926269
1769126400,2026-01-23,89468.00,91122.00,88463.00,89493.00,2347.64120002
1769212800,2026-01-24,89493.00,89778.00,89037.00,89089.00,472.12028436
1769299200,2026-01-25,89089.00,89180.00,86000.00,86567.00,1952.93731653
1769385600,2026-01-26,86568.00,88750.00,86422.00,88247.00,2317.09931351
1769472000,2026-01-27,88247.00,89416.00,87197.00,89135.00,2324.46278911
1769558400,2026-01-28,89135.00,90438.00,88722.00,89168.00,2234.89028223
1769644800,2026-01-29,89167.00,89214.00,83242.00,84530.00,3681.40597733
1769731200,2026-01-30,84520.00,84599.00,81040.00,84130.00,5197.26894551
1769817600,2026-01-31,84124.00,84137.00,75555.00,78635.00,5126.14877716
1769904000,2026-02-01,78644.00,79322.00,75651.00,76888.00,3780.29100762
1769990400,2026-02-02,76888.00,79301.00,74532.00,78666.00,5904.57069753
1770076800,2026-02-03,78666.00,79113.00,72863.00,75662.00,6491.42242041
1770163200,2026-02-04,75661.00,76873.00,71704.00,73000.00,6664.20590605
1770249600,2026-02-05,73000.00,73175.00,62200.00,62795.00,12980.44506677
1770336000,2026-02-06,62795.00,71673.00,59930.00,70531.00,12389.36347229
1770422400,2026-02-07,70515.00,71622.00,67313.00,69246.00,5313.40541323
1770508800,2026-02-08,69249.00,72174.00,68850.00,70283.00,3209.08442200
1770595200,2026-02-09,70283.00,71383.00,68265.00,70094.00,4251.33624282
1770681600,2026-02-10,70094.00,70465.00,67870.00,68802.00,4052.50039834
1770768000,2026-02-11,68801.00,69235.00,65719.00,67053.00,6069.91114912
1770854400,2026-02-12,67034.00,68364.00,65080.00,66207.00,3577.43834177
1770940800,2026-02-13,66205.00,69405.00,65828.00,68812.00,3679.26812952
1771027200,2026-02-14,68812.00,70513.00,68701.00,69791.00,1855.00880250
1771113600,2026-02-15,69791.00,70937.00,68044.00,68792.00,2583.79100836
1771200000,2026-02-16,68792.00,70066.00,67268.00,68867.00,2561.43683283
1771286400,2026-02-17,68867.00,69205.00,66557.00,67468.00,3173.29499982
1771372800,2026-02-18,67469.00,68428.00,65840.00,66425.00,3269.12137366
1771459200,2026-02-19,66425.00,67281.00,65620.00,66973.00,2883.19175749
1771545600,2026-02-20,66973.00,68298.00,66431.00,67992.00,4286.25286820
1771632000,2026-02-21,67992.00,68668.00,67518.00,67966.00,1421.65471687
1771718400,2026-02-22,67967.00,68224.00,67160.00,67612.00,1206.46701391
1771804800,2026-02-23,67612.00,67654.00,63868.00,64630.00,5280.32214230
1771891200,2026-02-24,64630.00,64984.00,62525.00,64059.00,4165.22296831
1771977600,2026-02-25,64059.00,70038.00,63920.00,67994.00,6032.18559863
1772064000,2026-02-26,67993.00,68841.00,66511.00,67488.00,3855.80807448
1772150400,2026-02-27,67488.00,68207.00,64935.00,65868.00,4056.20640648
1772236800,2026-02-28,65868.00,67743.00,63037.00,66985.00,5941.59308309
1772323200,2026-03-01,66982.00,68201.00,65051.00,65771.00,4640.41251723
1772409600,2026-03-02,65776.00,70111.00,65259.00,68821.00,6481.12468127
1772496000,2026-03-03,68821.00,69256.00,66147.00,68336.00,5194.30176765
1772582400,2026-03-04,68336.00,74075.00,67405.00,72691.00,6743.89222058
1772668800,2026-03-05,72691.00,73573.00,70671.00,70896.00,4548.71307503
1772755200,2026-03-06,70898.00,71415.00,67753.00,68114.00,3520.23830882
1772841600,2026-03-07,68114.00,68543.00,66943.00,67269.00,1602.73980283
1772928000,2026-03-08,67269.00,68186.00,65623.00,65975.00,2829.70777868
1773014400,2026-03-09,65974.00,69575.00,65844.00,68453.00,4665.57773266
1773100800,2026-03-10,68453.00,71775.00,68400.00,69963.00,5202.71519204
1773187200,2026-03-11,69958.00,71335.00,68991.00,70196.00,4649.31092584
1773273600,2026-03-12,70196.00,70805.00,69222.00,70529.00,4885.75029631
1773360000,2026-03-13,70537.00,73933.00,70412.00,70949.00,4593.78432038
1773446400,2026-03-14,70947.00,71308.00,70305.00,71218.00,1520.25473636
1773532800,2026-03-15,71218.00,73223.00,70878.00,72831.00,2292.61546545
1773619200,2026-03-16,72849.00,74916.00,72294.00,74876.00,3772.15166866
1773705600,2026-03-17,74884.00,76013.00,73429.00,73928.00,3923.49624615
1773792000,2026-03-18,73931.00,74676.00,70492.00,71259.00,3059.47018424
1773878400,2026-03-19,71241.00,71604.00,68799.00,69921.00,3381.21580722
1773964800,2026-03-20,69921.00,71356.00,69399.00,70502.00,2786.90640315
1774051200,2026-03-21,70498.00,71082.00,68563.00,68910.00,1361.20269127
1774137600,2026-03-22,68910.00,69564.00,67354.00,67860.00,2109.61591510
1774224000,2026-03-23,67853.00,71801.00,67435.00,70883.00,3654.99346849
1774310400,2026-03-24,70875.00,71382.00,68893.00,70519.00,3323.54868049
1774396800,2026-03-25,70519.00,72026.00,70387.00,71301.00,2612.72355105
1774483200,2026-03-26,71305.00,71405.00,68110.00,68779.00,3000.04397195
1774569600,2026-03-27,68779.00,69127.00,65505.00,66359.00,3005.97680194
1774656000,2026-03-28,66359.00,67245.00,65883.00,66321.00,869.91978741
1774742400,2026-03-29,66320.00,67067.00,64955.00,65954.00,1293.83955401
1774828800,2026-03-30,65961.00,68109.00,65741.00,66731.00,2769.15090500
1774915200,2026-03-31,66741.00,68517.00,65926.00,68215.00,2152.37368471
1775001600,2026-04-01,68215.00,69268.00,67542.00,68102.00,2176.81429582
1775088000,2026-04-02,68104.00,68644.00,65696.00,66890.00,1629.62243304
1775174400,2026-04-03,66890.00,67359.00,66282.00,66944.00,799.76548750
1775260800,2026-04-04,66949.00,67528.00,66782.00,67290.00,407.12820026
1775347200,2026-04-05,67296.00,69104.00,66608.00,68999.00,645.41692971
1775433600,2026-04-06,69005.00,70355.00,68332.00,68857.00,1269.73380382
1775520000,2026-04-07,68856.00,72762.00,67724.00,71940.00,1555.84363090
1775606400,2026-04-08,71911.00,72865.00,70705.00,71110.00,1681.53724973
1775692800,2026-04-09,71064.00,73159.00,70480.00,71812.00,1764.99624298
1775779200,2026-04-10,71797.00,73465.00,71432.00,72980.00,2356.29877946
1775865600,2026-04-11,72980.00,73832.00,72559.00,73071.00,760.05196907
1775952000,2026-04-12,73060.00,73166.00,70526.00,70746.00,953.31624651
1776038400,2026-04-13,70742.00,74911.00,70584.00,74447.00,3621.42257600
1776124800,2026-04-14,74451.00,76120.00,73861.00,74184.00,4058.73780895
1776211200,2026-04-15,74183.00,75445.00,73528.00,74818.00,824.24583731
1776297600,2026-04-16,74828.00,75541.00,73309.00,75178.00,1166.08154755
1776384000,2026-04-17,75172.00,78384.00,74571.00,77108.00,2558.43952030
1776470400,2026-04-18,77107.00,77451.00,75441.00,75737.00,576.88981552
1776556800,2026-04-19,75734.00,76264.00,73804.00,73825.00,794.50078642
1776643200,2026-04-20,73834.00,76597.00,73753.00,75870.00,812.61140257
1776729600,2026-04-21,75870.00,76944.00,74817.00,76345.00,1106.67718991
1776816000,2026-04-22,76346.00,79500.00,76154.00,78208.00,1500.95939972
1776902400,2026-04-23,78209.00,78695.00,76988.00,78269.00,928.43606242
1776988800,2026-04-24,78269.00,78557.00,77295.00,77466.00,861.89309297
1777075200,2026-04-25,77460.00,77906.00,77173.00,77639.00,273.88400022
1777161600,2026-04-26,77639.00,78969.00,77348.00,78660.00,608.62901057
1777248000,2026-04-27,78666.00,79490.00,76455.00,77373.00,886.75879861
1777334400,2026-04-28,77374.00,77474.00,75657.00,76323.00,931.62772644
1777420800,2026-04-29,76324.00,77882.00,74912.00,75745.00,1208.06442879
1777507200,2026-04-30,75746.00,76629.00,75299.00,76310.00,584.61885651
1777593600,2026-05-01,76310.00,78924.00,76294.00,78232.00,829.68234395
1777680000,2026-05-02,78232.00,79157.00,78036.00,78690.00,360.45077711
1777766400,2026-05-03,78690.00,79437.00,78082.00,78565.00,447.91420445
1777852800,2026-05-04,78563.00,80768.00,78203.00,79844.00,1590.76805531
1777939200,2026-05-05,79855.00,81781.00,79810.00,80913.00,1256.80498750
1778025600,2026-05-06,80904.00,82833.00,80728.00,81447.00,974.73027712
1778112000,2026-05-07,81436.00,81706.00,79500.00,80017.00,1030.93447403
1778198400,2026-05-08,80005.00,80500.00,79168.00,80199.00,861.34554464
1778284800,2026-05-09,80200.00,81063.00,80135.00,80665.00,260.35013444
1778371200,2026-05-10,80665.00,82458.00,80269.00,82193.00,509.08425565
1778457600,2026-05-11,82197.00,82361.00,80429.00,81736.00,1098.10551499
1778544000,2026-05-12,81736.00,81767.00,79820.00,80491.00,1020.45687485
1778630400,2026-05-13,80495.00,81288.00,78704.00,79284.00,1405.79319836
1778716800,2026-05-14,79291.00,82047.00,78893.00,81075.00,2920.28181374
1778803200,2026-05-15,81075.00,81650.00,78611.00,79062.00,1056.97680617
1778889600,2026-05-16,79064.00,79186.00,77614.00,78118.00,443.01524369
1778976000,2026-05-17,78117.00,78573.00,76689.00,77412.00,469.14631985
1779062400,2026-05-18,77419.00,77753.00,76000.00,76949.00,1128.06007716
1779148800,2026-05-19,76955.00,77357.00,76088.00,76757.00,550.76924548
1779235200,2026-05-20,76762.00,77782.01,76440.00,77470.50,723.02197773
1779321600,2026-05-21,77482.86,78122.49,76647.94,77554.00,723.28086911
1779408000,2026-05-22,77565.86,77819.99,75285.00,75451.01,725.05091980
1779494400,2026-05-23,75451.01,77302.52,74192.21,76655.99,967.23232230
1779580800,2026-05-24,76654.00,77427.00,76015.00,76974.88,496.89495019
1779667200,2026-05-25,76974.88,77830.83,76833.00,77254.92,518.69582604
1779753600,2026-05-26,77255.00,78002.74,75559.41,75820.94,1137.32088336
1779840000,2026-05-27,75820.95,76047.00,74127.01,74330.48,881.66520786
1779926400,2026-05-28,74330.47,74461.71,72461.53,73519.16,1415.43760493
1780012800,2026-05-29,73526.41,74223.00,72394.58,73373.29,968.72667883
1780099200,2026-05-30,73373.30,74024.77,73125.86,73762.15,357.56268745
1780185600,2026-05-31,73775.00,74162.97,73289.97,73567.99,421.37448096
1780272000,2026-06-01,73568.00,73984.48,70574.13,71313.86,1811.51510088
1780358400,2026-06-02,71305.47,71309.61,66099.58,66668.60,3062.12034726
1780444800,2026-06-03,66669.99,67417.99,63991.31,64045.64,2990.47757587
1780531200,2026-06-04,64045.63,64687.36,61310.19,63814.80,5828.84132012
1780617600,2026-06-05,63811.00,63915.41,59100.00,61042.14,5485.96092016
1780704000,2026-06-06,61032.64,61503.35,59485.04,60858.64,1210.53410993
1780790400,2026-06-07,60850.82,64196.66,60717.66,63315.72,1423.34858338
1780876800,2026-06-08,63306.56,64191.09,62370.00,63061.78,2143.33985315
1780963200,2026-06-09,63068.48,63491.41,60718.00,61685.44,2619.16979905
1781049600,2026-06-10,61685.43,62808.52,60678.99,61456.49,2140.36256101
1781136000,2026-06-11,61452.99,63840.01,61452.99,63558.21,1556.87947910
1781222400,2026-06-12,63558.20,64348.63,62761.04,63531.04,1263.51892611
1781308800,2026-06-13,63539.04,64742.88,63409.94,64440.00,561.39256420
1781395200,2026-06-14,64423.99,65758.99,63642.58,65712.50,779.26765605
1781481600,2026-06-15,65713.19,67253.17,65315.92,66282.05,1590.05635192
1781568000,2026-06-16,66282.05,66949.01,65301.00,65612.86,1296.44629285
1781654400,2026-06-17,65612.85,66390.79,63861.31,64443.27,1568.83412340
1781740800,2026-06-18,64448.09,64754.21,62178.00,62889.92,1547.32883980
1781827200,2026-06-19,62889.92,63606.48,62245.01,63487.34,918.36907249
1781913600,2026-06-20,63487.34,64334.69,63133.21,64245.72,610.71977158
1782000000,2026-06-21,64225.99,64522.00,63197.23,63237.18,551.09674747
1782086400,2026-06-22,63237.17,65555.13,63237.17,63948.96,1437.39073712
1782172800,2026-06-23,63948.95,64199.85,61860.01,62651.43,1351.74022349
1782259200,2026-06-24,62651.43,63137.00,59018.45,60987.00,2180.37620984
1782345600,2026-06-25,60981.45,61865.72,58035.28,59696.26,2130.48721866
1782432000,2026-06-26,59710.91,60656.42,58240.91,60019.38,2185.00058617
1782518400,2026-06-27,60021.01,60850.00,59766.78,59940.07,508.53190375
1782604800,2026-06-28,59940.06,60447.61,58806.76,59473.29,634.06945764
1782691200,2026-06-29,59473.29,60692.20,58800.83,60163.86,1820.90791220
1782777600,2026-06-30,60163.85,60184.93,58076.49,58526.17,1527.12409907
1782864000,2026-07-01,58526.63,61280.50,57734.63,59963.46,1390.17261075
1782950400,2026-07-02,59957.30,62136.70,59523.85,61479.10,1886.84255097
1783036800,2026-07-03,61478.28,62894.88,61169.93,62522.46,1067.97160731
1783123200,2026-07-04,62522.45,63454.80,62279.50,63086.18,606.07859629
1783209600,2026-07-05,63089.64,63945.23,62389.98,63587.06,590.31403493
1783296000,2026-07-06,63587.05,64657.29,61246.23,64000.10,1497.89511585
1783382400,2026-07-07,64000.11,64263.34,62605.01,63311.30,1305.02995553
1783468800,2026-07-08,63322.54,63711.85,61480.73,62237.84,902.04205645
1783555200,2026-07-09,62238.20,63442.98,61641.44,63185.92,879.06661154
1783641600,2026-07-10,63179.96,64653.09,62883.44,64114.25,989.88205770
1783728000,2026-07-11,64116.45,64467.19,63777.01,63780.01,373.71337011
1783814400,2026-07-12,63780.00,64233.00,63588.71,63743.46,358.98577813
1783900800,2026-07-13,63743.51,64384.90,61750.06,62256.81,1038.09649603
1783987200,2026-07-14,62256.80,65063.99,62203.26,64975.72,1066.83456731
1784073600,2026-07-15,65000.00,65518.04,64435.14,64713.83,1005.03285047
1784160000,2026-07-16,64713.83,64941.56,63700.01,63788.02,795.59627502
1784246400,2026-07-17,63782.65,64347.12,62470.01,63891.98,1173.51036409
1784332800,2026-07-18,63891.98,64825.94,63849.77,64792.35,387.44873134
1784419200,2026-07-19,64792.57,64918.84,64239.27,64681.58,480.10924279
1784505600,2026-07-20,64688.70,65747.46,63705.77,65212.60,1506.90189803
1784592000,2026-07-21,65212.60,66920.74,65108.55,66518.68,1289.11475833
1784678400,2026-07-22,66519.80,66697.57,65488.36,66082.49,984.25922288
1784764800,2026-07-23,66086.87,66268.25,64590.00,65050.48,1131.52154987
1784851200,2026-07-24,65050.47,65765.40,63666.00,64086.59,916.37917245
1784937600,2026-07-25,64086.59,64384.68,63744.38,64307.90,351.44623629
1785024000,2026-07-26,64306.95,65518.58,64232.38,65338.88,395.91905760
1785110400,2026-07-27,65338.88,65679.50,63536.94,63697.72,1022.46271431
1785196800,2026-07-28,63697.72,64034.96,62683.93,63850.53,1034.53000264
1785283200,2026-07-29,63849.63,64658.00,63198.67,63894.39,1199.20177592
1785369600,2026-07-30,63894.24,65100.00,63514.36,64716.76,1195.48420629
1785456000,2026-07-31,64716.76,65340.42,62369.00,62817.96,1235.25524562
1785542400,2026-08-01,62817.96,63088.09,62216.81,62759.82,445.31419101
1785628800,2026-08-02,62759.82,63725.00,62754.40,63499.99,485.53607284
1785715200,2026-08-03,63499.99,64023.90,62216.00,63460.01,924.01565811
1785801600,2026-08-04,63460.89,64482.02,63270.00,64056.48,1012.02481152
1785888000,2026-08-05,64056.47,64995.84,63820.01,64600.22,1116.54614458
1785974400,2026-08-06,64600.21,64932.21,64094.00,64255.55,1131.90351550
1786060800,2026-08-07,64265.53,65339.98,64103.00,64877.77,1964.13539171
1786147200,2026-08-08,64877.77,65134.90,64801.24,64908.72,520.80456173
1786233600,2026-08-09,64908.72,65415.69,64684.71,64857.27,628.89456178
1786320000,2026-08-10,64857.26,65333.41,63737.02,63911.16,1480.54318461
1786406400,2026-08-11,63911.15,64447.00,63173.91,63542.82,1378.44718852
1786492800,2026-08-12,63539.69,64410.61,63240.01,63406.33,1617.70676449
1786579200,2026-08-13,63406.33,63936.18,62782.77,63418.04,1675.84013733
1786665600,2026-08-14,63418.05,63552.94,62470.00,62975.97,1244.03485310
1786752000,2026-08-15,62975.97,63112.96,62863.54,63025.94,318.97333488
1786838400,2026-08-16,63025.93,63310.16,62652.70,62831.66,534.53133128
1786924800,2026-08-17,62831.65,64551.30,62689.89,64484.76,2083.29342512
1787011200,2026-08-18,64488.02,65000.00,63982.23,64686.09,1663.10641737
1787097600,2026-08-19,64686.09,70033.39,64112.88,69297.78,4829.36084086
1787184000,2026-08-20,69298.02,73370.15,68858.17,73007.70,4199.95886284
1787270400,2026-08-21,73000.01,79461.00,73000.01,78325.11,6239.29952159
1787356800,2026-08-22,78325.29,78800.11,76525.41,77065.64,1540.63267264
1787443200,2026-08-23,77065.63,78032.60,75568.18,77716.48,1541.98384930
1787529600,2026-08-24,77723.58,79989.36,76664.18,78986.06,2794.80659801
1787616000,2026-08-25,78985.15,81255.06,77850.00,78534.93,2638.50124393
1787702400,2026-08-26,78536.30,79224.40,77626.89,79022.66,1508.94193139
1787788800,2026-08-27,79022.65,80819.98,78573.39,80278.98,3073.12963145
1787875200,2026-08-28,80278.99,81454.98,76876.88,77835.18,3147.57326254
1787961600,2026-08-29,77835.18,78328.63,77345.28,78235.02,809.27102639
1788048000,2026-08-30,78235.01,79385.99,77023.78,77701.70,1401.20396097
1788134400,2026-08-31,77659.15,79249.85,77381.47,78571.17,2264.23417349
1788220800,2026-09-01,78571.18,79184.00,76380.13,77397.43,2851.04332419
1788307200,2026-09-02,77397.43,77747.28,76228.56,77301.83,1643.47814236
1788393600,2026-09-03,77294.61,82280.62,76940.96,81265.00,2498.55416454
1788480000,2026-09-04,81265.00,81426.37,78645.01,79676.60,2226.87926884
1788566400,2026-09-05,79676.60,80187.04,79464.65,79830.42,552.23014980
1788652800,2026-09-06,79830.42,80537.40,79218.00,80338.98,746.17053140
1788739200,2026-09-07,80338.98,80430.96,78685.00,79090.41,1253.60427642
1788825600,2026-09-08,79090.42,79455.12,77602.59,78449.00,1607.04652470
1788912000,2026-09-09,78449.01,79741.64,77760.00,78281.65,1787.66218132
1788998400,2026-09-10,78281.65,78526.26,76452.89,76528.75,1622.87031798
1789084800,2026-09-11,76528.60,79836.83,76040.02,77212.48,2773.54564116
1789171200,2026-09-12,77212.48,77480.00,77060.00,77269.22,499.05342596
1789257600,2026-09-13,77269.21,77417.67,76480.00,76808.69,981.62415399
1789344000,2026-09-14,76804.19,79579.16,76370.36,78185.01,2451.20669841
1789430400,2026-09-15,78185.01,78241.56,74913.43,75577.29,2966.54321896
1789516800,2026-09-16,75577.29,76471.23,74962.49,76138.60,1683.17477769
1789603200,2026-09-17,76138.60,77083.20,75949.99,76354.94,1420.05650508
1789689600,2026-09-18,76354.93,81376.86,76235.90,80878.77,2129.79425665
1789776000,2026-09-19,80878.78,81913.69,80823.13,81235.14,1047.02886333
1789862400,2026-09-20,81235.13,81452.45,80106.10,81151.65,849.32563024
1789948800,2026-09-21,81151.64,87373.64,80851.86,86586.52,3037.52099851
1790035200,2026-09-22,86586.52,86700.00,85094.48,86201.35,2202.56160068
1790121600,2026-09-23,86201.35,87271.74,83508.00,84384.54,1502.69933501
1790208000,2026-09-24,84393.87,84900.00,82873.04,84383.03,1717.78144649
1790294400,2026-09-25,84383.03,85238.37,83161.00,84089.54,1580.67563698
1790380800,2026-09-26,84089.55,84451.48,83788.72,84433.05,563.48488566
1790467200,2026-09-27,84433.05,85130.74,84120.00,84457.20,753.87301086
1790553600,2026-09-28,84455.38,84973.02,82555.44,83461.65,1812.67242254
1790640000,2026-09-29,83466.13,84540.31,82743.87,83629.41,1350.22732623
1790726400,2026-09-30,83636.77,85600.00,82922.80,83562.58,1819.36061020
1790812800,2026-10-01,83555.46,85232.94,83130.14,84852.65,1410.05930015
1790899200,2026-10-02,84851.22,87219.40,83841.27,84500.84,1967.87867971
1790985600,2026-10-03,84500.85,85008.25,84433.06,84746.87,454.30931790
1791072000,2026-10-04,84746.88,86770.50,84712.95,86510.16,748.65395358
1791158400,2026-10-05,86490.27,86968.58,85396.75,86248.02,947.77587551
