timestamp,date,open,high,low,close,volume
1514764800,2018-01-01,743.50,768.87,722.02,752.78,29181.94175805
1514851200,2018-01-02,754.50,888.00,754.50,858.60,67628.4884339
1514937600,2018-01-03,858.60,950.00,850.00,940.40,57117.2088194
1515024000,2018-01-04,938.09,999.91,895.52,940.00,77160.74368814
1515110400,2018-01-05,940.49,1022.00,924.69,966.00,52023.54146674
1515196800,2018-01-06,967.46,1009.22,950.01,1004.27,29967.35739899
1515283200,2018-01-07,1004.25,1118.72,1000.00,1117.96,47293.11325527
1515369600,2018-01-08,1116.96,1229.76,964.00,1130.00,109474.64428074
1515456000,2018-01-09,1135.94,1301.00,1115.00,1287.47,102885.3832567
1515542400,2018-01-10,1287.45,1378.99,1187.96,1240.48,96347.51361575
1515628800,2018-01-11,1247.79,1334.33,1100.00,1135.00,95639.75436083
1515715200,2018-01-12,1139.45,1288.34,1080.59,1258.68,46451.21395109
1515801600,2018-01-13,1258.68,1420.00,1256.00,1384.78,41803.410045
1515888000,2018-01-14,1381.52,1389.00,1265.00,1359.59,35328.24387125
1515974400,2018-01-15,1359.59,1379.00,1269.00,1276.71,33997.65406904
1516060800,2018-01-16,1272.66,1281.16,862.11,1057.88,127923.04522706
1516147200,2018-01-17,1057.88,1109.58,761.61,1029.22,179200.00301695
1516233600,2018-01-18,1029.22,1105.00,951.12,1024.69,96056.33730588
1516320000,2018-01-19,1024.66,1095.00,995.01,1036.03,49838.56906755
1516406400,2018-01-20,1039.83,1171.00,1036.03,1150.00,31922.40626022
1516492800,2018-01-21,1149.99,1151.00,1008.00,1049.09,37050.56478962
1516579200,2018-01-22,1052.35,1092.00,917.00,997.21,48389.73439174
1516665600,2018-01-23,999.29,1024.98,905.00,983.70,61938.02964865
1516752000,2018-01-24,987.56,1069.65,957.69,1065.00,44493.76299656
1516838400,2018-01-25,1064.84,1105.00,1014.48,1050.00,62196.24467522
1516924800,2018-01-26,1049.92,1075.90,984.00,1051.81,39359.62218118
1517011200,2018-01-27,1051.92,1126.01,1034.45,1115.51,29317.95416435
1517097600,2018-01-28,1115.15,1240.00,1099.76,1229.41,29175.41570382
1517184000,2018-01-29,1229.97,1239.00,1141.00,1168.00,40475.91316314
1517270400,2018-01-30,1168.00,1172.00,1025.77,1051.54,61847.15177457
1517356800,2018-01-31,1054.55,1118.88,1010.77,1110.14,34149.46526721
1517443200,2018-02-01,1110.14,1152.05,936.00,1022.08,92033.54931148
1517529600,2018-02-02,1020.16,1020.16,731.00,918.39,184904.2375942
1517616000,2018-02-03,918.38,995.00,838.67,969.93,27592.48525909
1517702400,2018-02-04,969.96,969.96,782.00,826.51,37124.17772738
1517788800,2018-02-05,825.13,855.00,632.00,692.36,128779.91437638
1517875200,2018-02-06,692.38,808.00,565.00,784.01,157935.74997721
1517961600,2018-02-07,788.13,866.05,720.01,752.89,75081.12515266
1518048000,2018-02-08,753.95,846.28,748.42,812.01,40467.31905615
1518134400,2018-02-09,814.32,883.07,780.88,875.10,40273.37266013
1518220800,2018-02-10,879.86,913.30,815.00,851.83,32319.24474698
1518307200,2018-02-11,851.84,855.19,775.99,809.69,25362.85834689
1518393600,2018-02-12,811.00,877.95,808.52,865.57,23687.08996852
1518480000,2018-02-13,866.86,869.14,819.31,841.82,24840.28203477
1518566400,2018-02-14,841.82,924.52,839.75,922.98,43648.22139283
1518652800,2018-02-15,922.98,951.25,905.00,927.91,41358.45209566
1518739200,2018-02-16,927.50,947.87,908.00,940.00,23773.48259549
1518825600,2018-02-17,940.87,980.00,935.25,977.74,20558.71352157
1518912000,2018-02-18,977.55,983.31,905.52,912.85,28492.25011204
1518998400,2018-02-19,913.42,955.58,906.00,938.05,14832.72496155
1519084800,2018-02-20,939.28,958.74,874.00,884.24,25435.7651672
1519171200,2018-02-21,884.25,906.09,816.00,837.98,34498.7100109
1519257600,2018-02-22,840.07,871.81,789.99,803.57,26905.04775256
1519344000,2018-02-23,805.08,883.44,787.00,851.98,20669.20061454
1519430400,2018-02-24,852.50,878.00,809.01,835.74,11028.28615971
1519516800,2018-02-25,835.74,851.38,818.38,842.65,8988.89175788
1519603200,2018-02-26,842.82,880.00,834.77,868.40,15603.01471496
1519689600,2018-02-27,868.46,896.00,861.00,870.32,14062.01044208
1519776000,2018-02-28,870.32,889.85,848.46,850.16,15701.07118509
1519862400,2018-03-01,851.92,881.47,845.81,869.01,16063.60146239
1519948800,2018-03-02,869.02,875.17,847.93,856.08,7584.52267756
1520035200,2018-03-03,856.33,868.70,849.00,853.76,5600.73438238
1520121600,2018-03-04,853.74,866.43,837.17,862.28,5387.93325666
1520208000,2018-03-05,864.06,869.21,848.00,848.00,8662.0750727
1520294400,2018-03-06,848.00,850.99,802.55,813.09,18233.70688199
1520380800,2018-03-07,813.08,825.61,723.13,750.42,41014.66545032
1520467200,2018-03-08,750.11,773.12,686.50,698.06,32177.19834154
1520553600,2018-03-09,698.06,732.31,640.55,726.13,53099.97795875
1520640000,2018-03-10,726.22,750.00,676.21,682.87,14417.56859471
1520726400,2018-03-11,681.07,737.14,662.48,720.38,17188.71184635
1520812800,2018-03-12,720.45,740.70,676.00,695.50,25021.99173026
1520899200,2018-03-13,696.16,715.00,680.00,690.01,27159.25072985
1520985600,2018-03-14,690.99,703.51,584.00,613.07,38834.71600113
1521072000,2018-03-15,612.00,620.00,571.56,611.02,44548.02980151
1521158400,2018-03-16,611.97,625.51,583.40,599.87,30596.64676458
1521244800,2018-03-17,598.56,610.00,542.75,550.10,21796.89056428
1521331200,2018-03-18,550.10,561.52,453.01,538.00,79232.21946554
1521417600,2018-03-19,538.00,559.00,515.47,555.68,50383.27337299
1521504000,2018-03-20,555.52,567.49,515.38,557.41,41228.06969702
1521590400,2018-03-21,557.49,590.69,545.00,560.52,42065.0195497
1521676800,2018-03-22,559.80,578.58,517.45,540.12,29000.27740787
1521763200,2018-03-23,538.56,543.20,506.00,543.03,26831.19056619
1521849600,2018-03-24,543.10,545.55,518.66,519.99,16223.12245645
1521936000,2018-03-25,519.99,535.68,512.59,521.99,13946.26421917
1522022400,2018-03-26,522.98,525.55,466.72,485.79,46310.08502564
1522108800,2018-03-27,485.40,492.09,445.08,449.41,51374.77451027
1522195200,2018-03-28,449.89,465.85,440.00,446.49,22678.77835928
1522281600,2018-03-29,446.60,448.50,378.86,383.07,78007.79044041
1522368000,2018-03-30,383.14,411.41,362.00,393.46,92799.41264709
1522454400,2018-03-31,393.85,419.70,387.85,393.79,37134.69014104
1522540800,2018-04-01,393.58,399.78,358.40,378.00,40341.4561116
1522627200,2018-04-02,378.06,395.00,375.02,384.47,20485.05431078
1522713600,2018-04-03,384.86,419.08,380.00,415.32,31371.19291848
1522800000,2018-04-04,415.34,417.50,370.49,378.99,31337.17766325
1522886400,2018-04-05,377.26,387.49,366.95,381.05,20729.04746148
1522972800,2018-04-06,381.04,385.62,360.00,370.08,18493.15152416
1523059200,2018-04-07,369.44,397.40,368.99,384.66,16411.9803586
1523145600,2018-04-08,384.94,410.00,384.14,400.23,11317.65828092
1523232000,2018-04-09,400.07,431.36,386.19,399.00,26518.22407379
1523318400,2018-04-10,399.36,418.30,391.28,415.65,25139.02556088
1523404800,2018-04-11,415.34,433.46,411.00,430.00,21763.24759008
1523491200,2018-04-12,430.00,498.00,413.80,494.31,48431.8565614
1523577600,2018-04-13,494.00,529.36,481.67,495.95,57808.72981674
1523664000,2018-04-14,496.07,515.91,486.00,503.41,18199.93290903
1523750400,2018-04-15,503.14,535.00,503.14,533.83,29650.64692715
1523836800,2018-04-16,533.86,537.43,498.34,510.57,28988.80985825
1523923200,2018-04-17,511.26,521.36,500.54,502.80,22085.38840903
1524009600,2018-04-18,502.51,526.66,501.28,525.20,23073.92878812
1524096000,2018-04-19,524.32,569.00,520.20,566.46,31732.09135449
1524182400,2018-04-20,566.66,622.26,556.37,617.70,52187.09367312
1524268800,2018-04-21,616.41,624.75,573.58,604.85,36398.72934912
1524355200,2018-04-22,604.85,643.46,591.31,621.50,30537.80430922
1524441600,2018-04-23,620.45,648.24,618.56,643.77,24226.71423821
1524528000,2018-04-24,643.68,711.70,643.68,703.71,54671.05933027
1524614400,2018-04-25,703.32,704.01,595.00,617.02,112502.46041843
1524700800,2018-04-26,617.61,666.00,598.15,660.95,49649.48314536
1524787200,2018-04-27,661.04,685.00,636.15,642.54,29571.03844725
1524873600,2018-04-28,642.57,697.08,639.05,683.38,24553.16567192
1524960000,2018-04-29,683.69,699.97,666.00,689.23,22215.9477286
1525046400,2018-04-30,689.38,694.14,663.00,669.98,23810.05539947
1525132800,2018-05-01,670.10,674.01,627.22,669.86,36528.64307637
1525219200,2018-05-02,670.98,690.05,661.03,687.29,27719.04017901
1525305600,2018-05-03,687.00,785.00,684.89,776.92,54001.97551789
1525392000,2018-05-04,776.92,803.99,758.10,782.47,30244.06114711
1525478400,2018-05-05,782.09,830.00,778.03,815.45,16170.22388774
1525564800,2018-05-06,815.45,832.37,749.00,787.42,30945.16955144
1525651200,2018-05-07,787.42,791.00,691.99,751.18,53733.47077041
1525737600,2018-05-08,751.85,775.11,716.00,747.92,37843.37938254
1525824000,2018-05-09,746.86,759.90,710.01,749.58,35051.91917605
1525910400,2018-05-10,749.77,766.99,720.00,723.60,29806.87639084
1525996800,2018-05-11,723.25,735.68,662.57,677.26,50671.74810801
1526083200,2018-05-12,677.38,692.70,638.15,683.99,31181.08053943
1526169600,2018-05-13,684.68,741.61,668.78,730.06,31210.25843894
1526256000,2018-05-14,730.36,743.00,686.63,727.62,43957.93350823
1526342400,2018-05-15,727.00,739.37,695.74,707.38,30116.82621356
1526428800,2018-05-16,704.76,712.00,674.57,706.88,24194.53618145
1526515200,2018-05-17,706.56,718.90,660.65,669.04,35431.74057107
1526601600,2018-05-18,668.70,694.96,656.36,692.54,23002.3304532
1526688000,2018-05-19,693.99,716.93,683.00,695.88,12333.28966847
1526774400,2018-05-20,694.99,723.16,687.89,716.00,10793.90692589
1526860800,2018-05-21,716.00,720.00,687.80,696.43,13978.12151726
1526947200,2018-05-22,698.09,699.57,637.93,640.86,30230.00404481
1527033600,2018-05-23,640.56,649.89,564.94,576.84,67508.31101726
1527120000,2018-05-24,578.40,609.00,549.28,601.76,42744.24963679
1527206400,2018-05-25,601.92,616.18,569.19,584.99,22893.38948006
1527292800,2018-05-26,584.99,607.70,578.84,585.65,9028.9019405
1527379200,2018-05-27,585.52,592.88,556.92,571.39,11946.28932418
1527465600,2018-05-28,569.69,576.45,506.30,512.23,22259.10939745
1527552000,2018-05-29,512.23,573.34,510.05,566.99,35847.3648728
1527638400,2018-05-30,566.78,585.32,541.30,556.82,34053.01983246
1527724800,2018-05-31,556.44,586.00,553.20,576.85,32196.40203016
1527811200,2018-06-01,576.48,589.00,563.38,578.96,22076.537570
1527897600,2018-06-02,578.99,599.50,573.32,591.00,15555.64265658
1527984000,2018-06-03,590.99,628.78,590.00,619.59,10974.64857845
1528070400,2018-06-04,619.47,625.40,579.03,590.00,21461.18429267
1528156800,2018-06-05,591.61,613.00,576.47,607.53,36158.03933596
1528243200,2018-06-06,607.99,612.04,593.40,606.39,21138.64681214
1528329600,2018-06-07,606.38,616.74,597.96,604.05,21291.02327314
1528416000,2018-06-08,603.57,608.00,592.06,599.88,13892.6238019
1528502400,2018-06-09,599.82,610.00,590.93,593.88,4135.68799328
1528588800,2018-06-10,591.52,591.68,504.00,526.28,40970.53235021
1528675200,2018-06-11,524.42,536.87,509.85,530.57,28129.92502889
1528761600,2018-06-12,530.88,540.56,485.00,494.16,23604.47159981
1528848000,2018-06-13,493.82,501.71,449.65,475.89,38425.714831
1528934400,2018-06-14,475.89,527.97,460.25,520.57,48837.27146374
1529020800,2018-06-15,520.57,522.31,483.73,488.27,21467.66075128
1529107200,2018-06-16,487.78,502.82,483.16,497.84,7986.63911916
1529193600,2018-06-17,497.62,510.00,493.30,497.26,11403.08998796
1529280000,2018-06-18,497.49,524.54,487.30,517.04,12730.78284683
1529366400,2018-06-19,517.46,547.82,514.62,538.11,16731.87840274
1529452800,2018-06-20,537.44,542.29,516.97,536.30,13158.58700504
1529539200,2018-06-21,535.99,545.23,521.04,525.27,12803.86678302
1529625600,2018-06-22,525.15,526.27,449.91,462.86,51972.45568181
1529712000,2018-06-23,463.10,482.53,457.16,475.35,7043.55784782
1529798400,2018-06-24,474.84,476.42,421.00,455.27,26971.1966446
1529884800,2018-06-25,454.06,474.69,445.00,458.48,25796.11938537
1529971200,2018-06-26,458.48,461.65,428.87,429.73,23672.14980467
1530057600,2018-06-27,429.99,446.66,420.00,441.55,19038.19842929
1530144000,2018-06-28,441.05,443.67,417.00,420.51,11044.7189923
1530230400,2018-06-29,420.26,442.08,404.98,434.40,22951.40041736
1530316800,2018-06-30,435.05,463.00,435.04,453.84,17994.04865892
1530403200,2018-07-01,453.58,456.99,444.33,452.42,11857.33672789
1530489600,2018-07-02,452.05,481.70,443.28,475.63,26051.76513662
1530576000,2018-07-03,476.66,486.99,459.66,460.89,16389.19073747
1530662400,2018-07-04,461.22,482.20,451.06,466.99,16081.83063663
1530748800,2018-07-05,466.44,479.05,457.37,467.98,14252.21211296
1530835200,2018-07-06,467.98,477.00,450.08,469.99,9005.82993944
1530921600,2018-07-07,469.79,487.00,461.26,485.68,7700.5019545
1531008000,2018-07-08,484.64,495.48,481.92,485.52,8879.97067382
1531094400,2018-07-09,485.50,488.64,468.17,471.76,12176.43852642
1531180800,2018-07-10,471.83,473.48,426.95,433.24,32529.14206712
1531267200,2018-07-11,433.26,447.10,424.89,444.34,11055.06459358
1531353600,2018-07-12,444.91,445.92,417.37,430.57,13839.7578669
1531440000,2018-07-13,431.48,442.40,424.00,433.43,11426.96539586
1531526400,2018-07-14,432.92,439.99,428.20,433.37,3707.71122728
1531612800,2018-07-15,433.40,454.94,431.05,449.54,11051.79703178
1531699200,2018-07-16,449.70,480.00,444.02,478.00,17599.97776242
1531785600,2018-07-17,478.03,511.44,465.75,498.90,27583.61858115
1531872000,2018-07-18,498.34,514.94,469.06,479.47,17950.88024305
1531958400,2018-07-19,477.84,483.73,462.45,468.58,9223.82010494
1532044800,2018-07-20,468.15,469.66,441.00,447.34,11213.46725168
1532131200,2018-07-21,448.16,468.68,441.33,461.39,5795.98162048
1532217600,2018-07-22,460.73,471.51,453.00,457.00,5169.70484523
1532304000,2018-07-23,456.93,469.51,445.74,449.73,11768.87517474
1532390400,2018-07-24,449.73,483.24,448.01,479.58,15138.00671925
1532476800,2018-07-25,479.00,484.64,463.10,471.33,11699.12910125
1532563200,2018-07-26,471.14,484.14,459.57,461.98,10386.11931282
1532649600,2018-07-27,461.99,474.61,455.80,469.21,10102.08153995
1532736000,2018-07-28,469.78,472.00,461.11,469.00,2160.22879615
1532822400,2018-07-29,468.17,471.97,461.80,466.47,2204.2371181
1532908800,2018-07-30,465.77,469.06,445.50,456.97,10719.74424652
1532995200,2018-07-31,455.72,457.23,427.30,432.29,16276.38258067
1533081600,2018-08-01,432.15,434.41,407.49,420.06,17818.571032
1533168000,2018-08-02,419.85,424.85,407.33,410.56,14313.30483825
1533254400,2018-08-03,410.53,419.88,397.41,416.91,15210.81772384
1533340800,2018-08-04,417.02,418.99,401.16,406.54,10050.633231
1533427200,2018-08-05,406.54,413.58,400.36,408.97,7449.32778555
1533513600,2018-08-06,408.34,412.99,400.59,404.25,9716.06621549
1533600000,2018-08-07,404.93,410.67,369.22,378.30,22084.42754307
1533686400,2018-08-08,377.84,381.52,347.62,355.59,38217.34324949
1533772800,2018-08-09,355.61,370.43,350.84,363.52,30689.28482151
1533859200,2018-08-10,363.96,366.23,326.00,331.63,21295.27015464
1533945600,2018-08-11,331.58,332.84,305.20,317.50,28984.52472256
1534032000,2018-08-12,317.44,328.69,314.01,318.08,15797.54254035
1534118400,2018-08-13,318.47,321.86,281.07,283.95,35376.52775907
1534204800,2018-08-14,283.95,283.96,250.54,277.83,93651.35908556
1534291200,2018-08-15,278.24,305.76,276.87,281.17,36888.34393389
1534377600,2018-08-16,281.17,298.97,278.14,286.62,26607.60802578
1534464000,2018-08-17,286.63,318.53,285.11,317.43,38560.07294883
1534550400,2018-08-18,317.72,321.18,282.67,293.83,28432.1355723
1534636800,2018-08-19,293.83,306.65,289.13,299.97,15283.58803935
1534723200,2018-08-20,299.43,303.99,269.35,270.85,24070.61043077
1534809600,2018-08-21,271.01,285.71,269.73,281.25,17859.53851774
1534896000,2018-08-22,281.32,298.89,258.99,269.99,28132.20863751
1534982400,2018-08-23,270.45,280.65,268.17,275.72,17426.25007957
1535068800,2018-08-24,276.06,283.72,270.01,280.90,12600.89192509
1535155200,2018-08-25,281.07,283.14,276.20,277.99,2568.83887613
1535241600,2018-08-26,277.81,277.94,269.61,274.69,6441.84599285
1535328000,2018-08-27,274.20,288.25,271.30,287.99,12957.6083794
1535414400,2018-08-28,287.98,297.97,282.50,295.90,18066.32114181
1535500800,2018-08-29,295.47,297.04,284.00,288.34,10750.94124916
1535587200,2018-08-30,288.70,290.81,272.23,284.21,21610.45952728
1535673600,2018-08-31,283.89,284.93,276.23,281.49,13576.45206673
1535760000,2018-09-01,281.47,302.66,281.47,295.45,13507.20537869
1535846400,2018-09-02,295.11,299.16,288.78,294.75,13789.70318477
1535932800,2018-09-03,294.99,296.38,285.00,288.85,14272.20894254
1536019200,2018-09-04,288.69,292.29,281.99,285.22,20921.81434966
1536105600,2018-09-05,285.22,287.55,226.00,227.99,53395.6525546
1536192000,2018-09-06,227.99,259.48,210.79,229.03,62118.89284621
1536278400,2018-09-07,228.55,233.99,213.37,214.77,47472.42949413
1536364800,2018-09-08,214.77,220.38,190.11,197.16,51520.37139498
1536451200,2018-09-09,197.16,208.37,185.82,195.80,37329.69153134
1536537600,2018-09-10,195.73,202.77,186.44,196.66,44437.23625295
1536624000,2018-09-11,196.81,199.03,176.00,185.04,83013.95224687
1536710400,2018-09-12,184.80,184.82,167.00,182.78,70517.50561103
1536796800,2018-09-13,182.83,214.88,182.78,211.31,90544.48380252
1536883200,2018-09-14,211.25,223.91,202.53,208.71,72124.27155675
1536969600,2018-09-15,208.32,227.00,208.19,221.93,16998.0196147
1537056000,2018-09-16,221.39,223.00,205.62,220.08,17787.08749241
1537142400,2018-09-17,220.14,225.00,192.00,196.16,50924.53770844
1537228800,2018-09-18,196.00,214.39,194.00,208.53,35938.81949974
1537315200,2018-09-19,208.50,214.70,196.66,209.48,49875.25495661
1537401600,2018-09-20,209.52,227.68,206.80,224.30,36283.33051217
1537488000,2018-09-21,224.15,252.14,220.64,247.64,74459.86137362
1537574400,2018-09-22,247.58,255.89,232.60,239.93,31193.60535289
1537660800,2018-09-23,240.37,249.44,237.00,244.14,19335.62912811
1537747200,2018-09-24,244.44,245.76,224.50,228.05,22921.35885765
1537833600,2018-09-25,227.64,227.64,203.25,218.85,43699.62699463
1537920000,2018-09-26,219.40,223.00,207.21,214.42,29637.42456054
1538006400,2018-09-27,214.33,234.00,210.00,228.58,46089.96196905
1538092800,2018-09-28,228.53,233.65,214.32,220.94,40540.77783861
1538179200,2018-09-29,220.64,236.98,212.54,230.56,32806.04971683
1538265600,2018-09-30,230.14,238.47,224.00,231.96,16082.95342919
1538352000,2018-10-01,232.02,234.58,218.00,229.66,13722.65039068
1538438400,2018-10-02,230.38,230.74,221.39,224.83,14497.18492259
1538524800,2018-10-03,224.79,225.22,210.50,218.96,38697.23383912
1538611200,2018-10-04,219.01,225.00,218.12,221.07,18385.68536268
1538697600,2018-10-05,221.06,230.29,218.28,226.73,14379.43370433
1538784000,2018-10-06,226.54,227.19,222.00,223.06,9560.62653181
1538870400,2018-10-07,223.49,225.98,220.10,224.34,11745.44391137
1538956800,2018-10-08,225.06,230.98,222.20,227.79,25183.75248153
1539043200,2018-10-09,227.55,228.80,224.84,226.30,13511.68440389
1539129600,2018-10-10,226.29,226.47,221.11,223.38,13550.03164903
1539216000,2018-10-11,223.14,223.39,185.00,188.42,71605.68325841
1539302400,2018-10-12,188.20,197.89,186.89,194.67,22858.63164026
1539388800,2018-10-13,193.61,199.27,193.00,196.79,13570.89768162
1539475200,2018-10-14,196.96,199.50,187.45,192.01,13545.90175989
1539561600,2018-10-15,191.85,219.75,189.71,204.86,103720.60184293
1539648000,2018-10-16,204.52,208.26,201.99,205.69,30429.74357371
1539734400,2018-10-17,205.61,206.40,200.99,203.41,29120.25175317
1539820800,2018-10-18,203.70,205.95,196.63,199.29,38882.43181741
1539907200,2018-10-19,198.97,202.10,197.27,200.08,26749.49967664
1539993600,2018-10-20,200.01,206.00,198.84,202.59,18269.02946471
1540080000,2018-10-21,202.33,206.21,201.08,202.19,27494.38845393
1540166400,2018-10-22,202.14,203.24,199.33,201.23,11504.27319256
1540252800,2018-10-23,201.00,202.10,197.65,200.96,20103.28259028
1540339200,2018-10-24,200.87,202.84,200.00,200.67,15650.83790923
1540425600,2018-10-25,200.60,200.89,197.88,199.66,11922.85133697
1540512000,2018-10-26,199.67,204.27,198.54,200.69,18949.90134829
1540598400,2018-10-27,200.74,201.97,199.92,201.26,6425.65090106
1540684800,2018-10-28,201.42,203.16,200.80,202.44,6449.18474096
1540771200,2018-10-29,202.44,202.77,191.37,194.14,20088.40067088
1540857600,2018-10-30,194.20,196.69,192.96,195.30,11520.63302742
1540944000,2018-10-31,195.30,199.16,191.65,196.68,14454.24334952
1541030400,2018-11-01,196.70,198.56,195.96,197.73,7295.69604679
1541116800,2018-11-02,197.77,201.49,197.46,199.90,9539.34394307
1541203200,2018-11-03,199.93,200.20,197.95,198.78,5369.45742756
1541289600,2018-11-04,198.34,217.21,197.61,210.28,27729.63615606
1541376000,2018-11-05,210.47,212.00,205.04,208.81,18906.64392544
1541462400,2018-11-06,208.58,219.07,206.96,218.24,36929.13728323
1541548800,2018-11-07,218.55,222.98,215.29,216.60,31083.65183454
1541635200,2018-11-08,216.40,218.15,209.27,210.14,22796.35852699
1541721600,2018-11-09,210.10,212.27,206.01,208.05,13251.899661
1541808000,2018-11-10,207.81,212.50,207.60,210.38,9033.52714937
1541894400,2018-11-11,210.62,211.20,206.11,210.03,5726.0859925
1541980800,2018-11-12,209.45,211.25,206.92,208.83,8445.99369052
1542067200,2018-11-13,208.64,208.83,202.71,203.43,18466.66436401
1542153600,2018-11-14,203.11,204.83,165.01,178.04,141671.86535378
1542240000,2018-11-15,178.08,181.00,165.14,178.60,87090.26676267
1542326400,2018-11-16,178.47,179.41,169.25,172.11,41057.32866686
1542412800,2018-11-17,172.62,176.00,170.45,172.40,14302.71488403
1542499200,2018-11-18,172.53,179.95,172.15,175.99,19080.45949282
1542585600,2018-11-19,175.95,175.95,142.27,145.31,167446.47311854
1542672000,2018-11-20,145.22,149.35,121.61,127.36,213254.03969565
1542758400,2018-11-21,127.76,137.46,122.37,134.44,132529.03462713
1542844800,2018-11-22,134.78,136.60,122.42,123.40,49385.80860186
1542931200,2018-11-23,123.39,125.14,116.18,121.33,103946.27952187
1543017600,2018-11-24,121.24,125.99,106.81,110.26,65552.52060501
1543104000,2018-11-25,110.36,119.06,98.11,113.59,153776.01405565
1543190400,2018-11-26,113.55,117.59,102.69,106.82,128626.54883311
1543276800,2018-11-27,107.02,111.22,99.00,108.47,93266.16038672
1543363200,2018-11-28,108.67,125.57,108.51,121.81,130815.98653708
1543449600,2018-11-29,121.85,123.21,113.05,116.46,76052.18108034
1543536000,2018-11-30,116.60,119.08,108.83,111.90,58500.8336393
1543622400,2018-12-01,111.82,119.74,109.99,116.80,35465.72936437
1543708800,2018-12-02,116.83,119.35,113.95,114.91,29589.06794181
1543795200,2018-12-03,114.92,115.65,104.36,107.28,56880.03545496
1543881600,2018-12-04,107.34,112.18,104.16,108.80,37740.21275771
1543968000,2018-12-05,108.47,109.12,100.21,100.67,97484.85006159
1544054400,2018-12-06,100.59,103.01,88.86,89.16,137644.2782051
1544140800,2018-12-07,89.39,109.43,81.19,92.50,237675.43301009
1544227200,2018-12-08,92.44,97.51,83.70,90.07,105438.36547946
1544313600,2018-12-09,90.04,98.41,88.09,92.63,73663.43741519
1544400000,2018-12-10,92.70,94.60,87.32,89.27,53990.15515295
1544486400,2018-12-11,89.20,91.02,85.00,86.90,50282.85840828
1544572800,2018-12-12,86.93,91.01,86.00,89.09,41368.1955453
1544659200,2018-12-13,89.09,90.24,83.70,85.31,51053.08078596
1544745600,2018-12-14,85.24,85.91,80.90,82.91,74615.3391372
1544832000,2018-12-15,82.90,84.15,80.99,83.08,18287.26762719
1544918400,2018-12-16,82.94,86.65,82.94,83.76,20838.34170302
1545004800,2018-12-17,83.77,96.78,83.50,93.98,87185.89347041
1545091200,2018-12-18,93.87,101.59,91.49,100.89,68453.86138415
1545177600,2018-12-19,100.91,108.13,98.25,99.27,146412.01425976
1545264000,2018-12-20,99.46,117.00,98.00,114.54,151025.62459127
1545350400,2018-12-21,114.47,118.94,105.05,107.71,84037.82783737
1545436800,2018-12-22,107.57,116.39,105.46,115.60,28444.96518057
1545523200,2018-12-23,115.69,133.00,115.69,129.73,71583.28392295
1545609600,2018-12-24,129.41,159.11,129.41,139.00,158798.85935723
1545696000,2018-12-25,139.03,140.01,120.62,128.81,104262.02445229
1545782400,2018-12-26,128.92,136.76,123.28,130.53,67426.99286634
1545868800,2018-12-27,130.37,131.77,112.30,114.60,69777.00254323
1545955200,2018-12-28,114.60,138.82,113.14,136.94,91051.9904028
1546041600,2018-12-29,136.76,150.04,121.70,134.02,67314.51785939
1546128000,2018-12-30,134.06,140.35,128.65,138.56,45952.50255429
1546214400,2018-12-31,138.84,139.01,128.42,130.67,34827.16320193
1546300800,2019-01-01,130.72,141.25,129.50,139.75,28500.87337865
1546387200,2019-01-02,139.77,156.80,138.54,153.35,48537.96270462
1546473600,2019-01-03,153.38,154.73,144.09,147.02,36630.17016319
1546560000,2019-01-04,147.08,156.48,145.02,152.98,62279.30046259
1546646400,2019-01-05,153.59,160.95,152.31,153.85,44910.48152091
1546732800,2019-01-06,153.89,159.66,148.47,156.00,46616.79505385
1546819200,2019-01-07,155.99,157.24,148.53,150.66,31949.9318684
1546905600,2019-01-08,150.64,153.00,146.55,149.01,41159.88126107
1546992000,2019-01-09,149.05,153.00,147.70,149.56,36745.15501714
1547078400,2019-01-10,149.50,151.10,122.21,126.45,111302.27596437
1547164800,2019-01-11,126.42,128.74,121.52,125.93,61032.04463738
1547251200,2019-01-12,125.78,127.37,123.37,124.56,15433.26794816
1547337600,2019-01-13,124.13,125.52,113.46,115.25,33514.3744031
1547424000,2019-01-14,115.42,131.47,115.24,128.33,58206.75219491
1547510400,2019-01-15,128.34,130.59,116.68,120.04,63432.03431704
1547596800,2019-01-16,119.98,127.77,119.29,122.14,43625.55481555
1547683200,2019-01-17,122.22,123.90,116.97,122.52,53843.6261769
1547769600,2019-01-18,122.47,122.73,118.22,119.35,30260.24083325
1547856000,2019-01-19,119.62,127.00,118.70,123.09,34191.20219802
1547942400,2019-01-20,123.02,123.89,115.49,117.48,31264.35121138
1548028800,2019-01-21,117.46,118.24,113.44,115.86,31172.99758032
1548115200,2019-01-22,115.80,119.98,111.01,118.00,50330.72814294
1548201600,2019-01-23,117.93,118.96,114.91,116.56,34623.84512809
1548288000,2019-01-24,116.38,117.17,113.50,116.50,37460.2900739
1548374400,2019-01-25,116.50,117.12,114.12,114.79,34789.74314317
1548460800,2019-01-26,114.76,117.64,114.57,114.95,9891.85731591
1548547200,2019-01-27,114.83,115.80,110.32,111.33,17330.90224369
1548633600,2019-01-28,111.46,112.14,100.90,105.47,69204.92959775
1548720000,2019-01-29,105.49,105.95,102.10,104.10,43953.14304525
1548806400,2019-01-30,103.91,109.40,102.89,107.60,35999.18163805
1548892800,2019-01-31,107.60,110.07,104.78,105.81,19518.10332121
1548979200,2019-02-01,105.84,107.62,103.00,106.03,56576.17104585
1549065600,2019-02-02,105.91,110.00,105.04,109.24,21713.94552879
1549152000,2019-02-03,109.37,110.02,104.44,105.91,30157.92525359
1549238400,2019-02-04,105.80,107.91,105.30,105.95,36049.23719205
1549324800,2019-02-05,105.92,106.60,105.14,106.00,20729.950498
1549411200,2019-02-06,106.01,106.42,100.00,103.32,63445.23072164
1549497600,2019-02-07,103.28,104.88,102.60,103.30,31884.27945761
1549584000,2019-02-08,103.19,121.67,102.38,118.19,86340.00620176
1549670400,2019-02-09,118.07,119.97,116.54,117.92,28790.32032867
1549756800,2019-02-10,117.83,125.10,114.83,123.94,38027.61592716
1549843200,2019-02-11,123.88,124.04,118.11,119.43,70682.84617454
1549929600,2019-02-12,119.37,122.30,117.00,120.93,45614.76173062
1550016000,2019-02-13,120.74,125.12,119.50,120.61,52674.90539129
1550102400,2019-02-14,120.66,123.34,118.89,119.28,47805.05598366
1550188800,2019-02-15,119.25,123.40,119.00,120.45,54459.25864348
1550275200,2019-02-16,120.48,123.71,120.40,121.68,20838.98467936
1550361600,2019-02-17,121.64,134.38,121.30,132.28,67865.05557385
1550448000,2019-02-18,132.15,147.91,131.00,144.52,149249.3284459
1550534400,2019-02-19,144.79,149.21,141.50,142.62,89246.36561585
1550620800,2019-02-20,142.60,148.62,139.01,147.03,74898.77709467
1550707200,2019-02-21,146.98,149.50,141.61,144.30,56775.00792442
1550793600,2019-02-22,144.13,147.52,142.11,146.40,86017.13551518
1550880000,2019-02-23,146.77,160.00,144.80,157.42,96848.66342388
1550966400,2019-02-24,157.46,165.76,131.40,131.84,147378.26052646
1551052800,2019-02-25,131.54,141.98,131.42,137.63,82953.04305872
1551139200,2019-02-26,137.42,138.07,132.05,135.90,54544.72047696
1551225600,2019-02-27,135.44,139.83,125.66,134.06,82251.52436576
1551312000,2019-02-28,134.12,139.05,131.65,134.34,70901.87661217
1551398400,2019-03-01,134.50,137.60,133.77,134.83,35448.66332224
1551484800,2019-03-02,134.70,135.48,129.55,132.19,38225.98425293
1551571200,2019-03-03,132.44,134.42,127.34,129.63,25772.17913422
1551657600,2019-03-04,129.73,130.36,122.52,125.16,55433.27607242
1551744000,2019-03-05,125.32,137.64,124.75,136.18,62120.29761437
1551830400,2019-03-06,136.22,140.13,133.25,137.04,39998.92587529
1551916800,2019-03-07,137.11,139.80,134.65,136.10,49710.28987255
1552003200,2019-03-08,136.45,138.59,128.85,132.80,48099.68536016
1552089600,2019-03-09,132.64,138.20,132.03,136.33,31318.53060119
1552176000,2019-03-10,136.16,136.83,133.31,134.59,17958.35424105
1552262400,2019-03-11,134.80,135.43,130.46,131.94,45090.04069364
1552348800,2019-03-12,131.98,134.37,127.35,132.67,35175.2142603
1552435200,2019-03-13,132.76,132.76,130.12,131.16,13036.65120447
1552521600,2019-03-14,131.01,135.08,128.66,131.30,26840.14070214
1552608000,2019-03-15,131.38,136.93,131.36,135.77,41508.31075052
1552694400,2019-03-16,135.93,143.85,135.79,140.38,41397.05895911
1552780800,2019-03-17,140.28,140.38,135.55,138.15,24602.44376281
1552867200,2019-03-18,138.10,141.34,135.42,136.86,39466.65167708
1552953600,2019-03-19,136.82,138.75,136.30,138.08,22557.84609543
1553040000,2019-03-20,137.87,139.31,135.26,138.71,22621.67271224
1553126400,2019-03-21,138.67,139.11,132.00,134.49,34147.44776086
1553212800,2019-03-22,134.30,137.01,134.00,135.60,26102.14424934
1553299200,2019-03-23,135.51,137.70,135.20,136.63,12263.99403385
1553385600,2019-03-24,136.32,136.54,134.15,135.29,12456.12844476
1553472000,2019-03-25,135.31,136.25,130.60,133.28,33100.97690875
1553558400,2019-03-26,133.06,133.93,131.46,133.10,30132.41962839
1553644800,2019-03-27,133.12,139.63,132.98,138.97,30664.93960635
1553731200,2019-03-28,139.07,139.07,135.78,137.35,23890.12285053
1553817600,2019-03-29,137.35,143.18,137.00,142.79,34215.00575756
1553904000,2019-03-30,142.76,145.50,139.91,142.27,38808.2620845
1553990400,2019-03-31,142.27,142.30,140.08,141.02,10100.85626037
1554076800,2019-04-01,141.02,142.95,138.27,141.00,39721.87714422
1554163200,2019-04-02,141.02,168.72,140.70,164.58,179781.78235566
1554249600,2019-04-03,164.65,180.03,152.42,160.89,196372.07465679
1554336000,2019-04-04,160.86,164.97,152.95,157.72,111326.81541101
1554422400,2019-04-05,157.70,168.64,156.20,166.06,54449.38320267
1554508800,2019-04-06,165.62,173.06,160.00,166.00,41866.9489462
1554595200,2019-04-07,165.82,176.57,164.11,174.90,41923.92788324
1554681600,2019-04-08,174.93,187.26,173.66,180.72,91552.87113494
1554768000,2019-04-09,180.71,180.84,174.19,175.59,65106.72052036
1554854400,2019-04-10,175.63,185.71,167.00,177.70,80893.40796685
1554940800,2019-04-11,177.71,178.00,160.33,164.96,67341.23407165
1555027200,2019-04-12,165.03,167.57,159.17,164.11,56210.4338942
1555113600,2019-04-13,163.98,166.10,161.85,163.65,18114.24479365
1555200000,2019-04-14,164.26,169.36,161.50,168.00,25243.01662886
1555286400,2019-04-15,168.00,169.57,156.02,159.91,56905.78584894
1555372800,2019-04-16,159.92,168.08,159.47,166.52,38535.22657263
1555459200,2019-04-17,166.05,168.67,164.44,166.74,37151.43561546
1555545600,2019-04-18,166.46,176.37,166.08,174.17,53731.4511288
1555632000,2019-04-19,174.01,174.33,169.09,173.66,30458.13065102
1555718400,2019-04-20,173.99,177.92,170.75,173.50,18828.90187209
1555804800,2019-04-21,173.72,174.29,166.13,169.87,26715.75661457
1555891200,2019-04-22,169.62,174.00,168.32,171.47,37737.22803952
1555977600,2019-04-23,171.40,177.07,168.70,170.30,69287.71497064
1556064000,2019-04-24,170.20,171.07,160.28,165.74,70627.45240085
1556150400,2019-04-25,165.49,166.33,146.17,152.00,82295.76926644
1556236800,2019-04-26,152.04,155.78,148.60,153.10,64658.70101281
1556323200,2019-04-27,153.70,158.55,152.50,155.68,29264.71993947
1556409600,2019-04-28,155.71,156.49,152.33,153.13,27662.23914153
1556496000,2019-04-29,152.99,154.60,148.10,152.42,33614.90071308
1556582400,2019-04-30,152.46,161.17,152.44,160.06,39828.77911363
1556668800,2019-05-01,160.27,162.82,156.52,158.30,31495.31363334
1556755200,2019-05-02,158.48,160.78,155.20,158.52,23265.07790158
1556841600,2019-05-03,158.52,169.00,157.70,164.82,69970.42077057
1556928000,2019-05-04,164.82,169.00,157.75,161.95,57801.24818658
1557014400,2019-05-05,162.01,163.58,155.47,161.35,25386.67597054
1557100800,2019-05-06,161.36,175.98,157.63,171.21,85969.26068402
1557187200,2019-05-07,171.21,180.74,165.02,166.15,114664.73130109
1557273600,2019-05-08,166.32,172.01,162.25,169.61,65393.85932606
1557360000,2019-05-09,169.69,173.50,165.23,170.18,48059.87399844
1557446400,2019-05-10,170.28,176.12,167.41,172.30,79481.099589
1557532800,2019-05-11,172.21,207.00,172.04,192.00,175770.86349882
1557619200,2019-05-12,192.00,204.19,182.64,188.26,142728.77840659
1557705600,2019-05-13,188.07,208.90,185.64,196.47,134219.11886776
1557792000,2019-05-14,196.37,220.99,194.99,217.50,158567.56115622
1557878400,2019-05-15,217.48,250.80,217.29,248.79,169027.31849418
1557964800,2019-05-16,248.87,281.00,242.00,264.51,271581.70118998
1558051200,2019-05-17,264.50,269.55,214.00,244.09,201085.31884074
1558137600,2019-05-18,244.55,248.33,231.20,234.03,43368.92291241
1558224000,2019-05-19,233.41,264.76,232.58,261.34,94555.01290998
1558310400,2019-05-20,260.71,260.71,238.88,252.38,82902.07125816
1558396800,2019-05-21,252.51,264.56,247.67,254.77,79133.7692012
1558483200,2019-05-22,254.68,261.41,239.59,243.64,90073.83594138
1558569600,2019-05-23,243.56,248.48,231.20,245.79,70346.84503491
1558656000,2019-05-24,245.65,256.33,242.44,249.65,62644.72171338
1558742400,2019-05-25,249.64,259.01,248.34,251.95,32954.57505959
1558828800,2019-05-26,251.38,272.90,245.98,268.21,51946.76010599
1558915200,2019-05-27,268.50,279.98,264.75,271.79,78270.56372065
1559001600,2019-05-28,271.18,276.51,265.37,271.00,42169.42181298
1559088000,2019-05-29,270.89,274.47,256.56,269.29,42713.25666483
1559174400,2019-05-30,269.35,289.04,239.33,254.37,115975.60434915
1559260800,2019-05-31,254.37,268.86,245.07,267.07,76425.39995566
1559347200,2019-06-01,268.37,274.86,260.88,264.56,33251.55957919
1559433600,2019-06-02,264.04,274.70,264.04,269.42,29984.15614928
1559520000,2019-06-03,269.28,270.36,247.11,249.50,58285.48436325
1559606400,2019-06-04,249.16,250.99,232.20,240.66,84454.03144771
1559692800,2019-06-05,240.97,249.30,237.66,246.18,36219.99695352
1559779200,2019-06-06,245.57,251.22,235.33,249.46,35865.43785124
1559865600,2019-06-07,249.55,254.57,244.92,249.35,37523.33580713
1559952000,2019-06-08,249.35,250.96,241.57,244.43,13387.45833904
1560038400,2019-06-09,244.10,245.71,223.00,231.73,41047.32388448
1560124800,2019-06-10,231.27,248.72,227.47,247.81,45937.80182984
1560211200,2019-06-11,247.85,249.53,236.91,245.25,34471.81068504
1560297600,2019-06-12,245.46,263.68,243.00,262.54,55099.49903064
1560384000,2019-06-13,262.73,264.50,254.18,255.14,45756.74421973
1560470400,2019-06-14,255.45,266.29,252.33,263.71,32537.84553095
1560556800,2019-06-15,263.75,273.64,261.71,269.29,41924.19009314
1560643200,2019-06-16,269.27,279.20,263.20,268.19,54620.71412418
1560729600,2019-06-17,268.41,275.83,267.65,273.94,48515.99718946
1560816000,2019-06-18,273.74,274.03,260.58,264.24,66608.95788934
1560902400,2019-06-19,264.17,270.35,263.41,269.00,35116.83753624
1560988800,2019-06-20,268.99,274.55,266.38,272.01,24265.8436092
1561075200,2019-06-21,272.21,297.10,272.21,295.93,76545.37105548
1561161600,2019-06-22,296.14,315.40,293.39,308.32,75170.34168217
1561248000,2019-06-23,308.87,318.28,303.59,306.39,35865.56884099
1561334400,2019-06-24,305.93,313.42,295.38,310.98,40545.92025291
1561420800,2019-06-25,311.12,317.55,305.81,316.88,30194.94105347
1561507200,2019-06-26,316.26,363.18,310.00,334.78,160023.06375336
1561593600,2019-06-27,334.49,343.44,274.23,293.57,163007.01059287
1561680000,2019-06-28,293.78,312.77,288.00,309.87,65975.00354533
1561766400,2019-06-29,309.28,323.80,291.12,318.00,52952.31244553
1561852800,2019-06-30,317.00,323.00,285.77,289.95,54442.23222271
1561939200,2019-07-01,290.45,301.28,261.38,293.81,70308.87656034
1562025600,2019-07-02,293.68,296.09,271.03,291.36,74716.32098952
1562112000,2019-07-03,291.59,303.50,289.46,301.98,48445.03827068
1562198400,2019-07-04,302.19,304.00,280.28,282.77,33386.22340645
1562284800,2019-07-05,282.32,295.17,280.00,287.95,48468.59263694
1562371200,2019-07-06,287.76,298.16,285.05,287.65,23747.76295148
1562457600,2019-07-07,287.65,310.70,284.01,306.59,41312.627502
1562544000,2019-07-08,306.90,315.00,302.38,313.21,43924.56482244
1562630400,2019-07-09,313.11,318.70,302.95,307.60,66019.51319258
1562716800,2019-07-10,307.38,314.98,280.19,288.73,82527.78384699
1562803200,2019-07-11,288.18,288.18,262.02,269.01,65312.69034182
1562889600,2019-07-12,268.79,279.67,265.91,275.66,39207.45015296
1562976000,2019-07-13,275.67,275.90,261.97,269.06,27792.38973976
1563062400,2019-07-14,269.23,269.84,191.91,225.89,102720.85940707
1563148800,2019-07-15,226.25,235.76,202.27,228.65,91567.67684051
1563235200,2019-07-16,228.29,234.68,190.41,198.44,110190.14927984
1563321600,2019-07-17,198.70,220.00,192.01,211.47,77380.77506195
1563408000,2019-07-18,211.82,230.01,206.32,226.03,54700.27207395
1563494400,2019-07-19,226.10,226.66,213.15,221.34,37729.7717658
1563580800,2019-07-20,221.42,236.52,220.35,228.66,30788.90455006
1563667200,2019-07-21,228.11,229.78,217.24,225.28,18006.45677666
1563753600,2019-07-22,226.15,228.30,211.34,217.13,42402.26644115
1563840000,2019-07-23,216.75,219.23,208.50,211.96,29596.26722031
1563926400,2019-07-24,211.99,218.22,200.59,216.57,56495.52680516
1564012800,2019-07-25,216.48,226.00,215.51,219.17,21710.10765119
1564099200,2019-07-26,219.09,220.87,212.51,219.21,21607.758097
1564185600,2019-07-27,218.89,223.74,202.01,206.88,35797.79285221
1564272000,2019-07-28,207.51,213.34,197.81,211.14,22667.40485045
1564358400,2019-07-29,211.48,215.49,205.51,210.81,19892.38363137
1564444800,2019-07-30,211.24,214.89,204.08,209.81,14993.06601449
1564531200,2019-07-31,209.65,218.90,209.65,218.68,23170.60114657
1564617600,2019-08-01,218.87,219.43,210.98,217.72,21094.47586705
1564704000,2019-08-02,217.53,222.98,214.74,217.62,21577.24338143
1564790400,2019-08-03,217.63,224.80,216.58,222.03,13214.20149231
1564876800,2019-08-04,222.04,223.76,217.42,223.00,7621.87307113
1564963200,2019-08-05,223.39,237.29,223.39,232.92,32110.42831253
1565049600,2019-08-06,232.76,239.62,222.35,225.92,57300.42946248
1565136000,2019-08-07,225.84,231.17,220.24,226.00,39146.0024877
1565222400,2019-08-08,226.17,226.51,214.70,220.97,70187.46124189
1565308800,2019-08-09,221.04,221.30,206.68,210.59,42137.27519815
1565395200,2019-08-10,210.63,214.82,198.23,206.46,15711.93050401
1565481600,2019-08-11,205.99,216.54,205.73,216.02,24013.33123881
1565568000,2019-08-12,216.11,216.38,209.27,211.18,14895.14806733
1565654400,2019-08-13,211.16,211.27,202.86,208.49,30559.20214963
1565740800,2019-08-14,208.44,209.17,181.50,186.12,59453.51154514
1565827200,2019-08-15,186.43,189.91,173.35,188.31,88892.53393107
1565913600,2019-08-16,188.03,188.09,178.00,185.27,38098.92725459
1566000000,2019-08-17,185.50,186.83,182.00,185.51,19830.26377906
1566086400,2019-08-18,185.77,198.00,183.27,194.72,26562.94485557
1566172800,2019-08-19,194.54,203.68,192.85,202.40,41032.48796443
1566259200,2019-08-20,202.40,202.87,194.45,196.41,21897.29855886
1566345600,2019-08-21,196.53,197.03,180.00,187.17,30050.27178871
1566432000,2019-08-22,187.66,195.07,182.56,190.81,32391.35628451
1566518400,2019-08-23,190.27,197.60,188.72,194.51,39229.16101279
1566604800,2019-08-24,194.32,194.32,185.89,191.06,9114.07157954
1566691200,2019-08-25,190.72,192.63,182.98,186.45,12263.423816
1566777600,2019-08-26,186.83,194.66,185.66,188.38,22285.7509944
1566864000,2019-08-27,188.13,188.95,184.50,187.45,16961.71518512
1566950400,2019-08-28,186.86,187.97,165.84,172.83,41961.67077312
1567036800,2019-08-29,172.65,173.76,163.62,168.92,35128.40697414
1567123200,2019-08-30,169.04,170.35,165.51,168.33,11519.6647412
1567209600,2019-08-31,168.12,174.83,165.90,171.87,6378.0617537
1567296000,2019-09-01,172.00,173.75,167.65,171.27,6806.08484206
1567382400,2019-09-02,171.48,181.93,170.45,178.75,14905.81386569
1567468800,2019-09-03,178.77,183.06,174.03,178.91,21869.68421522
1567555200,2019-09-04,178.57,180.28,173.35,174.91,19408.05680079
1567641600,2019-09-05,174.75,177.77,169.59,174.62,14054.53540766
1567728000,2019-09-06,173.87,178.65,165.00,169.09,23738.88338972
1567814400,2019-09-07,169.12,181.07,168.33,178.30,14787.77909196
1567900800,2019-09-08,178.49,184.48,176.36,181.48,18341.34547257
1567987200,2019-09-09,181.49,187.99,175.83,180.57,20240.85089628
1568073600,2019-09-10,180.62,184.59,176.38,179.76,12195.58191956
1568160000,2019-09-11,179.84,182.32,173.90,178.33,20571.09571041
1568246400,2019-09-12,178.42,182.70,176.45,180.72,8542.76812006
1568332800,2019-09-13,181.35,181.94,177.59,181.30,10565.86753719
1568419200,2019-09-14,181.50,189.21,180.17,188.73,14895.15129199
1568505600,2019-09-15,188.93,190.88,186.46,189.54,14365.35472244
1568592000,2019-09-16,189.34,199.54,188.40,197.82,48811.82153554
1568678400,2019-09-17,197.75,215.26,196.04,207.83,89452.00501515
1568764800,2019-09-18,207.98,217.42,207.89,210.25,45553.4836685
1568851200,2019-09-19,210.04,224.68,201.88,220.78,58435.33076402
1568937600,2019-09-20,221.27,222.01,211.55,218.11,33764.64713849
1569024000,2019-09-21,218.43,221.17,213.51,214.77,32587.22875471
1569110400,2019-09-22,215.29,215.32,206.06,211.17,32596.66026256
1569196800,2019-09-23,211.46,211.71,198.34,201.04,41939.02913955
1569283200,2019-09-24,201.16,202.73,152.71,166.90,176405.10336847
1569369600,2019-09-25,166.17,175.06,162.27,169.97,48531.67143751
1569456000,2019-09-26,169.84,171.00,152.26,165.71,77921.91673192
1569542400,2019-09-27,166.32,177.36,161.05,173.79,61713.50417791
1569628800,2019-09-28,174.00,175.88,168.50,173.80,25478.76465771
1569715200,2019-09-29,173.98,174.92,164.30,169.42,20815.46795009
1569801600,2019-09-30,169.47,181.80,165.20,181.34,55631.94926144
1569888000,2019-10-01,181.37,185.82,173.92,176.20,47029.28220282
1569974400,2019-10-02,176.21,181.90,174.27,180.86,22928.14867052
1570060800,2019-10-03,181.20,181.22,169.54,175.02,24580.61170757
1570147200,2019-10-04,175.05,179.51,170.90,176.49,23577.59899636
1570233600,2019-10-05,175.55,177.03,172.00,176.63,10735.52755769
1570320000,2019-10-06,176.57,177.18,167.08,170.12,23700.64213464
1570406400,2019-10-07,170.17,182.68,168.71,180.23,32314.80587915
1570492800,2019-10-08,180.49,185.30,176.88,180.73,22906.3278589
1570579200,2019-10-09,180.91,196.00,179.14,193.18,56852.89417434
1570665600,2019-10-10,193.39,194.81,187.30,191.64,20692.21689954
1570752000,2019-10-11,191.69,197.90,178.91,180.84,57502.90438514
1570838400,2019-10-12,180.86,184.87,177.23,180.02,14326.3398663
1570924800,2019-10-13,179.97,184.85,178.34,181.18,13778.96969106
1571011200,2019-10-14,180.96,187.89,180.67,186.74,18627.0402415
1571097600,2019-10-15,187.04,188.52,177.27,180.67,38920.98360318
1571184000,2019-10-16,180.55,181.20,171.39,174.75,23464.71973131
1571270400,2019-10-17,174.52,179.17,172.78,177.51,20128.53513468
1571356800,2019-10-18,177.43,177.48,168.34,173.21,28940.88046801
1571443200,2019-10-19,173.06,175.06,169.66,172.08,12433.57584668
1571529600,2019-10-20,172.16,176.80,169.23,175.62,13462.25484135
1571616000,2019-10-21,175.50,178.19,171.72,174.24,29318.87011136
1571702400,2019-10-22,174.43,175.50,170.47,171.29,12238.90473708
1571788800,2019-10-23,171.13,171.53,153.21,162.49,58624.30434268
1571875200,2019-10-24,162.39,164.00,158.85,160.66,30456.70437936
1571961600,2019-10-25,160.79,187.78,160.42,181.51,55616.45281121
1572048000,2019-10-26,182.10,198.97,173.62,179.93,61819.68200584
1572134400,2019-10-27,180.28,189.22,176.84,184.34,20108.67063737
1572220800,2019-10-28,184.36,189.91,180.80,181.98,30477.19223355
1572307200,2019-10-29,181.94,193.24,181.66,190.95,39975.47230784
1572393600,2019-10-30,190.81,192.15,180.08,183.31,28814.20638967
1572480000,2019-10-31,183.70,185.47,177.57,182.69,26791.82789792
1572566400,2019-11-01,182.08,184.88,177.25,183.42,19320.0199856
1572652800,2019-11-02,183.41,186.24,181.95,182.72,5148.76580113
1572739200,2019-11-03,182.92,184.97,179.11,181.57,4947.99620631
1572825600,2019-11-04,181.61,189.64,180.42,186.31,13152.37240485
1572912000,2019-11-05,186.11,192.64,182.48,188.68,25726.12926712
1572998400,2019-11-06,188.69,194.73,187.86,191.14,16394.0453774
1573084800,2019-11-07,191.22,191.87,184.32,186.23,10332.61590557
1573171200,2019-11-08,186.43,188.14,180.78,183.88,23209.95673988
1573257600,2019-11-09,183.49,185.73,182.24,185.04,5816.51951181
1573344000,2019-11-10,184.61,192.00,183.36,188.99,11190.88164513
1573430400,2019-11-11,188.98,190.00,183.47,184.39,11736.05676404
1573516800,2019-11-12,184.15,187.38,182.01,186.73,11199.62394422
1573603200,2019-11-13,186.89,189.45,185.08,187.75,9122.09773369
1573689600,2019-11-14,188.22,188.22,182.71,184.45,11650.31542817
1573776000,2019-11-15,184.81,187.00,177.11,179.82,21867.04144063
1573862400,2019-11-16,179.83,183.28,179.04,182.33,6070.14593902
1573948800,2019-11-17,182.32,186.27,179.96,183.85,4373.67665032
1574035200,2019-11-18,183.53,184.12,174.15,177.86,12991.74845077
1574121600,2019-11-19,177.65,178.09,172.50,175.65,16181.78115198
1574208000,2019-11-20,175.81,177.30,173.24,174.23,9957.86265384
1574294400,2019-11-21,174.42,175.33,155.53,160.90,38041.25152733
1574380800,2019-11-22,160.90,162.68,137.71,150.17,91617.22749592
1574467200,2019-11-23,149.50,154.44,146.43,152.34,8416.43206904
1574553600,2019-11-24,151.93,153.07,138.62,139.79,15312.96452278
1574640000,2019-11-25,140.08,151.91,131.74,145.94,91709.01678941
1574726400,2019-11-26,145.97,150.00,143.60,147.77,22144.25169339
1574812800,2019-11-27,147.61,155.86,140.96,152.64,62566.96885699
1574899200,2019-11-28,153.35,154.84,149.35,150.96,19258.14339501
1574985600,2019-11-29,151.02,157.76,150.68,154.60,21941.82076558
1575072000,2019-11-30,154.36,155.36,149.79,151.65,9481.31565619
1575158400,2019-12-01,151.34,152.26,145.91,151.13,8959.62274214
1575244800,2019-12-02,151.10,151.58,146.88,149.04,7135.54389457
1575331200,2019-12-03,148.95,150.02,145.73,147.38,11106.47062756
1575417600,2019-12-04,147.03,152.57,143.11,145.46,23895.07994698
1575504000,2019-12-05,145.32,148.93,143.70,147.99,13770.92659548
1575590400,2019-12-06,148.21,149.79,145.78,148.49,15950.78713359
1575676800,2019-12-07,149.11,149.94,147.13,147.31,4143.01268359
1575763200,2019-12-08,147.00,151.99,146.17,150.62,6733.5180839
1575849600,2019-12-09,150.53,151.58,146.61,147.36,13230.82563909
1575936000,2019-12-10,147.29,148.28,143.73,145.64,15409.27675472
1576022400,2019-12-11,145.48,146.31,141.93,143.20,7134.99455618
1576108800,2019-12-12,143.31,145.68,139.18,144.74,20091.22177762
1576195200,2019-12-13,144.92,145.12,142.74,144.59,15137.3629099
1576281600,2019-12-14,144.67,145.00,141.02,141.64,5665.08285943
1576368000,2019-12-15,141.57,144.00,139.79,142.33,8823.41163169
1576454400,2019-12-16,142.53,142.53,128.94,132.29,48678.33464317
1576540800,2019-12-17,132.33,132.63,119.72,121.78,48569.29085683
1576627200,2019-12-18,121.82,134.81,116.00,132.94,55401.18047325
1576713600,2019-12-19,133.63,134.10,125.60,128.15,38878.65812458
1576800000,2019-12-20,128.25,129.35,125.72,128.28,18170.71606581
1576886400,2019-12-21,128.40,128.44,126.62,127.11,6769.97557179
1576972800,2019-12-22,127.14,133.05,126.87,132.28,13919.89090562
1577059200,2019-12-23,132.44,135.16,126.10,128.11,20694.61410556
1577145600,2019-12-24,127.72,129.69,126.63,127.74,7481.55511134
1577232000,2019-12-25,127.82,127.82,123.02,124.97,12517.80172802
1577318400,2019-12-26,124.90,132.03,124.09,125.43,15307.39345755
1577404800,2019-12-27,125.39,126.70,121.82,126.31,9552.74221315
1577491200,2019-12-28,126.06,129.49,125.74,127.73,3245.50785887
1577577600,2019-12-29,127.79,137.72,127.32,134.25,13743.97852182
1577664000,2019-12-30,133.95,135.99,129.93,131.05,8088.67368926
1577750400,2019-12-31,130.98,133.28,127.65,128.63,14849.53288818
1577836800,2020-01-01,128.50,132.64,128.17,130.27,9263.15914496
1577923200,2020-01-02,130.15,130.31,125.67,126.76,14036.96577622
1578009600,2020-01-03,126.70,134.90,125.55,133.89,33830.22393761
1578096000,2020-01-04,134.35,135.69,132.30,133.85,8324.23354011
1578182400,2020-01-05,134.22,138.23,134.12,134.94,6286.33702656
1578268800,2020-01-06,135.22,144.41,134.81,144.37,28594.18324563
1578355200,2020-01-07,144.39,145.20,138.87,143.00,17039.76956808
1578441600,2020-01-08,142.86,148.00,136.42,140.48,41734.20781303
1578528000,2020-01-09,140.55,141.19,135.40,137.92,23551.99847941
1578614400,2020-01-10,137.71,145.29,135.18,144.73,20791.10860453
1578700800,2020-01-11,144.64,148.00,142.01,142.63,9947.04546941
1578787200,2020-01-12,142.37,146.55,141.83,146.28,4319.42078665
1578873600,2020-01-13,146.69,146.86,142.14,143.51,14097.81561672
1578960000,2020-01-14,143.73,170.86,143.73,165.93,76002.18601708
1579046400,2020-01-15,165.68,171.78,159.09,166.26,53765.38287074
1579132800,2020-01-16,166.06,167.28,158.35,164.09,32297.63846538
1579219200,2020-01-17,164.56,174.30,162.01,169.62,36387.65075342
1579305600,2020-01-18,169.67,179.26,164.78,174.24,23068.0493292
1579392000,2020-01-19,174.29,178.00,161.53,166.72,21710.23677226
1579478400,2020-01-20,166.78,169.23,160.90,166.65,25280.69584593
1579564800,2020-01-21,166.68,169.99,164.28,169.35,25536.58670976
1579651200,2020-01-22,169.41,171.03,165.64,167.81,14719.87143703
1579737600,2020-01-23,167.48,167.48,158.68,162.51,15319.59467594
1579824000,2020-01-24,162.50,164.24,155.12,162.15,50015.80652043
1579910400,2020-01-25,162.05,162.32,157.55,160.54,3852.11563695
1579996800,2020-01-26,159.60,167.71,159.13,167.65,7709.40970468
1580083200,2020-01-27,167.52,171.84,164.77,169.73,19627.22627747
1580169600,2020-01-28,169.73,176.26,169.73,175.80,28602.2992526
1580256000,2020-01-29,176.33,178.30,173.20,173.45,12447.7045486
1580342400,2020-01-30,172.85,186.40,170.56,184.30,28016.33606871
1580428800,2020-01-31,184.41,185.15,174.77,179.84,31905.55471945
1580515200,2020-02-01,179.83,184.32,179.00,183.51,10707.05738654
1580601600,2020-02-02,183.52,193.13,179.00,188.16,24383.94592788
1580688000,2020-02-03,187.69,195.00,186.45,189.66,21746.64866431
1580774400,2020-02-04,190.23,191.47,181.93,188.15,24514.89431175
1580860800,2020-02-05,188.15,207.91,187.50,203.54,37437.29519117
1580947200,2020-02-06,204.16,216.39,200.47,213.09,38877.48936167
1581033600,2020-02-07,213.08,224.44,212.88,223.43,44944.26688232
1581120000,2020-02-08,222.95,228.03,213.56,223.20,22896.13856016
1581206400,2020-02-09,223.60,230.98,223.60,228.42,37340.04024853
1581292800,2020-02-10,229.23,229.84,213.37,222.74,31986.4578514
1581379200,2020-02-11,223.23,239.69,217.82,237.95,43291.61249191
1581465600,2020-02-12,238.51,275.85,238.47,266.42,70390.13423864
1581552000,2020-02-13,266.55,278.31,255.24,268.94,73512.32873284
1581638400,2020-02-14,268.44,287.81,259.67,285.96,49082.02213932
1581724800,2020-02-15,285.97,289.04,261.20,264.67,46519.02412503
1581811200,2020-02-16,265.02,273.98,236.32,258.89,40568.17088608
1581897600,2020-02-17,258.75,269.12,242.31,268.30,45087.20640379
1581984000,2020-02-18,268.41,286.77,258.72,281.87,55006.06956499
1582070400,2020-02-19,283.40,287.00,251.03,258.57,47682.25602615
1582156800,2020-02-20,258.51,263.81,245.00,257.42,43814.36517883
1582243200,2020-02-21,257.18,269.00,254.36,265.71,37646.27445091
1582329600,2020-02-22,264.40,267.43,255.16,262.13,15758.12187607
1582416000,2020-02-23,262.51,276.52,261.91,275.66,21398.17687945
1582502400,2020-02-24,275.41,278.22,256.55,266.04,26262.95494295
1582588800,2020-02-25,264.60,265.17,243.91,246.58,44103.2153222
1582675200,2020-02-26,245.08,249.91,215.13,223.76,96974.77986758
1582761600,2020-02-27,223.60,239.00,209.37,227.23,62606.46718793
1582848000,2020-02-28,227.80,234.84,213.36,227.26,38953.16860487
1582934400,2020-02-29,227.68,233.32,217.13,217.63,17738.50781146
1583020800,2020-03-01,218.38,227.76,211.89,217.34,32911.95777994
1583107200,2020-03-02,217.14,234.65,215.81,231.97,42712.82574707
1583193600,2020-03-03,232.12,233.03,219.90,223.46,48628.61092037
1583280000,2020-03-04,224.00,228.89,220.33,224.52,20732.32518982
1583366400,2020-03-05,224.49,234.43,224.49,228.81,60978.3188084
1583452800,2020-03-06,228.46,245.93,227.69,245.52,52598.135007
1583539200,2020-03-07,245.54,252.82,235.64,237.54,27900.13171367
1583625600,2020-03-08,237.27,237.27,195.91,199.38,65388.05337851
1583712000,2020-03-09,199.83,208.62,189.64,202.93,111388.83333163
1583798400,2020-03-10,202.93,206.39,195.56,200.39,62621.30735816
1583884800,2020-03-11,200.51,203.13,181.72,194.57,81751.97166946
1583971200,2020-03-12,195.07,195.57,102.66,109.42,343137.40019134
1584057600,2020-03-13,109.35,148.33,88.20,135.45,397258.14311439
1584144000,2020-03-14,135.23,135.60,120.82,122.43,80715.61817187
1584230400,2020-03-15,122.43,133.78,120.00,123.55,128402.08149053
1584316800,2020-03-16,123.11,123.81,100.66,111.04,167022.61446378
1584403200,2020-03-17,112.00,121.33,109.68,115.91,69740.63915937
1584489600,2020-03-18,116.16,118.73,110.11,118.63,87672.92988205
1584576000,2020-03-19,118.84,144.87,115.78,136.75,127650.14921141
1584662400,2020-03-20,137.18,153.48,115.50,133.50,153435.2664638
1584748800,2020-03-21,133.50,137.61,126.00,132.65,71549.57173625
1584835200,2020-03-22,132.47,137.26,120.49,122.47,53577.5709082
1584921600,2020-03-23,122.24,138.19,119.04,136.54,71195.64487017
1585008000,2020-03-24,136.63,144.06,132.99,139.12,103407.7375406
1585094400,2020-03-25,138.79,142.86,132.05,136.42,63452.35594547
1585180800,2020-03-26,136.86,140.21,133.47,138.97,47945.34130977
1585267200,2020-03-27,139.29,142.45,128.94,131.43,50317.19992053
1585353600,2020-03-28,131.42,133.47,125.02,131.35,48311.9866539
1585440000,2020-03-29,132.00,132.00,123.27,124.59,44183.66168161
1585526400,2020-03-30,124.45,135.56,124.01,132.36,34805.26074635
1585612800,2020-03-31,132.48,135.79,130.50,133.14,23130.90087481
1585699200,2020-04-01,133.17,137.20,128.91,135.98,32940.69794717
1585785600,2020-04-02,136.59,150.00,135.42,141.71,59641.49939542
1585872000,2020-04-03,141.31,147.24,137.89,141.40,46495.40097431
1585958400,2020-04-04,141.37,146.72,139.04,144.59,19772.81642673
1586044800,2020-04-05,144.92,145.93,140.78,143.03,13210.43032409
1586131200,2020-04-06,142.79,172.26,142.79,171.65,103826.56487592
1586217600,2020-04-07,171.50,176.65,162.18,164.55,100869.80497622
1586304000,2020-04-08,164.68,174.75,163.67,173.23,52450.68692811
1586390400,2020-04-09,173.13,173.70,165.28,170.07,46460.10693988
1586476800,2020-04-10,169.79,170.35,152.18,157.97,69435.02428346
1586563200,2020-04-11,158.40,161.62,154.06,158.65,26233.72852261
1586649600,2020-04-12,158.65,165.48,155.24,158.39,35342.1090032
1586736000,2020-04-13,158.05,159.65,148.82,157.03,52489.38882902
1586822400,2020-04-14,157.23,162.26,155.32,158.61,26312.72836736
1586908800,2020-04-15,158.34,161.50,151.90,152.96,33567.88494264
1586995200,2020-04-16,152.53,175.17,148.19,172.37,93356.13573355
1587081600,2020-04-17,172.92,175.12,168.12,171.00,27438.69463688
1587168000,2020-04-18,170.71,189.73,170.71,188.03,54336.80949115
1587254400,2020-04-19,187.76,188.58,176.45,180.20,31718.63713813
1587340800,2020-04-20,180.15,186.63,166.80,170.64,94313.37544638
1587427200,2020-04-21,170.48,174.96,168.35,171.07,28178.29560233
1587513600,2020-04-22,170.65,184.30,170.01,183.25,45482.26579616
1587600000,2020-04-23,183.11,194.51,178.26,185.67,98909.07739809
1587686400,2020-04-24,185.44,190.00,184.76,187.56,41405.32479293
1587772800,2020-04-25,187.42,198.30,186.00,194.00,38526.01771079
1587859200,2020-04-26,195.00,200.00,192.51,197.96,51840.35446041
1587945600,2020-04-27,197.98,199.56,189.20,196.90,44891.7067574
1588032000,2020-04-28,196.71,198.00,192.48,196.73,31959.57633308
1588118400,2020-04-29,196.85,219.50,196.79,215.67,130958.69519496
1588204800,2020-04-30,215.67,227.73,201.66,206.20,103718.93607718
1588291200,2020-05-01,206.43,217.58,206.32,212.02,44824.0005125
1588377600,2020-05-02,211.93,215.49,210.38,214.07,17518.70412673
1588464000,2020-05-03,214.24,219.18,205.03,210.20,42008.78640851
1588550400,2020-05-04,209.91,210.75,195.01,207.01,54083.23037584
1588636800,2020-05-05,207.29,212.13,200.66,205.62,30469.48561157
1588723200,2020-05-06,205.26,212.00,198.16,199.13,57045.27033623
1588809600,2020-05-07,199.09,215.55,196.72,212.56,103978.28851535
1588896000,2020-05-08,212.68,216.85,207.22,211.59,45587.86496605
1588982400,2020-05-09,211.67,214.72,208.49,210.21,35735.38854296
1589068800,2020-05-10,209.76,209.96,180.00,188.06,122466.84067896
1589155200,2020-05-11,187.84,193.88,175.51,186.18,81205.55480091
1589241600,2020-05-12,186.48,192.59,185.90,189.79,48201.7198576
1589328000,2020-05-13,189.98,201.16,188.34,199.80,56116.30415707
1589414400,2020-05-14,199.85,206.32,195.75,203.11,69141.84768953
1589500800,2020-05-15,203.36,204.22,191.49,194.57,53363.89341492
1589587200,2020-05-16,194.59,203.39,193.08,200.43,25545.20517598
1589673600,2020-05-17,200.34,210.00,199.53,207.03,45535.22264311
1589760000,2020-05-18,207.02,217.10,207.01,214.84,66026.94550346
1589846400,2020-05-19,214.90,215.99,209.17,214.62,36384.31374315
1589932800,2020-05-20,214.90,215.55,205.86,209.98,34489.68509652
1590019200,2020-05-21,209.79,211.65,191.47,198.64,57163.97626409
1590105600,2020-05-22,197.94,209.34,196.20,207.12,53431.41678817
1590192000,2020-05-23,207.39,211.21,204.82,206.84,13902.38753529
1590278400,2020-05-24,206.37,210.77,199.45,199.64,35346.44730509
1590364800,2020-05-25,199.65,205.78,197.35,204.04,32693.42879409
1590451200,2020-05-26,204.00,204.99,196.60,201.16,46170.31013495
1590537600,2020-05-27,200.90,208.60,200.90,208.32,42237.411116
1590624000,2020-05-28,208.33,220.73,204.57,220.57,51215.75249867
1590710400,2020-05-29,220.53,224.90,217.39,220.60,50201.55591774
1590796800,2020-05-30,220.86,247.43,218.85,243.28,90932.65108994
1590883200,2020-05-31,243.39,245.39,229.59,231.63,55541.39454011
1590969600,2020-06-01,231.34,251.74,230.48,248.03,70673.92737647
1591056000,2020-06-02,248.76,253.43,225.00,237.72,116977.1594075
1591142400,2020-06-03,237.81,245.18,233.28,244.69,48786.58623007
1591228800,2020-06-04,244.71,246.62,235.83,243.32,61054.93951253
1591315200,2020-06-05,243.33,248.12,239.05,240.19,46036.74288739
1591401600,2020-06-06,239.78,244.66,237.60,242.21,21924.25076666
1591488000,2020-06-07,241.97,245.60,233.82,244.74,48616.23162632
1591574400,2020-06-08,244.91,247.90,241.05,246.82,39149.48862897
1591660800,2020-06-09,246.77,250.22,215.00,244.14,45485.61580318
1591747200,2020-06-10,243.90,250.77,241.75,248.04,50542.76848592
1591833600,2020-06-11,248.25,251.01,225.20,230.14,113531.57085168
1591920000,2020-06-12,230.08,247.99,228.24,237.41,62339.91903241
1592006400,2020-06-13,237.77,238.79,234.54,238.12,15636.08394591
1592092800,2020-06-14,238.03,238.62,229.77,231.59,29400.88174637
1592179200,2020-06-15,231.41,233.67,217.79,230.78,90084.47454617
1592265600,2020-06-16,230.99,236.00,228.77,235.28,31138.0869783
1592352000,2020-06-17,235.51,237.42,227.56,233.62,34009.55225262
1592438400,2020-06-18,233.49,234.48,227.37,231.16,21253.14748856
1592524800,2020-06-19,230.93,231.80,226.34,228.64,25219.57356154
1592611200,2020-06-20,228.89,230.60,225.00,228.89,17118.91896001
1592697600,2020-06-21,229.25,231.18,226.84,227.73,11985.73455158
1592784000,2020-06-22,227.71,247.04,227.31,243.33,61687.34301915
1592870400,2020-06-23,243.53,244.98,240.82,243.23,29253.81729064
1592956800,2020-06-24,243.24,249.11,230.71,234.43,71469.48592981
1593043200,2020-06-25,234.05,235.21,227.00,232.44,51367.15796791
1593129600,2020-06-26,232.20,233.35,227.26,229.31,45242.7511872
1593216000,2020-06-27,229.62,231.00,215.79,220.83,47407.00864985
1593302400,2020-06-28,220.69,227.80,217.76,224.94,27501.26579722
1593388800,2020-06-29,225.08,229.98,220.92,227.87,38058.8499372
1593475200,2020-06-30,228.02,228.62,222.79,225.62,24951.91045872
1593561600,2020-07-01,225.43,232.80,223.99,231.05,38194.57667437
1593648000,2020-07-02,230.98,232.19,222.88,226.53,36997.61340275
1593734400,2020-07-03,226.39,228.26,224.20,225.24,16358.72486735
1593820800,2020-07-04,224.82,230.95,224.53,229.20,18027.08807943
1593907200,2020-07-05,229.24,229.89,223.27,227.78,17098.81010992
1593993600,2020-07-06,227.74,242.19,227.06,241.88,48136.94150423
1594080000,2020-07-07,241.70,243.95,234.30,239.23,38671.46104154
1594166400,2020-07-08,239.51,249.00,237.96,247.16,48519.6576044
1594252800,2020-07-09,246.81,247.62,237.60,242.04,36072.84253863
1594339200,2020-07-10,242.00,242.00,235.00,241.11,32964.49215985
1594425600,2020-07-11,241.26,241.63,237.46,239.22,12141.97331754
1594512000,2020-07-12,239.42,244.07,236.48,242.74,24335.76514373
1594598400,2020-07-13,243.26,245.47,237.25,239.49,36030.77800809
1594684800,2020-07-14,239.47,242.19,236.76,240.45,26062.81624787
1594771200,2020-07-15,240.42,241.43,236.41,238.27,19630.45492954
1594857600,2020-07-16,238.47,239.38,229.44,233.56,31211.19228031
1594944000,2020-07-17,233.61,234.61,231.32,232.59,21851.47339362
1595030400,2020-07-18,232.50,237.14,232.26,235.84,10615.01670474
1595116800,2020-07-19,235.62,239.98,233.28,239.24,15601.35767031
1595203200,2020-07-20,239.30,239.82,234.09,235.98,23698.49902825
1595289600,2020-07-21,235.96,246.96,235.58,245.91,46003.15841432
1595376000,2020-07-22,245.63,270.00,241.76,264.23,55346.33388165
1595462400,2020-07-23,264.43,280.76,260.00,275.66,107202.17245311
1595548800,2020-07-24,275.27,288.99,267.96,279.32,65634.13101896
1595635200,2020-07-25,279.84,309.00,279.84,305.66,80810.57058059
1595721600,2020-07-26,305.17,320.77,300.20,311.47,101603.33573615
1595808000,2020-07-27,311.38,334.41,311.38,322.86,143337.55853998
1595894400,2020-07-28,322.81,327.43,305.76,317.53,77318.72419394
1595980800,2020-07-29,317.96,330.02,313.09,318.40,50279.54917949
1596067200,2020-07-30,317.47,342.37,313.78,335.04,61449.1016197
1596153600,2020-07-31,335.49,349.94,328.92,346.67,55368.48779515
1596240000,2020-08-01,347.13,393.79,343.64,387.32,103742.66339016
1596326400,2020-08-02,387.42,415.67,325.00,371.96,129558.64543778
1596412800,2020-08-03,372.42,398.52,367.00,386.30,63863.45282186
1596499200,2020-08-04,386.30,403.54,380.87,389.75,61425.99499358
1596585600,2020-08-05,390.95,407.70,383.60,401.21,53760.1313862
1596672000,2020-08-06,401.23,404.00,389.64,394.90,37076.4427567
1596758400,2020-08-07,394.94,398.65,360.00,379.71,80787.11410587
1596844800,2020-08-08,379.60,397.64,376.41,397.48,24208.20367815
1596931200,2020-08-09,397.53,400.50,383.48,390.32,26396.03648891
1597017600,2020-08-10,391.36,400.51,384.61,395.99,76909.86295944
1597104000,2020-08-11,395.57,398.43,366.22,378.98,62760.67690016
1597190400,2020-08-12,378.71,389.30,365.41,387.31,54751.39448887
1597276800,2020-08-13,387.41,431.80,375.80,424.90,81372.18914985
1597363200,2020-08-14,425.43,444.80,418.00,438.72,103931.4782325
1597449600,2020-08-15,438.72,443.11,422.01,432.78,44749.08146721
1597536000,2020-08-16,432.55,437.11,412.43,434.05,36367.22821975
1597622400,2020-08-17,434.27,447.00,420.38,430.86,78327.30350912
1597708800,2020-08-18,431.26,434.41,413.23,422.09,37823.24832403
1597795200,2020-08-19,422.15,426.82,393.00,407.43,77106.60490057
1597881600,2020-08-20,408.25,419.36,402.33,416.18,44547.72603466
1597968000,2020-08-21,416.19,419.00,383.00,388.11,71757.21126635
1598054400,2020-08-22,387.72,396.92,379.40,396.12,26105.56765161
1598140800,2020-08-23,395.57,397.44,383.66,390.86,18533.95891409
1598227200,2020-08-24,390.98,410.47,387.65,408.28,48419.88622453
1598313600,2020-08-25,407.80,409.01,368.88,383.78,57034.56280897
1598400000,2020-08-26,383.10,393.38,376.38,386.14,48534.82395059
1598486400,2020-08-27,386.25,397.46,368.50,383.43,58655.14493977
1598572800,2020-08-28,383.43,398.32,379.83,395.42,37117.33744247
1598659200,2020-08-29,395.35,405.91,392.43,398.58,27091.02780758
1598745600,2020-08-30,398.66,430.00,398.44,428.92,42949.04622593
1598832000,2020-08-31,428.78,439.58,418.21,434.00,45627.75551964
1598918400,2020-09-01,434.00,489.00,429.61,475.59,90938.98246622
1599004800,2020-09-02,475.57,481.64,420.01,439.92,119484.19319146
1599091200,2020-09-03,440.24,451.42,372.13,382.47,120238.3056607
1599177600,2020-09-04,381.65,400.69,360.00,385.94,122684.20388517
1599264000,2020-09-05,385.65,394.86,309.70,334.91,180087.92301798
1599350400,2020-09-06,334.77,360.66,316.49,352.76,115930.56137469
1599436800,2020-09-07,353.50,358.65,323.28,353.53,90223.79542743
1599523200,2020-09-08,353.76,356.41,325.34,337.28,68182.3646505
1599609600,2020-09-09,337.12,359.34,330.72,351.21,51029.66766145
1599696000,2020-09-10,350.86,377.84,350.19,367.90,56254.35132876
1599782400,2020-09-11,368.49,375.42,355.52,374.06,41824.23675833
1599868800,2020-09-12,374.07,388.23,364.73,387.58,27856.09799626
1599955200,2020-09-13,387.72,390.55,353.05,366.48,41211.04254832
1600041600,2020-09-14,366.55,385.00,356.06,377.25,69156.83937152
1600128000,2020-09-15,377.25,382.35,362.07,364.03,57590.36953774
1600214400,2020-09-16,363.78,373.38,354.85,365.11,46710.18208811
1600300800,2020-09-17,364.80,394.32,363.33,389.27,62178.79034613
1600387200,2020-09-18,389.11,392.53,375.54,384.84,37402.14032175
1600473600,2020-09-19,383.49,388.36,377.11,385.50,13078.23422681
1600560000,2020-09-20,384.98,385.38,364.94,370.86,25014.15945729
1600646400,2020-09-21,371.04,376.47,330.77,340.18,85290.50503008
1600732800,2020-09-22,340.35,346.74,335.48,344.04,52405.55270203
1600819200,2020-09-23,344.38,344.61,313.00,320.17,57059.32720985
1600905600,2020-09-24,320.58,353.26,316.83,349.03,82619.29241266
1600992000,2020-09-25,348.83,358.03,337.78,351.51,64130.49967608
1601078400,2020-09-26,352.60,356.62,346.19,353.92,19009.8712773
1601164800,2020-09-27,354.23,362.25,347.16,357.39,18758.77154381
1601251200,2020-09-28,357.86,368.35,352.00,353.95,38300.57100004
1601337600,2020-09-29,352.40,360.80,350.25,359.80,42663.6498199
1601424000,2020-09-30,359.91,361.34,351.29,359.94,23535.28177491
1601510400,2020-10-01,360.03,369.69,345.01,352.95,41093.66019381
1601596800,2020-10-02,351.95,354.29,334.46,345.68,61782.2580543
1601683200,2020-10-03,345.84,351.26,344.03,346.31,10472.89599911
1601769600,2020-10-04,345.88,354.14,344.16,352.68,10998.07418169
1601856000,2020-10-05,352.60,356.04,348.46,353.64,18552.62547199
1601942400,2020-10-06,354.88,355.10,336.85,340.77,42229.55539518
1602028800,2020-10-07,340.66,342.96,332.93,341.86,24527.59781207
1602115200,2020-10-08,342.00,353.45,333.82,351.25,28720.23727174
1602201600,2020-10-09,351.06,368.45,339.91,365.51,44093.82702496
1602288000,2020-10-10,365.20,378.51,365.11,371.06,23287.8231673
1602374400,2020-10-11,370.71,377.55,369.37,374.33,9516.89233115
1602460800,2020-10-12,374.13,395.44,365.68,386.43,48725.32646862
1602547200,2020-10-13,386.94,387.80,374.19,381.50,39122.79763743
1602633600,2020-10-14,381.47,387.62,373.08,378.86,32124.29628473
1602720000,2020-10-15,378.43,382.00,370.15,377.88,27856.54821219
1602806400,2020-10-16,377.88,379.95,361.34,365.61,47090.91402472
1602892800,2020-10-17,365.77,370.65,363.62,368.56,7362.08617622
1602979200,2020-10-18,367.80,378.64,367.60,378.48,7482.08816614
1603065600,2020-10-19,378.58,384.70,372.81,379.17,29984.1713049
1603152000,2020-10-20,379.47,380.95,364.25,368.68,37817.23432473
1603238400,2020-10-21,369.06,402.46,368.20,391.59,89138.9543076
1603324800,2020-10-22,391.30,421.52,391.30,414.56,59872.62723286
1603411200,2020-10-23,414.12,419.51,401.50,409.76,25402.44005852
1603497600,2020-10-24,409.97,416.91,407.82,412.62,10180.98311369
1603584000,2020-10-25,412.36,418.13,403.20,406.28,12373.55582071
1603670400,2020-10-26,406.20,411.26,382.50,393.11,53204.24156561
1603756800,2020-10-27,393.36,410.88,390.39,403.91,31777.7120001
1603843200,2020-10-28,403.45,409.31,380.36,388.60,49378.54513977
1603929600,2020-10-29,389.00,394.02,380.53,387.34,40747.16636549
1604016000,2020-10-30,387.65,392.07,373.73,382.61,36516.62715858
1604102400,2020-10-31,382.49,394.00,380.79,387.01,12477.80653127
1604188800,2020-11-01,386.31,398.13,385.00,396.78,9594.99938757
1604275200,2020-11-02,397.14,404.50,378.23,383.86,51571.71531068
1604361600,2020-11-03,383.33,390.63,370.43,388.42,25153.72799972
1604448000,2020-11-04,388.80,408.81,375.05,403.06,52528.83537603
1604534400,2020-11-05,403.33,421.43,395.93,417.05,52265.80899563
1604620800,2020-11-06,418.02,458.70,415.86,456.30,77703.30278031
1604707200,2020-11-07,456.35,468.91,424.17,435.46,53766.69706242
1604793600,2020-11-08,435.09,460.86,432.86,454.83,27947.54778627
1604880000,2020-11-09,454.47,459.74,434.26,444.28,51714.97116778
1604966400,2020-11-10,445.14,455.25,439.09,450.55,37675.5956442
1605052800,2020-11-11,451.26,477.00,449.97,464.33,50976.57369959
1605139200,2020-11-12,463.29,470.43,451.63,463.06,37377.87869784
1605225600,2020-11-13,464.00,478.51,457.85,477.18,44731.44199184
1605312000,2020-11-14,477.30,478.35,451.88,461.31,25479.53449124
1605398400,2020-11-15,460.94,463.46,440.60,448.45,23467.90745127
1605484800,2020-11-16,448.51,466.49,445.91,460.57,32382.70833155
1605571200,2020-11-17,460.49,485.36,460.40,482.96,54367.32150108
1605657600,2020-11-18,482.50,496.00,458.33,478.71,88812.36302183
1605744000,2020-11-19,479.68,481.10,465.00,471.90,55347.11826708
1605830400,2020-11-20,471.98,514.72,471.32,510.35,108653.1726335
1605916800,2020-11-21,510.53,554.00,503.10,552.96,63667.23565287
1606003200,2020-11-22,553.18,581.92,511.25,561.26,76889.60957211
1606089600,2020-11-23,561.73,611.67,549.99,609.35,109806.06701985
1606176000,2020-11-24,609.25,623.65,589.97,605.72,72079.05119132
1606262400,2020-11-25,605.17,606.61,554.26,569.64,91326.83947655
1606348800,2020-11-26,569.00,576.99,480.74,520.21,189448.36567575
1606435200,2020-11-27,521.07,531.12,493.97,518.65,93285.68749224
1606521600,2020-11-28,519.39,548.65,506.51,537.92,85920.17299547
1606608000,2020-11-29,537.40,577.18,530.54,576.60,51437.2664566
1606694400,2020-11-30,576.97,617.00,570.76,617.00,89314.25408395
1606780800,2020-12-01,617.00,636.93,562.74,586.16,132071.94467969
1606867200,2020-12-02,585.69,604.99,575.24,598.20,115162.98101038
1606953600,2020-12-03,596.45,624.36,586.00,616.74,94158.3818886
1607040000,2020-12-04,616.26,620.92,565.83,567.78,133931.62063981
1607126400,2020-12-05,567.21,597.91,561.00,597.16,38584.74470604
1607212800,2020-12-06,598.00,607.41,583.50,602.47,34253.58591312
1607299200,2020-12-07,602.98,602.98,584.71,591.65,32076.09801156
1607385600,2020-12-08,591.66,595.45,548.68,554.72,111845.29758918
1607472000,2020-12-09,554.59,577.91,530.36,573.44,170254.56016797
1607558400,2020-12-10,573.75,574.90,548.38,558.11,61487.1906811
1607644800,2020-12-11,559.57,560.05,535.03,543.76,156854.79559534
1607731200,2020-12-12,543.38,574.52,543.38,568.20,48287.04279335
1607817600,2020-12-13,568.07,595.00,563.68,590.71,44996.25784445
1607904000,2020-12-14,590.50,591.64,575.59,586.17,48205.28908759
1607990400,2020-12-15,586.49,597.61,579.00,589.04,34570.00584386
1608076800,2020-12-16,589.12,639.92,581.00,638.31,126698.01811843
1608163200,2020-12-17,638.45,676.94,625.86,643.71,184265.10194117
1608249600,2020-12-18,644.67,664.42,628.60,655.00,84346.84451231
1608336000,2020-12-19,655.00,671.00,645.97,658.71,89281.25539186
1608422400,2020-12-20,658.92,661.39,621.55,638.49,48989.98879846
1608508800,2020-12-21,637.88,648.16,595.22,607.77,123238.5498839
1608595200,2020-12-22,608.39,638.19,587.59,637.23,101954.24467962
1608681600,2020-12-23,637.22,638.80,550.00,585.43,97786.70414382
1608768000,2020-12-24,584.86,614.95,565.67,612.23,48800.16467508
1608854400,2020-12-25,613.25,633.47,604.20,626.78,60557.46515648
1608940800,2020-12-26,626.82,652.73,615.50,636.49,58305.22197704
1609027200,2020-12-27,638.00,714.99,624.49,683.60,151576.605711
1609113600,2020-12-28,683.85,747.00,680.67,729.63,139810.76990495
1609200000,2020-12-29,729.31,739.81,688.98,731.80,69697.74504444
1609286400,2020-12-30,733.57,758.50,716.83,752.71,103291.73423688
1609372800,2020-12-31,753.31,755.90,722.35,737.24,73278.34924426
1609459200,2021-01-01,737.50,750.34,716.24,731.18,67207.99694594
1609545600,2021-01-02,731.99,788.82,717.00,775.59,101732.13526586
1609632000,2021-01-03,775.40,1014.70,769.95,979.33,256214.08926463
1609718400,2021-01-04,980.23,1169.97,890.00,1042.95,319719.31834411
1609804800,2021-01-05,1045.65,1136.00,975.00,1102.97,302282.87488153
1609891200,2021-01-06,1102.97,1215.00,1059.73,1212.85,219418.46409461
1609977600,2021-01-07,1213.21,1291.00,1150.00,1226.56,218739.14655032
1610064000,2021-01-08,1229.76,1275.74,1065.00,1217.84,244319.41733279
1610150400,2021-01-09,1219.76,1309.98,1171.88,1280.11,115530.77562137
1610236800,2021-01-10,1282.40,1352.85,1146.34,1256.00,158589.44621696
1610323200,2021-01-11,1258.23,1258.23,911.00,1087.82,391990.39838963
1610409600,2021-01-12,1086.46,1152.00,1005.04,1048.42,136402.84895273
1610496000,2021-01-13,1048.90,1137.09,985.29,1130.76,122061.98804887
1610582400,2021-01-14,1130.42,1246.54,1086.69,1233.01,112726.24523244
1610668800,2021-01-15,1233.84,1255.52,1059.55,1170.93,163744.95393743
1610755200,2021-01-16,1169.71,1293.18,1152.51,1228.19,116544.73802915
1610841600,2021-01-17,1226.44,1268.87,1166.08,1232.95,93016.58930532
1610928000,2021-01-18,1233.23,1261.30,1182.80,1257.86,92116.02988287
1611014400,2021-01-19,1258.64,1440.00,1251.49,1369.62,179194.96261236
1611100800,2021-01-20,1368.05,1408.28,1235.12,1377.80,149880.62716112
1611187200,2021-01-21,1378.36,1389.49,1081.22,1110.37,211589.61190997
1611273600,2021-01-22,1110.48,1275.57,1041.22,1234.77,151687.87291139
1611360000,2021-01-23,1232.26,1273.00,1196.22,1234.52,55607.68996937
1611446400,2021-01-24,1233.88,1400.00,1221.84,1393.50,134917.83419197
1611532800,2021-01-25,1393.86,1476.06,1293.20,1317.92,149354.54376158
1611619200,2021-01-26,1316.21,1378.34,1245.25,1367.96,110483.29269227
1611705600,2021-01-27,1366.91,1375.00,1205.98,1240.62,141198.79745693
1611792000,2021-01-28,1240.62,1364.00,1219.00,1331.71,108281.42161391
1611878400,2021-01-29,1332.47,1440.00,1287.61,1379.35,151824.06465985
1611964800,2021-01-30,1380.94,1407.67,1326.81,1378.15,70078.00563981
1612051200,2021-01-31,1374.46,1381.13,1282.48,1314.17,46723.36567596
1612137600,2021-02-01,1313.19,1377.76,1271.80,1375.28,60834.72958926
1612224000,2021-02-02,1375.65,1549.21,1362.85,1513.00,126366.02112154
1612310400,2021-02-03,1513.62,1673.34,1507.61,1667.28,106199.11273943
1612396800,2021-02-04,1669.23,1698.56,1555.26,1598.89,100659.42170598
1612483200,2021-02-05,1598.15,1764.55,1593.00,1721.04,77705.65401435
1612569600,2021-02-06,1721.72,1745.52,1647.76,1679.46,75746.50362619
1612656000,2021-02-07,1680.03,1695.09,1492.60,1615.44,79754.24042088
1612742400,2021-02-08,1615.77,1779.43,1566.21,1752.30,110082.25161197
1612828800,2021-02-09,1754.07,1825.36,1708.21,1772.94,67940.076017
1612915200,2021-02-10,1773.72,1839.00,1678.67,1743.14,87952.33232993
1613001600,2021-02-11,1745.21,1819.00,1704.87,1788.18,75222.08919245
1613088000,2021-02-12,1787.64,1868.80,1741.16,1845.93,69275.68002034
1613174400,2021-02-13,1845.74,1874.98,1765.54,1817.20,58072.79926344
1613260800,2021-02-14,1820.26,1853.30,1785.93,1802.00,62494.24175093
1613347200,2021-02-15,1803.43,1839.25,1660.00,1780.19,113833.32715503
1613433600,2021-02-16,1779.60,1826.23,1723.67,1781.16,87870.25276779
1613520000,2021-02-17,1783.75,1857.79,1733.46,1851.26,65212.37484467
1613606400,2021-02-18,1852.07,1951.26,1852.07,1939.05,72480.32210128
1613692800,2021-02-19,1942.87,1974.99,1890.69,1958.16,65276.4575562
1613779200,2021-02-20,1957.84,2040.62,1801.94,1916.40,57264.99341453
1613865600,2021-02-21,1915.03,1976.94,1885.29,1935.24,27671.26608507
1613952000,2021-02-22,1936.27,1937.11,1540.58,1778.72,166674.70417511
1614038400,2021-02-23,1778.36,1782.06,1352.89,1578.14,203281.71478798
1614124800,2021-02-24,1578.21,1714.77,1500.00,1625.51,70838.77709831
1614211200,2021-02-25,1623.76,1672.91,1458.85,1480.16,44072.41451006
1614297600,2021-02-26,1480.21,1563.83,1400.00,1447.06,52364.48905154
1614384000,2021-02-27,1445.19,1527.70,1427.43,1459.03,74913.18811541
1614470400,2021-02-28,1457.78,1469.74,1293.42,1421.77,147163.04598849
1614556800,2021-03-01,1424.29,1573.31,1413.44,1570.83,56377.83225247
1614643200,2021-03-02,1572.12,1604.99,1455.00,1488.80,38100.18145227
1614729600,2021-03-03,1487.03,1658.00,1478.61,1568.00,61937.70970425
1614816000,2021-03-04,1568.11,1625.39,1504.16,1538.23,81503.09889406
1614902400,2021-03-05,1540.71,1549.29,1441.25,1527.29,60074.77956313
1614988800,2021-03-06,1530.03,1672.98,1513.72,1651.16,76977.07129927
1615075200,2021-03-07,1652.87,1735.00,1630.39,1727.30,40239.80258044
1615161600,2021-03-08,1729.60,1842.52,1665.76,1835.06,65383.83569739
1615248000,2021-03-09,1836.88,1872.78,1798.57,1872.78,36537.83968677
1615334400,2021-03-10,1873.23,1879.69,1758.79,1793.51,80810.76160587
1615420800,2021-03-11,1794.46,1848.47,1723.84,1826.23,61046.12372644
1615507200,2021-03-12,1827.37,1842.17,1720.55,1767.48,40877.58101617
1615593600,2021-03-13,1767.76,1943.32,1728.25,1920.98,52560.20386912
1615680000,2021-03-14,1922.22,1931.60,1837.00,1848.37,26691.64731908
1615766400,2021-03-15,1847.52,1890.00,1732.00,1793.21,85342.28664203
1615852800,2021-03-16,1795.47,1820.00,1711.89,1805.65,87285.79635618
1615939200,2021-03-17,1807.71,1840.98,1741.08,1822.30,42379.79355185
1616025600,2021-03-18,1829.74,1850.00,1758.53,1776.02,32571.47907809
1616112000,2021-03-19,1776.11,1841.00,1732.17,1809.44,20843.87645642
1616198400,2021-03-20,1810.84,1869.20,1800.00,1803.79,31379.09823626
1616284800,2021-03-21,1804.94,1816.79,1745.00,1783.59,21250.26572856
1616371200,2021-03-22,1783.99,1808.34,1654.30,1681.69,39276.54702311
1616457600,2021-03-23,1682.74,1722.15,1651.30,1670.16,33651.58421835
1616544000,2021-03-24,1668.38,1739.61,1520.00,1582.94,103914.6369168
1616630400,2021-03-25,1581.08,1680.00,1549.15,1586.26,49991.98650209
1616716800,2021-03-26,1586.48,1701.29,1586.48,1699.37,53482.28616506
1616803200,2021-03-27,1700.28,1732.50,1666.57,1713.60,33598.82964408
1616889600,2021-03-28,1714.07,1725.64,1661.79,1686.50,22802.84139998
1616976000,2021-03-29,1686.84,1842.00,1676.32,1817.22,49178.38746818
1617062400,2021-03-30,1816.61,1860.20,1785.60,1842.12,37369.22480682
1617148800,2021-03-31,1842.06,1947.49,1770.18,1917.91,53215.26280621
1617235200,2021-04-01,1922.85,1982.00,1884.88,1967.82,39186.05458466
1617321600,2021-04-02,1968.46,2144.99,1949.77,2134.56,56445.16949676
1617408000,2021-04-03,2135.74,2138.26,1996.16,2008.28,40026.19831604
1617494400,2021-04-04,2007.75,2092.58,1978.21,2075.74,24508.82934953
1617580800,2021-04-05,2077.10,2131.37,2002.22,2107.23,30764.05085673
1617667200,2021-04-06,2108.82,2151.63,2043.83,2112.69,32765.44203896
1617753600,2021-04-07,2112.69,2129.39,1930.00,1963.08,42890.8370441
1617840000,2021-04-08,1963.44,2084.95,1949.00,2081.00,35731.7160459
1617926400,2021-04-09,2082.02,2100.00,2048.41,2065.93,24168.67419454
1618012800,2021-04-10,2066.78,2197.00,2057.34,2134.22,35714.81004752
1618099200,2021-04-11,2135.38,2163.55,2112.32,2148.15,12969.16074847
1618185600,2021-04-12,2150.76,2200.00,2098.56,2136.77,27358.29497177
1618272000,2021-04-13,2137.73,2317.23,2135.00,2299.69,43182.35217367
1618358400,2021-04-14,2300.31,2446.96,2282.31,2432.63,63187.08256662
1618444800,2021-04-15,2433.79,2546.00,2400.00,2517.35,46713.35027087
1618531200,2021-04-16,2518.24,2548.93,2301.75,2426.19,74898.11280087
1618617600,2021-04-17,2427.08,2497.39,2312.87,2317.11,39844.19803382
1618704000,2021-04-18,2317.12,2341.68,1951.66,2241.50,116812.93231579
1618790400,2021-04-19,2242.95,2280.79,2077.42,2163.77,117808.72530712
1618876800,2021-04-20,2164.37,2349.81,2055.00,2333.71,80163.98445726
1618963200,2021-04-21,2334.34,2470.53,2238.48,2358.13,78047.22006521
1619049600,2021-04-22,2362.05,2645.97,2300.00,2400.00,119509.33212062
1619136000,2021-04-23,2397.88,2442.89,2106.65,2369.77,121136.76750169
1619222400,2021-04-24,2369.69,2369.97,2157.61,2217.33,33143.537944
1619308800,2021-04-25,2217.33,2358.00,2166.00,2321.81,80968.35530876
1619395200,2021-04-26,2323.31,2544.98,2306.75,2534.69,52277.29011902
1619481600,2021-04-27,2534.92,2683.65,2483.76,2668.89,50882.36346189
1619568000,2021-04-28,2669.01,2763.75,2561.44,2750.37,73236.3005285
1619654400,2021-04-29,2751.52,2800.89,2671.33,2758.06,62670.5608645
1619740800,2021-04-30,2759.56,2802.06,2726.49,2777.11,43230.93528918
1619827200,2021-05-01,2776.06,2956.00,2758.57,2947.57,35886.12777629
1619913600,2021-05-02,2949.03,2986.01,2853.00,2951.78,29434.39748166
1620000000,2021-05-03,2951.93,3457.64,2951.93,3430.16,97660.00808192
1620086400,2021-05-04,3434.32,3530.00,3167.66,3238.42,148326.4368224
1620172800,2021-05-05,3241.69,3559.97,3208.19,3528.20,66796.10156661
1620259200,2021-05-06,3529.26,3610.04,3380.01,3490.33,71338.54359967
1620345600,2021-05-07,3494.27,3595.00,3355.20,3483.81,59582.60744564
1620432000,2021-05-08,3486.27,3960.00,3452.75,3915.00,56881.74597262
1620518400,2021-05-09,3917.16,3985.00,3730.25,3928.05,41074.20848726
1620604800,2021-05-10,3929.72,4200.00,3655.00,3950.36,115137.10554251
1620691200,2021-05-11,3947.86,4185.00,3775.74,4179.47,72837.01667581
1620777600,2021-05-12,4180.12,4380.64,3750.00,3810.19,120423.3081053
1620864000,2021-05-13,3802.47,4040.65,3543.62,3720.21,94101.673145
1620950400,2021-05-14,3717.15,4178.11,3693.00,4080.31,54423.32932063
1621036800,2021-05-15,4079.79,4135.74,3629.61,3646.01,44467.01917494
1621123200,2021-05-16,3647.66,3881.20,3340.99,3585.36,64910.57821939
1621209600,2021-05-17,3582.29,3590.32,3117.09,3281.32,109417.09776892
1621296000,2021-05-18,3284.54,3570.48,3243.71,3380.57,74068.32228574
1621382400,2021-05-19,3379.10,3441.50,1850.00,2446.91,296372.55485699
1621468800,2021-05-20,2446.91,3000.00,2160.00,2774.37,145982.44392811
1621555200,2021-05-21,2773.80,2944.36,2102.86,2436.11,120690.05649731
1621641600,2021-05-22,2433.97,2489.23,2157.72,2296.31,69652.03985469
1621728000,2021-05-23,2291.91,2381.42,1730.00,2098.33,127803.34857072
1621814400,2021-05-24,2101.62,2678.99,2084.57,2651.70,110531.27367328
1621900800,2021-05-25,2650.14,2788.00,2386.00,2704.31,82662.46400415
1621987200,2021-05-26,2713.41,2915.31,2646.36,2889.65,54843.01709403
1622073600,2021-05-27,2890.39,2892.98,2642.17,2741.07,48572.2880462
1622160000,2021-05-28,2733.35,2763.64,2327.00,2413.17,77976.53011364
1622246400,2021-05-29,2410.56,2576.70,2207.96,2279.59,85288.45133274
1622332800,2021-05-30,2280.80,2478.83,2182.89,2389.91,48486.58242126
1622419200,2021-05-31,2383.08,2722.00,2275.00,2707.27,65289.0151034
1622505600,2021-06-01,2705.72,2743.24,2527.04,2634.30,57559.94638485
1622592000,2021-06-02,2634.86,2802.00,2552.45,2707.66,34892.24062169
1622678400,2021-06-03,2702.59,2890.60,2663.49,2856.41,40107.34151395
1622764800,2021-06-04,2858.33,2858.33,2550.13,2691.14,35985.5517998
1622851200,2021-06-05,2690.92,2819.09,2552.89,2629.40,33292.65080334
1622937600,2021-06-06,2627.77,2747.09,2615.55,2710.48,23613.63319661
1623024000,2021-06-07,2711.66,2850.00,2574.59,2593.47,41123.57122212
1623110400,2021-06-08,2592.52,2623.47,2306.02,2508.85,84384.40706608
1623196800,2021-06-09,2508.43,2630.00,2407.90,2612.13,59184.08524008
1623283200,2021-06-10,2611.71,2625.00,2427.88,2472.27,37882.57541489
1623369600,2021-06-11,2470.77,2499.73,2321.60,2353.10,34616.81076319
1623456000,2021-06-12,2354.64,2453.57,2252.58,2367.00,28249.5433153
1623542400,2021-06-13,2374.04,2548.60,2307.90,2510.53,36178.62228581
1623628800,2021-06-14,2511.66,2609.28,2461.67,2583.06,34258.41752039
1623715200,2021-06-15,2581.67,2641.49,2505.27,2544.58,19815.98859474
1623801600,2021-06-16,2542.61,2555.06,2350.62,2366.56,32802.91071184
1623888000,2021-06-17,2365.70,2461.51,2305.00,2371.13,58636.73626788
1623974400,2021-06-18,2373.80,2377.13,2139.49,2227.29,32333.92616276
1624060800,2021-06-19,2231.94,2278.40,2161.46,2165.00,19272.60685694
1624147200,2021-06-20,2167.43,2277.30,2040.91,2242.60,29174.43589279
1624233600,2021-06-21,2244.46,2258.06,1864.79,1887.63,89431.74500832
1624320000,2021-06-22,1887.34,1997.00,1700.00,1880.79,89264.64244197
1624406400,2021-06-23,1879.95,2044.62,1823.92,1968.70,58577.6884456
1624492800,2021-06-24,1968.30,2036.72,1884.10,1989.63,51434.49602856
1624579200,2021-06-25,1989.78,2020.03,1791.48,1810.88,61519.9304785
1624665600,2021-06-26,1809.90,1852.43,1717.17,1831.03,32140.3128202
1624752000,2021-06-27,1828.73,1985.32,1806.85,1983.22,50563.46120942
1624838400,2021-06-28,1984.30,2145.00,1962.08,2082.46,54038.39387571
1624924800,2021-06-29,2084.17,2247.00,2074.57,2162.50,24375.35452208
1625011200,2021-06-30,2163.93,2289.40,2088.50,2276.34,28892.51290189
1625097600,2021-07-01,2277.34,2277.34,2065.77,2107.77,61697.67783757
1625184000,2021-07-02,2106.91,2160.28,2017.70,2155.07,18594.84391167
1625270400,2021-07-03,2157.54,2240.77,2113.57,2227.69,27644.99821069
1625356800,2021-07-04,2226.91,2389.00,2190.76,2324.49,27148.07903976
1625443200,2021-07-05,2321.98,2323.45,2159.08,2199.00,16729.89935635
1625529600,2021-07-06,2196.06,2351.19,2195.95,2323.16,19928.10013108
1625616000,2021-07-07,2321.04,2410.00,2294.17,2312.92,16651.74676281
1625702400,2021-07-08,2310.25,2324.74,2084.01,2114.79,53799.96747791
1625788800,2021-07-09,2114.66,2187.96,2050.00,2146.58,26453.51274854
1625875200,2021-07-10,2147.71,2192.98,2075.00,2109.76,13779.07649688
1625961600,2021-07-11,2114.05,2174.11,2081.12,2138.96,14253.5551436
1626048000,2021-07-12,2140.43,2168.82,2005.98,2034.88,26060.03596589
1626134400,2021-07-13,2032.41,2046.71,1917.00,1940.15,22621.21878961
1626220800,2021-07-14,1942.15,2020.06,1865.01,1993.91,24409.73600104
1626307200,2021-07-15,1993.60,2040.40,1880.77,1915.93,22646.34478365
1626393600,2021-07-16,1921.26,1965.84,1848.13,1876.66,13497.15215792
1626480000,2021-07-17,1876.10,1918.98,1845.13,1898.48,8351.41316278
1626566400,2021-07-18,1900.83,1994.00,1877.92,1890.99,31458.20797427
1626652800,2021-07-19,1886.86,1918.87,1805.00,1817.29,21444.93668991
1626739200,2021-07-20,1818.35,1840.74,1717.17,1786.54,22905.23484027
1626825600,2021-07-21,1788.25,2034.00,1752.00,1995.50,43597.24024402
1626912000,2021-07-22,1994.08,2046.83,1948.19,2023.00,32572.01894305
1626998400,2021-07-23,2026.56,2132.81,1997.16,2126.20,41166.85655321
1627084800,2021-07-24,2127.16,2200.11,2107.20,2185.86,31094.43912462
1627171200,2021-07-25,2186.86,2199.49,2108.00,2194.00,19955.29096847
1627257600,2021-07-26,2192.07,2435.01,2175.57,2228.00,58867.0559642
1627344000,2021-07-27,2226.89,2321.80,2150.62,2304.62,33758.19651174
1627430400,2021-07-28,2299.76,2347.15,2244.81,2299.52,33002.47291685
1627516800,2021-07-29,2299.26,2404.08,2266.51,2383.89,16193.05534582
1627603200,2021-07-30,2384.16,2473.38,2316.91,2464.18,28684.92554504
1627689600,2021-07-31,2465.16,2555.00,2422.78,2525.76,16681.72420495
1627776000,2021-08-01,2534.03,2699.00,2512.80,2556.30,30046.3884218
1627862400,2021-08-02,2556.17,2665.99,2506.89,2608.07,62689.76296959
1627948800,2021-08-03,2605.69,2630.02,2442.58,2508.04,47814.05946286
1628035200,2021-08-04,2508.31,2775.00,2457.92,2725.34,35298.26581396
1628121600,2021-08-05,2725.00,2845.00,2530.70,2830.09,59817.44387229
1628208000,2021-08-06,2830.28,2950.16,2721.40,2892.51,42441.25502101
1628294400,2021-08-07,2892.97,3174.16,2868.21,3162.81,61298.40643221
1628380800,2021-08-08,3163.73,3190.00,2948.16,3015.33,35067.99007194
1628467200,2021-08-09,3016.27,3191.43,2893.21,3167.00,58649.17163341
1628553600,2021-08-10,3167.00,3235.00,3050.00,3141.68,62559.00520929
1628640000,2021-08-11,3141.50,3279.88,3121.86,3161.79,42964.57202773
1628726400,2021-08-12,3160.51,3240.00,2978.57,3044.74,62010.65214099
1628812800,2021-08-13,3048.16,3330.08,3035.56,3324.52,69768.36897722
1628899200,2021-08-14,3325.99,3333.33,3207.05,3267.79,15912.95409833
1628985600,2021-08-15,3266.98,3324.53,3112.79,3311.44,48177.33312548
1629072000,2021-08-16,3312.52,3340.06,3133.12,3146.83,35600.39683955
1629158400,2021-08-17,3145.00,3293.72,2991.62,3011.95,40559.79078982
1629244800,2021-08-18,3013.81,3127.39,2951.97,3014.15,22742.66510794
1629331200,2021-08-19,3017.87,3189.41,2957.95,3185.18,29868.35300495
1629417600,2021-08-20,3184.76,3305.09,3179.87,3285.64,42648.69027447
1629504000,2021-08-21,3283.54,3312.53,3209.15,3226.15,14103.88537984
1629590400,2021-08-22,3226.23,3276.43,3130.00,3241.55,12365.33086429
1629676800,2021-08-23,3242.33,3381.44,3234.12,3317.25,29497.49181192
1629763200,2021-08-24,3326.21,3361.13,3145.17,3175.68,23329.90075176
1629849600,2021-08-25,3174.20,3249.99,3077.81,3230.85,19053.49252198
1629936000,2021-08-26,3226.98,3256.02,3055.00,3093.48,36680.91546467
1630022400,2021-08-27,3094.09,3283.47,3062.00,3276.68,34458.87413658
1630108800,2021-08-28,3271.67,3288.71,3211.06,3245.00,11899.0872819
1630195200,2021-08-29,3248.07,3288.00,3152.19,3225.34,5955.12459745
1630281600,2021-08-30,3225.09,3350.00,3144.44,3226.49,29991.18295265
1630368000,2021-08-31,3230.16,3475.00,3189.92,3432.54,39840.4682084
1630454400,2021-09-01,3431.39,3848.11,3384.24,3831.70,30850.0014538
1630540800,2021-09-02,3823.65,3837.20,3723.22,3786.56,17458.22411701
1630627200,2021-09-03,3792.83,4025.00,3708.89,3938.74,24675.33174941
1630713600,2021-09-04,3937.62,3974.25,3832.02,3887.10,8918.8347065
1630800000,2021-09-05,3889.60,3984.34,3835.00,3951.48,10913.21594416
1630886400,2021-09-06,3952.95,3973.53,3866.62,3928.29,11349.557157
1630972800,2021-09-07,3928.46,3949.00,3015.00,3429.61,86004.06932253
1631059200,2021-09-08,3435.74,3560.51,3216.00,3492.64,34645.05033853
1631145600,2021-09-09,3499.63,3568.47,3387.62,3424.01,19599.62956934
1631232000,2021-09-10,3421.44,3511.69,3146.15,3209.71,31711.17037239
1631318400,2021-09-11,3208.57,3346.58,3202.94,3266.98,10545.99212411
1631404800,2021-09-12,3265.61,3472.93,3232.76,3406.08,11826.55588036
1631491200,2021-09-13,3401.64,3429.39,3111.72,3281.62,29999.77812738
1631577600,2021-09-14,3286.33,3437.00,3271.32,3437.00,20109.68062981
1631664000,2021-09-15,3437.73,3619.40,3360.00,3615.24,14603.01485019
1631750400,2021-09-16,3619.40,3677.00,3485.19,3571.25,24683.64951707
1631836800,2021-09-17,3572.28,3592.88,3350.00,3398.90,40836.33920742
1631923200,2021-09-18,3400.45,3545.70,3370.05,3435.78,33635.536680
1632009600,2021-09-19,3433.47,3457.89,3280.36,3328.81,14845.79007061
1632096000,2021-09-20,3334.57,3347.20,2912.28,2977.58,74538.7053961
1632182400,2021-09-21,2972.88,3103.46,2650.00,2765.88,79943.51517538
1632268800,2021-09-22,2764.26,3093.41,2737.79,3079.09,22967.01681598
1632355200,2021-09-23,3075.98,3175.45,3035.85,3154.03,16825.56510661
1632441600,2021-09-24,3156.72,3160.48,2731.30,2929.30,45129.10445943
1632528000,2021-09-25,2929.78,2969.63,2805.00,2925.75,20319.23831938
1632614400,2021-09-26,2925.81,3116.31,2740.62,3064.32,27221.76237745
1632700800,2021-09-27,3058.18,3167.31,2923.93,2923.93,31751.79700502
1632787200,2021-09-28,2924.37,2970.60,2789.55,2807.46,25028.08328499
1632873600,2021-09-29,2806.24,2950.26,2782.48,2851.40,32222.27687717
1632960000,2021-09-30,2849.43,3049.24,2838.10,3000.59,23002.61388777
1633046400,2021-10-01,3000.78,3333.00,2968.97,3311.72,49854.36567897
1633132800,2021-10-02,3311.61,3470.00,3262.00,3391.71,22276.68810358
1633219200,2021-10-03,3388.58,3491.00,3343.63,3417.43,13045.9904754
1633305600,2021-10-04,3419.76,3440.38,3272.00,3383.88,20584.18093893
1633392000,2021-10-05,3389.04,3548.19,3364.77,3516.09,20181.62075484
1633478400,2021-10-06,3515.79,3630.63,3336.09,3576.54,39445.6957661
1633564800,2021-10-07,3575.89,3654.26,3470.01,3587.91,13781.66857762
1633651200,2021-10-08,3588.77,3674.93,3525.01,3563.15,14121.80445315
1633737600,2021-10-09,3564.65,3636.76,3538.25,3574.03,4058.11599377
1633824000,2021-10-10,3572.93,3604.99,3389.60,3422.00,10925.40685912
1633910400,2021-10-11,3415.01,3623.71,3370.01,3543.94,12867.47668366
1633996800,2021-10-12,3540.27,3549.26,3404.33,3490.18,30796.93392513
1634083200,2021-10-13,3490.95,3613.86,3411.71,3609.35,16069.46073728
1634169600,2021-10-14,3609.60,3825.89,3589.90,3790.53,34263.77186335
1634256000,2021-10-15,3792.25,3904.87,3735.61,3868.99,25266.77915585
1634342400,2021-10-16,3869.68,3971.80,3792.56,3829.26,25412.05943583
1634428800,2021-10-17,3828.09,3920.00,3638.59,3844.97,21126.11291104
1634515200,2021-10-18,3845.78,3894.56,3675.40,3744.75,36257.82379134
1634601600,2021-10-19,3749.40,3888.34,3732.47,3878.13,18164.5427115
1634688000,2021-10-20,3877.89,4170.00,3829.54,4163.58,21436.07726164
1634774400,2021-10-21,4164.59,4375.00,3800.00,4055.82,38979.39129362
1634860800,2021-10-22,4055.46,4170.05,3886.00,3970.42,29634.57535772
1634947200,2021-10-23,3971.24,4177.17,3935.32,4172.37,12673.39646137
1635033600,2021-10-24,4169.62,4186.38,3964.00,4082.17,6968.46745637
1635120000,2021-10-25,4089.21,4236.83,4069.35,4220.89,16592.16979614
1635206400,2021-10-26,4222.48,4297.00,4086.62,4131.91,11765.55931136
1635292800,2021-10-27,4131.58,4332.29,3912.41,3923.22,28262.4705111
1635379200,2021-10-28,3925.36,4297.68,3893.16,4289.81,24796.74293611
1635465600,2021-10-29,4289.75,4460.00,4267.98,4417.00,28636.6006466
1635552000,2021-10-30,4423.09,4435.03,4233.31,4323.27,11608.82109171
1635638400,2021-10-31,4329.00,4397.95,4168.00,4288.58,10781.28188623
1635724800,2021-11-01,4292.76,4383.95,4150.00,4323.95,16947.31847068
1635811200,2021-11-02,4323.06,4600.00,4288.52,4595.58,26443.16382493
1635897600,2021-11-03,4594.99,4670.81,4455.72,4606.95,20759.36404323
1635984000,2021-11-04,4605.54,4609.66,4421.72,4538.20,12328.02402689
1636070400,2021-11-05,4537.48,4575.10,4446.47,4480.00,9539.81516517
1636156800,2021-11-06,4471.18,4532.76,4329.72,4522.65,7683.8595728
1636243200,2021-11-07,4519.87,4640.00,4507.55,4617.75,8450.58151851
1636329600,2021-11-08,4617.62,4824.99,4617.56,4811.59,18808.81247314
1636416000,2021-11-09,4806.79,4842.65,4712.40,4733.09,19207.51280091
1636502400,2021-11-10,4733.09,4868.79,4452.86,4634.19,26205.78762399
1636588800,2021-11-11,4631.42,4783.27,4580.00,4723.51,18555.9336368
1636675200,2021-11-12,4719.61,4810.93,4510.01,4673.95,14220.48224309
1636761600,2021-11-13,4669.06,4707.42,4586.90,4646.02,7134.54508534
1636848000,2021-11-14,4645.58,4694.49,4517.91,4630.85,14195.62760862
1636934400,2021-11-15,4634.50,4771.23,4540.87,4562.30,24730.82637861
1637020800,2021-11-16,4560.00,4560.00,4106.14,4209.77,41910.83404383
1637107200,2021-11-17,4208.77,4301.15,4065.00,4291.83,17048.1512748
1637193600,2021-11-18,4290.66,4347.18,3958.67,3999.76,44371.48336978
1637280000,2021-11-19,3999.44,4314.14,3975.55,4300.36,44830.54185962
1637366400,2021-11-20,4302.95,4439.92,4205.87,4415.51,8929.16457495
1637452800,2021-11-21,4415.06,4441.00,4247.08,4265.94,5343.96313025
1637539200,2021-11-22,4264.08,4322.44,4024.03,4094.09,29628.43394969
1637625600,2021-11-23,4089.12,4390.82,4063.68,4342.53,29680.93324532
1637712000,2021-11-24,4345.49,4374.89,4166.12,4270.67,13289.92855615
1637798400,2021-11-25,4271.53,4556.42,4251.88,4525.78,10134.06504526
1637884800,2021-11-26,4528.17,4555.25,3917.00,4045.90,36211.3419067
1637971200,2021-11-27,4044.64,4186.07,4031.94,4100.30,9399.45915643
1638057600,2021-11-28,4099.30,4302.03,3965.01,4300.86,13333.77599878
1638144000,2021-11-29,4302.00,4463.43,4280.57,4448.71,15407.04789731
1638230400,2021-11-30,4449.57,4757.80,4350.00,4630.88,53996.46762082
1638316800,2021-12-01,4625.07,4784.00,4525.31,4587.58,35230.738646
1638403200,2021-12-02,4587.72,4638.70,4435.00,4516.03,19141.4870112
1638489600,2021-12-03,4515.97,4660.81,4039.00,4222.80,29029.99814945
1638576000,2021-12-04,4219.57,4242.14,3470.02,4124.51,55450.38539722
1638662400,2021-12-05,4127.42,4258.00,4036.12,4198.73,20058.71141776
1638748800,2021-12-06,4202.73,4382.02,3922.80,4357.06,51987.00051643
1638835200,2021-12-07,4356.95,4431.28,4256.06,4311.66,15870.26106595
1638921600,2021-12-08,4313.54,4457.43,4226.05,4442.56,11704.28066716
1639008000,2021-12-09,4443.93,4491.99,4073.42,4105.61,16798.75151737
1639094400,2021-12-10,4106.71,4234.00,3885.05,3901.67,24219.7676061
1639180800,2021-12-11,3895.01,4098.07,3833.66,4089.22,8778.17998493
1639267200,2021-12-12,4095.23,4177.62,3987.85,4136.06,6795.05903098
1639353600,2021-12-13,4130.46,4144.01,3669.48,3786.59,21135.23921476
1639440000,2021-12-14,3785.56,3884.20,3686.66,3862.68,11516.07278472
1639526400,2021-12-15,3859.68,4094.78,3640.60,4020.51,33173.40608857
1639612800,2021-12-16,4020.63,4117.40,3952.93,3955.08,16395.42037346
1639699200,2021-12-17,3957.00,3994.99,3695.19,3877.30,35047.53813234
1639785600,2021-12-18,3878.48,3999.00,3768.85,3961.56,19864.71782747
1639872000,2021-12-19,3957.08,4030.11,3883.44,3922.28,8466.23956639
1639958400,2021-12-20,3927.07,3983.23,3755.00,3946.12,16426.6042467
1640044800,2021-12-21,3949.91,4064.01,3915.94,4018.39,13607.41178651
1640131200,2021-12-22,4017.87,4076.00,3930.00,3981.73,9073.77440969
1640217600,2021-12-23,3982.70,4155.00,3895.91,4113.76,13186.81833363
1640304000,2021-12-24,4116.40,4137.85,4020.00,4049.93,6839.92964321
1640390400,2021-12-25,4052.45,4140.00,4023.07,4099.24,3850.63153297
1640476800,2021-12-26,4098.62,4106.84,4002.97,4062.58,3919.40048497
1640563200,2021-12-27,4066.11,4128.82,4034.70,4037.40,7085.44843618
1640649600,2021-12-28,4040.20,4040.20,3760.00,3793.08,21755.65390403
1640736000,2021-12-29,3791.13,3827.86,3603.86,3627.68,14161.77245817
1640822400,2021-12-30,3630.25,3769.81,3585.00,3711.82,16312.69911217
1640908800,2021-12-31,3706.57,3815.62,3620.66,3677.00,27800.11243028
1640995200,2022-01-01,3678.39,3777.73,3676.50,3768.13,5975.18773069
1641081600,2022-01-02,3769.81,3858.28,3718.86,3830.84,9687.57504081
1641168000,2022-01-03,3827.03,3853.67,3681.14,3764.90,11589.13312508
1641254400,2022-01-04,3770.63,3892.36,3715.02,3786.64,11484.16186271
1641340800,2022-01-05,3786.66,3837.01,3410.22,3538.66,24981.41166881
1641427200,2022-01-06,3537.82,3549.04,3299.00,3408.35,28217.09403574
1641513600,2022-01-07,3407.72,3415.27,3060.93,3196.03,22053.77113038
1641600000,2022-01-08,3205.63,3247.97,2987.60,3081.09,13925.9047546
1641686400,2022-01-09,3081.16,3212.50,3058.76,3151.58,8928.99532469
1641772800,2022-01-10,3151.66,3180.69,2926.00,3083.16,19337.2428465
1641859200,2022-01-11,3084.94,3267.67,3052.28,3242.74,16990.21747956
1641945600,2022-01-12,3241.32,3413.09,3208.02,3374.65,20223.03469614
1642032000,2022-01-13,3372.33,3412.76,3230.70,3241.82,21742.71683507
1642118400,2022-01-14,3241.82,3344.31,3188.89,3308.82,13612.5691155
1642204800,2022-01-15,3311.54,3374.83,3262.94,3329.71,7400.8619025
1642291200,2022-01-16,3328.95,3393.66,3274.92,3350.15,8990.62621799
1642377600,2022-01-17,3350.15,3360.29,3142.68,3211.22,23755.91908362
1642464000,2022-01-18,3214.30,3244.27,3083.63,3163.04,20218.87141465
1642550400,2022-01-19,3163.04,3173.91,3046.75,3083.12,12868.0892495
1642636800,2022-01-20,3092.76,3272.37,2974.09,2999.53,29034.78537625
1642723200,2022-01-21,2999.53,3034.02,2466.15,2568.58,49694.99979282
1642809600,2022-01-22,2567.51,2626.00,2300.00,2412.04,35399.47479439
1642896000,2022-01-23,2413.97,2550.00,2371.79,2543.27,15002.84234763
1642982400,2022-01-24,2543.10,2543.10,2160.00,2443.43,48726.78245549
1643068800,2022-01-25,2444.36,2511.19,2350.00,2459.84,19401.77528355
1643155200,2022-01-26,2461.80,2725.60,2402.72,2463.78,38043.57448489
1643241600,2022-01-27,2464.37,2525.10,2317.00,2425.24,26049.11964842
1643328000,2022-01-28,2427.01,2559.84,2360.00,2547.40,29752.9056647
1643414400,2022-01-29,2546.50,2637.17,2522.72,2603.89,13387.17825398
1643500800,2022-01-30,2600.40,2640.26,2543.64,2602.37,8359.75975147
1643587200,2022-01-31,2604.38,2708.16,2479.78,2688.91,27255.62947468
1643673600,2022-02-01,2689.43,2815.00,2676.98,2791.04,29375.25297872
1643760000,2022-02-02,2792.71,2812.44,2608.78,2682.30,20322.41165426
1643846400,2022-02-03,2678.82,2728.31,2570.21,2697.56,19493.76224303
1643932800,2022-02-04,2698.74,2997.77,2674.54,2997.77,25109.27664221
1644019200,2022-02-05,2998.75,3064.96,2961.48,3016.45,13028.5285451
1644105600,2022-02-06,3016.40,3076.00,2952.99,3058.17,4706.0359775
1644192000,2022-02-07,3058.16,3190.00,2995.00,3142.24,19172.16415428
1644278400,2022-02-08,3147.57,3235.52,3028.43,3120.91,16399.96955236
1644364800,2022-02-09,3120.86,3275.14,3057.69,3247.46,16009.6768695
1644451200,2022-02-10,3249.00,3284.64,3058.91,3076.07,26006.96918756
1644537600,2022-02-11,3074.53,3140.59,2878.78,2928.66,16820.17277855
1644624000,2022-02-12,2927.29,2988.06,2858.16,2916.90,6518.59899437
1644710400,2022-02-13,2917.41,2955.58,2836.00,2872.78,5707.29566881
1644796800,2022-02-14,2872.18,2966.47,2830.15,2936.13,12189.65765137
1644883200,2022-02-15,2934.69,3199.05,2914.25,3187.28,28630.35340211
1644969600,2022-02-16,3187.28,3191.52,3045.86,3123.24,11765.2197986
1645056000,2022-02-17,3127.88,3163.98,2854.15,2899.88,21186.37479122
1645142400,2022-02-18,2894.55,2946.70,2753.17,2782.72,34684.27117359
1645228800,2022-02-19,2779.27,2830.89,2696.00,2764.60,7089.62531228
1645315200,2022-02-20,2762.62,2764.60,2575.49,2620.80,11499.53724589
1645401600,2022-02-21,2623.30,2762.76,2560.59,2571.59,21536.09344731
1645488000,2022-02-22,2570.00,2667.39,2501.00,2638.75,15149.1337729
1645574400,2022-02-23,2638.87,2755.32,2577.06,2579.62,13939.96075423
1645660800,2022-02-24,2581.37,2735.01,2300.00,2599.04,39181.90402477
1645747200,2022-02-25,2599.04,2837.68,2574.00,2769.95,17754.90675773
1645833600,2022-02-26,2769.53,2882.26,2728.58,2779.62,8419.11333047
1645920000,2022-02-27,2779.16,2835.73,2558.90,2617.97,12055.16790421
1646006400,2022-02-28,2618.95,2956.09,2570.00,2925.52,16924.55347083
1646092800,2022-03-01,2925.09,3039.78,2853.08,2976.32,13811.1505991
1646179200,2022-03-02,2974.33,3045.71,2914.87,2950.57,14680.61776973
1646265600,2022-03-03,2947.39,2970.29,2784.54,2834.57,9554.79039369
1646352000,2022-03-04,2834.80,2836.47,2577.09,2622.44,14235.10535549
1646438400,2022-03-05,2623.89,2686.64,2590.00,2666.40,4843.90625376
1646524800,2022-03-06,2664.06,2675.07,2533.06,2549.40,3970.56937266
1646611200,2022-03-07,2549.94,2648.39,2444.75,2493.23,13889.18432263
1646697600,2022-03-08,2492.12,2624.56,2481.11,2577.82,10303.63259046
1646784000,2022-03-09,2577.72,2774.64,2568.16,2728.45,10501.48617033
1646870400,2022-03-10,2730.64,2733.75,2546.81,2609.54,10083.69087788
1646956800,2022-03-11,2607.17,2678.28,2524.21,2557.64,8977.83589934
1647043200,2022-03-12,2556.45,2614.70,2554.38,2569.16,2346.5075185
1647129600,2022-03-13,2567.76,2602.59,2493.00,2516.85,3941.74801288
1647216000,2022-03-14,2517.10,2609.41,2499.80,2590.89,6213.18504346
1647302400,2022-03-15,2591.15,2670.41,2511.61,2619.62,14309.61823381
1647388800,2022-03-16,2619.59,2791.00,2574.89,2775.55,23117.46528218
1647475200,2022-03-17,2775.55,2840.49,2744.06,2815.51,13828.95676833
1647561600,2022-03-18,2813.64,2987.47,2766.45,2940.06,18897.7757842
1647648000,2022-03-19,2941.39,2986.98,2888.88,2949.68,11236.69317914
1647734400,2022-03-20,2953.58,2964.99,2817.65,2859.93,5255.80256069
1647820800,2022-03-21,2858.66,2962.79,2833.30,2895.38,13092.05410001
1647907200,2022-03-22,2889.28,3052.78,2887.67,2971.39,14442.09549446
1647993600,2022-03-23,2970.37,3047.06,2921.79,3037.54,5774.12385263
1648080000,2022-03-24,3038.00,3130.00,3003.75,3112.23,16006.07085059
1648166400,2022-03-25,3113.66,3195.49,3078.33,3106.13,15288.1085926
1648252800,2022-03-26,3106.32,3154.76,3087.20,3147.22,2430.50483641
1648339200,2022-03-27,3148.74,3300.00,3128.87,3298.06,5159.69663227
1648425600,2022-03-28,3294.52,3436.32,3275.87,3334.50,22451.34703461
1648512000,2022-03-29,3335.33,3483.98,3332.98,3401.94,11511.0119023
1648598400,2022-03-30,3401.80,3448.63,3335.00,3386.70,6077.7600162
1648684800,2022-03-31,3387.15,3446.31,3262.29,3281.76,13471.73018123
1648771200,2022-04-01,3284.40,3482.00,3210.91,3457.98,15345.43386474
1648857600,2022-04-02,3457.58,3532.32,3429.24,3443.62,5031.72054544
1648944000,2022-04-03,3446.53,3582.16,3413.65,3520.35,4060.25383044
1649030400,2022-04-04,3519.65,3548.29,3408.39,3522.06,8860.55759263
1649116800,2022-04-05,3519.48,3553.15,3384.59,3405.72,8584.60627068
1649203200,2022-04-06,3406.11,3406.11,3163.21,3168.93,23945.51114336
1649289600,2022-04-07,3167.97,3270.97,3142.73,3229.91,9793.38566071
1649376000,2022-04-08,3227.17,3314.13,3174.88,3193.19,7356.72076341
1649462400,2022-04-09,3193.49,3269.86,3182.73,3260.27,2397.90614447
1649548800,2022-04-10,3262.26,3308.51,3193.91,3202.37,2912.09222468
1649635200,2022-04-11,3203.04,3215.21,2947.91,2979.58,30234.55466683
1649721600,2022-04-12,2984.40,3090.00,2951.48,3029.73,18256.32719419
1649808000,2022-04-13,3029.73,3130.00,2996.70,3117.99,9616.40797105
1649894400,2022-04-14,3119.54,3145.02,2977.00,3022.26,8983.54289215
1649980800,2022-04-15,3021.27,3061.23,2996.00,3041.54,3030.31444192
1650067200,2022-04-16,3041.80,3083.37,3005.41,3060.95,1617.19539277
1650153600,2022-04-17,3060.69,3082.28,2984.18,2988.57,2611.44294124
1650240000,2022-04-18,2988.99,3070.93,2883.77,3057.57,11768.57984845
1650326400,2022-04-19,3056.90,3131.21,3030.80,3102.66,10904.79614844
1650412800,2022-04-20,3103.04,3168.41,3036.96,3077.49,10923.1042458
1650499200,2022-04-21,3076.33,3180.21,2944.30,2984.82,10254.21310198
1650585600,2022-04-22,2985.05,3033.26,2933.39,2963.42,12445.25917935
1650672000,2022-04-23,2963.42,2978.66,2917.00,2933.34,3170.66867942
1650758400,2022-04-24,2933.34,2967.20,2912.44,2922.49,2835.06068954
1650844800,2022-04-25,2920.97,3025.99,2798.10,3005.70,16995.83131941
1650931200,2022-04-26,3008.96,3036.92,2762.80,2811.08,18036.1726905
1651017600,2022-04-27,2810.63,2920.23,2795.39,2890.68,16456.50114842
1651104000,2022-04-28,2890.68,2981.07,2855.36,2937.50,9365.11203598
1651190400,2022-04-29,2937.50,2946.84,2775.74,2818.05,14219.34360368
1651276800,2022-04-30,2818.18,2841.87,2716.76,2728.08,3278.83996445
1651363200,2022-05-01,2728.08,2847.66,2718.20,2826.82,5271.11168799
1651449600,2022-05-02,2826.79,2882.73,2778.77,2856.35,8683.31864475
1651536000,2022-05-03,2858.08,2862.02,2754.08,2780.17,5958.84558506
1651622400,2022-05-04,2780.74,2967.49,2771.00,2939.83,10357.69377848
1651708800,2022-05-05,2939.71,2953.84,2688.00,2747.44,15682.91498993
1651795200,2022-05-06,2747.44,2756.76,2630.30,2693.10,9405.53243758
1651881600,2022-05-07,2693.18,2701.76,2585.82,2635.90,4938.82294544
1651968000,2022-05-08,2634.57,2640.03,2485.00,2522.67,10778.25941891
1652054400,2022-05-09,2520.25,2528.99,2223.12,2232.06,35214.91817923
1652140800,2022-05-10,2230.99,2456.66,2198.78,2342.12,39127.11660953
1652227200,2022-05-11,2340.97,2450.00,1997.73,2075.77,49199.46893931
1652313600,2022-05-12,2082.43,2182.58,1700.00,1950.45,52487.44097612
1652400000,2022-05-13,1950.99,2145.21,1936.34,2007.45,27035.66717454
1652486400,2022-05-14,2006.65,2065.95,1947.47,2054.23,6805.44865564
1652572800,2022-05-15,2053.91,2165.49,1998.13,2143.09,6141.1475447
1652659200,2022-05-16,2143.73,2143.73,1976.70,2020.84,17248.38334323
1652745600,2022-05-17,2021.27,2120.94,2006.00,2089.36,15434.26238759
1652832000,2022-05-18,2089.57,2108.09,1906.73,1911.22,13161.42818069
1652918400,2022-05-19,1912.77,2037.78,1901.17,2017.85,13559.48203222
1653004800,2022-05-20,2018.14,2062.65,1920.93,1957.09,10552.41950748
1653091200,2022-05-21,1956.99,1988.23,1935.26,1973.24,3795.08159565
1653177600,2022-05-22,1974.05,2053.71,1964.06,2040.72,7035.58799829
1653264000,2022-05-23,2039.93,2085.00,1956.04,1971.35,13168.24937626
1653350400,2022-05-24,1972.87,1991.58,1910.80,1978.13,7075.63811297
1653436800,2022-05-25,1976.38,2019.63,1932.03,1941.50,8125.12405006
1653523200,2022-05-26,1941.11,1964.06,1735.00,1791.38,20385.03027206
1653609600,2022-05-27,1789.97,1819.49,1700.81,1722.90,26445.24582329
1653696000,2022-05-28,1728.25,1806.82,1719.97,1790.98,9538.21631437
1653782400,2022-05-29,1790.98,1825.00,1761.71,1811.84,9402.96900193
1653868800,2022-05-30,1811.57,2011.54,1801.67,1996.74,20104.33371762
1653955200,2022-05-31,1996.82,2015.24,1924.04,1940.55,15807.47970713
1654041600,2022-06-01,1940.91,1970.79,1759.79,1817.05,12804.09709548
1654128000,2022-06-02,1816.03,1851.70,1780.61,1832.68,12409.75467616
1654214400,2022-06-03,1833.50,1842.87,1735.00,1773.90,9805.65107146
1654300800,2022-06-04,1774.10,1814.02,1747.07,1803.20,4335.0350159
1654387200,2022-06-05,1804.26,1828.88,1773.67,1804.98,5634.30982927
1654473600,2022-06-06,1804.00,1917.63,1804.00,1859.06,18093.28517259
1654560000,2022-06-07,1858.90,1874.03,1725.21,1812.24,15694.77140392
1654646400,2022-06-08,1812.87,1837.90,1764.91,1790.41,10775.92263494
1654732800,2022-06-09,1791.27,1831.35,1776.00,1787.13,7325.87976656
1654819200,2022-06-10,1785.89,1803.14,1654.00,1660.55,17251.25814223
1654905600,2022-06-11,1660.71,1680.33,1500.00,1530.30,24715.6042745
1654992000,2022-06-12,1532.19,1543.02,1422.67,1432.90,22429.33907164
1655078400,2022-06-13,1433.85,1453.12,1164.35,1208.70,102183.31659192
1655164800,2022-06-14,1204.60,1266.25,1075.00,1205.58,76463.67106998
1655251200,2022-06-15,1205.73,1246.30,1013.00,1237.23,71923.37452926
1655337600,2022-06-16,1235.99,1255.55,1050.63,1067.60,24656.25250981
1655424000,2022-06-17,1067.78,1115.88,1050.00,1084.42,15789.40989593
1655510400,2022-06-18,1085.83,1096.43,880.00,996.28,65086.39235373
1655596800,2022-06-19,994.63,1158.04,935.49,1127.33,31252.83683911
1655683200,2022-06-20,1127.77,1169.50,1050.89,1127.51,22559.08288054
1655769600,2022-06-21,1127.11,1193.00,1108.76,1124.54,40008.48119853
1655856000,2022-06-22,1125.21,1128.46,1041.45,1048.32,21824.88039107
1655942400,2022-06-23,1048.70,1153.48,1044.25,1143.97,20713.01584057
1656028800,2022-06-24,1144.11,1244.27,1131.49,1224.72,17869.43343402
1656115200,2022-06-25,1225.65,1255.79,1178.96,1241.83,14071.38203221
1656201600,2022-06-26,1241.40,1281.43,1193.39,1197.95,11724.42849267
1656288000,2022-06-27,1197.58,1237.91,1172.03,1190.21,8900.90622675
1656374400,2022-06-28,1191.10,1236.88,1134.71,1142.52,40415.77258055
1656460800,2022-06-29,1141.98,1154.28,1086.52,1098.46,12120.27888895
1656547200,2022-06-30,1099.28,1105.05,996.12,1071.13,41086.85880311
1656633600,2022-07-01,1070.10,1115.22,1032.63,1058.29,16675.42061468
1656720000,2022-07-02,1058.83,1077.19,1026.52,1065.56,6049.7005739
1656806400,2022-07-03,1065.62,1086.37,1039.16,1073.25,5743.75364934
1656892800,2022-07-04,1073.68,1159.07,1044.17,1149.57,9859.34992278
1656979200,2022-07-05,1150.12,1175.00,1075.00,1132.34,35244.61209124
1657065600,2022-07-06,1131.94,1203.00,1110.55,1186.01,27725.68285363
1657152000,2022-07-07,1186.01,1253.64,1162.94,1237.64,17966.2317718
1657238400,2022-07-08,1237.74,1275.04,1192.27,1213.61,18302.55295108
1657324800,2022-07-09,1212.94,1234.43,1203.81,1216.49,3288.6295416
1657411200,2022-07-10,1216.84,1218.33,1152.24,1166.53,4367.46345671
1657497600,2022-07-11,1166.35,1170.52,1091.10,1095.64,27224.61870487
1657584000,2022-07-12,1095.75,1097.24,1032.93,1035.59,30451.23254013
1657670400,2022-07-13,1037.83,1118.73,1005.27,1115.01,22690.7278007
1657756800,2022-07-14,1112.58,1212.64,1068.04,1192.47,16453.16027375
1657843200,2022-07-15,1191.54,1287.79,1180.81,1231.62,15775.45935646
1657929600,2022-07-16,1231.10,1426.78,1192.01,1356.99,19301.64448135
1658016000,2022-07-17,1356.79,1386.10,1316.61,1338.69,20729.70058607
1658102400,2022-07-18,1339.14,1597.77,1336.60,1581.15,41277.01189292
1658188800,2022-07-19,1581.15,1631.72,1493.15,1542.99,35074.23712232
1658275200,2022-07-20,1544.50,1621.03,1480.57,1522.15,23907.71497205
1658361600,2022-07-21,1521.38,1605.28,1464.00,1576.39,18161.61953754
1658448000,2022-07-22,1574.81,1646.47,1517.00,1535.47,20125.33007451
1658534400,2022-07-23,1536.16,1597.19,1488.18,1549.51,6486.61873583
1658620800,2022-07-24,1549.71,1663.65,1546.50,1598.94,15250.19100266
1658707200,2022-07-25,1599.39,1608.32,1434.96,1440.56,22613.0922585
1658793600,2022-07-26,1442.19,1454.91,1356.00,1449.84,19656.67919306
1658880000,2022-07-27,1450.82,1643.47,1421.34,1637.60,22997.74295611
1658966400,2022-07-28,1638.58,1785.52,1594.80,1725.56,44182.97787045
1659052800,2022-07-29,1727.00,1766.14,1657.51,1723.62,24698.73587594
1659139200,2022-07-30,1722.81,1744.46,1672.58,1697.49,10917.79248363
1659225600,2022-07-31,1698.53,1755.01,1667.00,1680.11,6818.80290676
1659312000,2022-08-01,1679.38,1705.48,1605.13,1631.70,13159.28292847
1659398400,2022-08-02,1631.67,1678.73,1560.00,1631.24,19117.74216284
1659484800,2022-08-03,1631.80,1686.51,1590.39,1619.05,10930.48391713
1659571200,2022-08-04,1618.20,1662.96,1581.70,1606.86,12932.78587741
1659657600,2022-08-05,1609.55,1742.39,1606.92,1736.95,17897.3973583
1659744000,2022-08-06,1736.09,1750.86,1685.90,1691.58,7121.86087485
1659830400,2022-08-07,1690.24,1730.70,1669.98,1700.97,4983.99263133
1659916800,2022-08-08,1701.26,1818.84,1694.18,1778.43,16289.45866179
1660003200,2022-08-09,1778.18,1790.77,1669.65,1704.02,11690.11063597
1660089600,2022-08-10,1703.75,1885.00,1656.03,1854.70,23047.65164492
1660176000,2022-08-11,1855.10,1943.30,1852.10,1883.00,20216.70131859
1660262400,2022-08-12,1883.30,1965.00,1853.20,1960.40,10328.13416525
1660348800,2022-08-13,1959.40,2021.00,1947.50,1984.30,10773.32214477
1660435200,2022-08-14,1984.30,2031.56,1907.10,1936.80,9303.20212639
1660521600,2022-08-15,1936.40,2012.80,1873.00,1900.90,16112.26425824
1660608000,2022-08-16,1897.90,1915.30,1852.80,1879.40,9846.0970091
1660694400,2022-08-17,1877.80,1957.30,1819.50,1835.00,15282.11198231
1660780800,2022-08-18,1834.10,1881.10,1823.00,1847.10,7925.27242874
1660867200,2022-08-19,1847.00,1847.20,1603.70,1609.00,29358.00264023
1660953600,2022-08-20,1608.60,1655.10,1524.00,1576.20,13771.82923461
1661040000,2022-08-21,1577.30,1645.60,1562.20,1617.50,9903.33692817
1661126400,2022-08-22,1618.50,1628.60,1529.40,1625.40,15093.79527338
1661212800,2022-08-23,1625.00,1673.80,1563.30,1665.40,14722.68839615
1661299200,2022-08-24,1665.10,1693.20,1605.30,1657.20,10954.16930086
1661385600,2022-08-25,1657.20,1721.30,1654.60,1697.00,7876.3645968
1661472000,2022-08-26,1695.30,1705.80,1487.90,1508.80,30178.54778693
1661558400,2022-08-27,1505.40,1518.80,1447.20,1491.50,8825.55025609
1661644800,2022-08-28,1490.80,1511.30,1424.50,1425.70,8360.17113577
1661731200,2022-08-29,1427.10,1560.00,1422.30,1553.90,17108.91424893
1661817600,2022-08-30,1552.20,1606.00,1472.20,1523.30,24327.77543475
1661904000,2022-08-31,1526.20,1619.00,1525.70,1554.20,9181.85145127
1661990400,2022-09-01,1554.90,1599.00,1512.40,1585.60,14235.69908567
1662076800,2022-09-02,1584.60,1649.10,1546.30,1575.80,11403.01556104
1662163200,2022-09-03,1575.20,1582.10,1534.80,1557.90,3243.04803979
1662249600,2022-09-04,1557.00,1582.60,1543.50,1580.00,2143.06275607
1662336000,2022-09-05,1580.60,1630.60,1557.40,1617.50,10071.87104039
1662422400,2022-09-06,1618.70,1687.00,1553.60,1557.40,28869.45174938
1662508800,2022-09-07,1559.50,1656.70,1487.20,1630.30,21944.93221394
1662595200,2022-09-08,1631.40,1662.90,1591.60,1635.20,20142.06980307
1662681600,2022-09-09,1636.80,1745.80,1631.20,1719.20,28214.22821096
1662768000,2022-09-10,1719.90,1789.10,1707.40,1775.40,8587.37245857
1662854400,2022-09-11,1777.70,1789.40,1720.80,1766.80,12959.03599342
1662940800,2022-09-12,1766.80,1782.30,1693.10,1717.00,18173.44024173
1663027200,2022-09-13,1716.70,1759.70,1561.40,1574.70,30114.04514194
1663113600,2022-09-14,1574.70,1649.20,1550.00,1638.60,18569.28370806
1663200000,2022-09-15,1638.10,1655.00,1456.20,1472.60,33908.83422231
1663286400,2022-09-16,1476.10,1483.40,1405.50,1434.70,23930.98903133
1663372800,2022-09-17,1433.80,1476.00,1409.90,1469.10,11899.29766504
1663459200,2022-09-18,1469.80,1469.80,1325.60,1334.30,17561.31940548
1663545600,2022-09-19,1334.00,1392.20,1280.00,1375.90,27003.75228909
1663632000,2022-09-20,1375.90,1384.00,1313.20,1323.30,19487.90539782
1663718400,2022-09-21,1322.70,1407.60,1218.80,1247.50,34548.40434248
1663804800,2022-09-22,1245.00,1349.50,1238.30,1326.20,24660.36741931
1663891200,2022-09-23,1326.90,1359.90,1262.60,1327.20,29500.72498959
1663977600,2022-09-24,1327.50,1348.90,1307.30,1317.20,18307.32454562
1664064000,2022-09-25,1318.50,1336.40,1270.00,1292.60,14560.94760255
1664150400,2022-09-26,1295.50,1340.20,1278.90,1336.70,39206.82897846
1664236800,2022-09-27,1335.90,1401.70,1304.40,1327.90,41115.3326164
1664323200,2022-09-28,1331.00,1355.10,1253.40,1337.20,35772.03504349
1664409600,2022-09-29,1337.30,1352.10,1288.40,1336.20,16293.37074776
1664496000,2022-09-30,1336.30,1371.90,1314.70,1328.60,17859.67203144
1664582400,2022-10-01,1328.40,1333.60,1302.60,1311.90,10044.97629451
1664668800,2022-10-02,1311.70,1317.50,1269.00,1276.50,8392.80216261
1664755200,2022-10-03,1277.10,1329.80,1263.50,1323.40,10573.15831666
1664841600,2022-10-04,1323.90,1370.10,1319.50,1362.10,19296.71923828
1664928000,2022-10-05,1361.80,1364.80,1317.30,1352.40,15524.63440426
1665014400,2022-10-06,1352.50,1383.70,1344.90,1352.50,15489.32404103
1665100800,2022-10-07,1352.10,1361.80,1317.60,1331.50,11346.83141748
1665187200,2022-10-08,1331.10,1337.50,1304.00,1315.80,4051.09178396
1665273600,2022-10-09,1314.40,1328.80,1307.80,1323.50,2287.55998099
1665360000,2022-10-10,1322.90,1338.30,1282.70,1290.20,9834.30336263
1665446400,2022-10-11,1288.40,1297.90,1267.70,1280.00,13630.5817204
1665532800,2022-10-12,1280.00,1306.50,1275.70,1294.50,9201.43879718
1665619200,2022-10-13,1294.30,1301.00,1155.00,1287.60,37440.9047779
1665705600,2022-10-14,1286.80,1342.90,1284.60,1296.90,18359.04663897
1665792000,2022-10-15,1296.50,1301.80,1263.80,1275.20,5158.15376491
1665878400,2022-10-16,1275.10,1314.80,1275.00,1306.10,4502.56229633
1665964800,2022-10-17,1305.50,1338.70,1296.10,1331.50,8114.17201982
1666051200,2022-10-18,1331.50,1342.00,1286.80,1311.00,10479.27489047
1666137600,2022-10-19,1310.80,1313.20,1280.00,1285.20,9189.32421785
1666224000,2022-10-20,1285.10,1310.00,1271.60,1283.10,11296.06616361
1666310400,2022-10-21,1282.30,1306.50,1252.80,1300.00,14744.40106527
1666396800,2022-10-22,1300.00,1320.00,1294.80,1313.90,2568.47706852
1666483200,2022-10-23,1314.30,1370.90,1299.70,1364.10,9600.7167822
1666569600,2022-10-24,1364.70,1370.30,1324.50,1343.90,14622.61849582
1666656000,2022-10-25,1343.80,1525.40,1335.20,1460.20,50817.58435359
1666742400,2022-10-26,1462.00,1595.00,1458.80,1566.80,43527.39091123
1666828800,2022-10-27,1565.30,1577.70,1502.30,1514.10,27125.70493701
1666915200,2022-10-28,1514.30,1575.20,1480.10,1554.90,32632.99075138
1667001600,2022-10-29,1554.60,1662.80,1548.20,1620.70,23241.20502771
1667088000,2022-10-30,1620.50,1640.40,1576.80,1589.90,9366.40803445
1667174400,2022-10-31,1590.80,1635.00,1545.80,1573.40,14954.99082301
1667260800,2022-11-01,1573.20,1612.10,1563.30,1578.80,18815.98352864
1667347200,2022-11-02,1580.00,1620.50,1503.20,1518.60,14338.94609207
1667433600,2022-11-03,1518.40,1558.60,1515.60,1531.10,8278.77860945
1667520000,2022-11-04,1531.20,1676.80,1528.50,1645.20,24752.99536987
1667606400,2022-11-05,1645.60,1665.80,1622.00,1627.40,5212.5734099
1667692800,2022-11-06,1626.40,1639.40,1564.10,1568.40,6448.02704981
1667779200,2022-11-07,1567.70,1608.50,1547.00,1568.30,12802.91637167
1667865600,2022-11-08,1568.30,1579.70,1220.00,1334.20,101551.81661404
1667952000,2022-11-09,1333.20,1336.90,1071.50,1099.70,60900.44049687
1668038400,2022-11-10,1097.70,1350.00,1082.60,1294.90,27927.90321105
1668124800,2022-11-11,1294.90,1305.00,1196.70,1284.80,25034.70917623
1668211200,2022-11-12,1284.80,1288.90,1236.20,1255.20,8584.47236153
1668297600,2022-11-13,1255.40,1272.00,1200.00,1219.50,18956.58973019
1668384000,2022-11-14,1221.00,1288.20,1172.10,1241.60,21960.91892367
1668470400,2022-11-15,1241.70,1291.40,1232.60,1252.30,14153.72033867
1668556800,2022-11-16,1251.80,1265.80,1186.10,1216.00,24779.08810083
1668643200,2022-11-17,1216.90,1227.20,1182.20,1200.10,16733.50874709
1668729600,2022-11-18,1199.00,1233.30,1199.00,1211.80,17335.89378832
1668816000,2022-11-19,1211.30,1231.50,1198.00,1216.80,4217.84831205
1668902400,2022-11-20,1216.40,1224.10,1129.20,1141.40,7882.67071236
1668988800,2022-11-21,1140.80,1145.00,1079.70,1105.60,27492.39415343
1669075200,2022-11-22,1105.40,1141.40,1074.40,1138.20,10812.60331269
1669161600,2022-11-23,1138.90,1188.50,1127.20,1183.20,14392.96897772
1669248000,2022-11-24,1183.00,1215.50,1179.50,1203.20,6702.07537541
1669334400,2022-11-25,1202.80,1207.30,1170.80,1198.20,6076.21724089
1669420800,2022-11-26,1198.90,1234.00,1196.30,1204.90,10068.99003442
1669507200,2022-11-27,1205.20,1222.80,1188.50,1193.10,3374.93772425
1669593600,2022-11-28,1193.00,1199.00,1149.40,1167.60,12308.46604622
1669680000,2022-11-29,1167.20,1226.20,1157.20,1215.70,13140.08657956
1669766400,2022-11-30,1215.60,1310.00,1212.20,1295.10,23571.04601813
1669852800,2022-12-01,1294.70,1295.90,1263.70,1276.50,8831.67333646
1669939200,2022-12-02,1276.50,1296.80,1264.90,1296.00,9734.00899066
1670025600,2022-12-03,1296.30,1306.30,1236.50,1241.30,3015.18242011
1670112000,2022-12-04,1240.60,1286.20,1240.60,1279.60,3071.66902123
1670198400,2022-12-05,1278.60,1305.40,1247.80,1259.60,17051.74434406
1670284800,2022-12-06,1259.60,1274.20,1241.70,1271.40,3630.39646483
1670371200,2022-12-07,1271.40,1276.90,1219.40,1231.20,10972.02155964
1670457600,2022-12-08,1231.50,1292.60,1222.70,1280.80,5885.01479884
1670544000,2022-12-09,1280.00,1296.10,1256.10,1262.90,4275.25100872
1670630400,2022-12-10,1263.30,1281.30,1260.00,1266.70,1618.31716082
1670716800,2022-12-11,1266.60,1284.00,1256.80,1263.60,1655.35255363
1670803200,2022-12-12,1263.20,1279.00,1240.80,1274.70,3835.0149192
1670889600,2022-12-13,1276.20,1350.00,1255.90,1320.50,16859.46587788
1670976000,2022-12-14,1320.30,1352.20,1300.20,1307.30,11523.77751725
1671062400,2022-12-15,1307.50,1311.20,1259.20,1266.40,11072.98523449
1671148800,2022-12-16,1266.80,1279.50,1156.60,1167.30,19271.27644922
1671235200,2022-12-17,1166.70,1189.70,1162.30,1187.60,4444.81172238
1671321600,2022-12-18,1188.00,1196.40,1173.20,1183.10,2510.27386185
1671408000,2022-12-19,1183.80,1194.80,1150.60,1167.70,7863.30673229
1671494400,2022-12-20,1167.90,1230.20,1163.40,1216.90,6758.07361073
1671580800,2022-12-21,1217.10,1221.70,1202.30,1214.00,7046.85752714
1671667200,2022-12-22,1213.50,1236.60,1182.40,1218.00,8009.92570581
1671753600,2022-12-23,1218.10,1230.10,1212.60,1220.30,3890.6715321
1671840000,2022-12-24,1220.30,1227.30,1214.60,1220.50,1638.96217376
1671926400,2022-12-25,1220.50,1223.70,1196.50,1218.10,2559.44728742
1672012800,2022-12-26,1218.50,1230.80,1211.60,1227.70,2955.23185442
1672099200,2022-12-27,1228.00,1233.60,1200.80,1211.00,4664.67941047
1672185600,2022-12-28,1211.20,1215.20,1181.90,1189.50,7073.34779884
1672272000,2022-12-29,1189.70,1205.60,1186.20,1200.20,4093.85192349
1672358400,2022-12-30,1200.20,1201.70,1181.10,1199.30,5199.06911982
1672444800,2022-12-31,1199.30,1207.60,1191.60,1195.10,2278.59932073
1672531200,2023-01-01,1195.20,1203.50,1191.10,1200.00,1443.62405065
1672617600,2023-01-02,1200.20,1222.90,1193.00,1214.50,8513.89427594
1672704000,2023-01-03,1214.50,1219.50,1204.90,1214.50,5296.58034653
1672790400,2023-01-04,1214.30,1270.20,1212.60,1256.50,15768.16265551
1672876800,2023-01-05,1256.50,1259.50,1242.20,1250.60,7247.87351168
1672963200,2023-01-06,1250.90,1276.00,1235.60,1269.20,9406.06993722
1673049600,2023-01-07,1269.10,1270.70,1261.20,1263.90,2212.25082611
1673136000,2023-01-08,1264.00,1294.20,1257.90,1289.60,5798.82810763
1673222400,2023-01-09,1289.60,1345.00,1285.50,1320.50,15468.0071792
1673308800,2023-01-10,1320.40,1347.50,1317.00,1335.50,10817.25461092
1673395200,2023-01-11,1335.70,1396.90,1321.50,1390.20,10908.90871052
1673481600,2023-01-12,1389.70,1437.90,1360.90,1416.60,18364.71985107
1673568000,2023-01-13,1416.20,1463.80,1402.10,1451.00,14410.90102848
1673654400,2023-01-14,1450.90,1591.90,1449.90,1550.00,18531.14064727
1673740800,2023-01-15,1550.50,1567.10,1516.00,1553.20,4756.04736112
1673827200,2023-01-16,1553.20,1603.70,1522.30,1577.10,10042.94779675
1673913600,2023-01-17,1576.70,1607.70,1541.60,1565.10,7768.31148247
1674000000,2023-01-18,1565.00,1611.60,1501.40,1511.70,17688.30147502
1674086400,2023-01-19,1509.70,1564.00,1509.70,1551.40,10644.68867794
1674172800,2023-01-20,1551.20,1671.30,1542.60,1658.40,27893.59764304
1674259200,2023-01-21,1658.40,1680.00,1619.20,1626.40,20207.80791954
1674345600,2023-01-22,1626.80,1664.00,1604.30,1628.00,13493.74346876
1674432000,2023-01-23,1628.00,1647.70,1584.40,1626.40,14224.30782197
1674518400,2023-01-24,1626.50,1641.40,1533.50,1556.50,17492.2255262
1674604800,2023-01-25,1554.70,1640.00,1517.50,1609.80,19664.9108327
1674691200,2023-01-26,1613.40,1632.70,1577.50,1601.60,10325.70760551
1674777600,2023-01-27,1601.60,1621.40,1553.60,1598.20,11974.97839166
1674864000,2023-01-28,1598.20,1606.20,1557.40,1572.90,3545.48080399
1674950400,2023-01-29,1572.40,1660.70,1567.20,1645.30,9490.29373051
1675036800,2023-01-30,1644.80,1647.50,1533.90,1566.30,12938.73312023
1675123200,2023-01-31,1566.20,1605.20,1562.00,1585.30,10698.10815556
1675209600,2023-02-01,1585.40,1647.80,1557.00,1642.00,9883.22073547
1675296000,2023-02-02,1642.60,1714.10,1625.90,1644.00,20333.94387446
1675382400,2023-02-03,1644.00,1676.10,1626.30,1664.20,17766.47843553
1675468800,2023-02-04,1663.80,1695.00,1645.70,1667.00,4771.44464249
1675555200,2023-02-05,1666.30,1673.90,1610.30,1629.80,8150.18464111
1675641600,2023-02-06,1629.60,1657.80,1605.60,1614.00,16173.0335928
1675728000,2023-02-07,1613.80,1677.50,1613.50,1671.70,8660.90590013
1675814400,2023-02-08,1671.30,1696.90,1631.90,1650.60,11677.62461579
1675900800,2023-02-09,1650.80,1655.50,1524.80,1545.60,16169.66242097
1675987200,2023-02-10,1545.80,1554.90,1492.30,1514.40,6392.80947823
1676073600,2023-02-11,1513.20,1543.30,1505.00,1538.90,2820.79822494
1676160000,2023-02-12,1538.90,1548.00,1494.40,1515.70,3745.38125906
1676246400,2023-02-13,1515.40,1525.90,1463.20,1506.40,10729.80360682
1676332800,2023-02-14,1506.50,1568.90,1492.30,1556.60,12509.90596596
1676419200,2023-02-15,1556.20,1680.90,1542.90,1675.30,9039.32455266
1676505600,2023-02-16,1675.40,1742.00,1634.30,1638.30,12454.72976281
1676592000,2023-02-17,1638.30,1720.90,1632.50,1694.50,7686.13087952
1676678400,2023-02-18,1694.00,1711.90,1681.00,1692.20,3251.19811716
1676764800,2023-02-19,1692.10,1726.70,1667.30,1682.70,5494.14728722
1676851200,2023-02-20,1680.80,1719.50,1652.50,1703.90,3820.34330558
1676937600,2023-02-21,1703.70,1716.60,1638.40,1659.80,7386.34067433
1677024000,2023-02-22,1659.30,1667.40,1595.60,1643.50,10036.07528798
1677110400,2023-02-23,1643.50,1678.50,1629.00,1650.70,7810.29409917
1677196800,2023-02-24,1651.00,1664.00,1576.60,1607.80,18185.00887197
1677283200,2023-02-25,1607.40,1608.80,1558.40,1595.00,4724.051077
1677369600,2023-02-26,1594.20,1651.00,1588.10,1642.00,5453.30145329
1677456000,2023-02-27,1641.70,1664.60,1608.40,1634.30,9495.07603515
1677542400,2023-02-28,1634.00,1647.30,1597.50,1605.40,5966.26566785
1677628800,2023-03-01,1605.80,1669.80,1595.70,1665.30,6646.92366895
1677715200,2023-03-02,1665.20,1677.90,1620.00,1648.00,6496.37424096
1677801600,2023-03-03,1648.30,1649.20,1543.60,1569.80,16426.97141648
1677888000,2023-03-04,1569.60,1577.80,1549.70,1566.80,2802.03611935
1677974400,2023-03-05,1566.80,1587.90,1551.90,1564.60,4490.83007631
1678060800,2023-03-06,1564.50,1582.60,1555.20,1565.80,8753.91296042
1678147200,2023-03-07,1565.90,1583.90,1535.60,1561.50,11082.2630992
1678233600,2023-03-08,1562.20,1570.10,1523.30,1532.30,8394.20887185
1678320000,2023-03-09,1531.70,1545.80,1408.20,1437.70,22174.10095161
1678406400,2023-03-10,1436.40,1438.80,1369.90,1431.50,35916.88944994
1678492800,2023-03-11,1431.50,1489.50,1416.80,1484.00,31977.44930359
1678579200,2023-03-12,1482.90,1609.10,1459.70,1591.40,20384.11478111
1678665600,2023-03-13,1592.20,1700.20,1571.10,1679.90,38959.22300003
1678752000,2023-03-14,1680.70,1784.10,1665.30,1704.60,30691.56599971
1678838400,2023-03-15,1704.30,1721.80,1614.80,1656.70,17754.90067992
1678924800,2023-03-16,1656.60,1693.70,1638.20,1676.90,8475.24028438
1679011200,2023-03-17,1676.90,1803.00,1666.30,1794.40,21965.17942894
1679097600,2023-03-18,1794.10,1846.00,1753.00,1764.10,16183.75531058
1679184000,2023-03-19,1764.90,1846.50,1763.00,1785.90,7696.56168367
1679270400,2023-03-20,1786.50,1807.90,1730.00,1738.10,15885.18228859
1679356800,2023-03-21,1738.20,1839.90,1725.00,1806.90,11919.64009478
1679443200,2023-03-22,1807.10,1823.20,1715.50,1738.20,10961.39113503
1679529600,2023-03-23,1739.10,1859.60,1733.90,1817.20,9094.33730983
1679616000,2023-03-24,1817.40,1822.30,1729.50,1751.70,11269.81192788
1679702400,2023-03-25,1752.10,1764.60,1716.60,1744.30,7001.71901414
1679788800,2023-03-26,1743.90,1800.60,1741.50,1775.70,6846.673019
1679875200,2023-03-27,1775.70,1781.90,1687.80,1716.40,10829.79162234
1679961600,2023-03-28,1716.20,1794.80,1703.00,1773.40,13740.55939282
1680048000,2023-03-29,1774.60,1827.00,1773.20,1793.20,10912.70322515
1680134400,2023-03-30,1793.30,1829.80,1762.50,1794.00,9422.77443364
1680220800,2023-03-31,1795.00,1846.80,1780.80,1822.20,14112.78977491
1680307200,2023-04-01,1822.20,1842.20,1809.00,1821.40,2225.12521687
1680393600,2023-04-02,1821.70,1826.00,1774.10,1796.00,3214.91422204
1680480000,2023-04-03,1795.60,1839.60,1764.50,1811.40,9723.04728056
1680566400,2023-04-04,1811.80,1890.50,1803.60,1871.60,12336.18855942
1680652800,2023-04-05,1871.30,1942.50,1865.40,1909.60,11102.57856055
1680739200,2023-04-06,1909.20,1910.50,1855.20,1873.00,4825.95843428
1680825600,2023-04-07,1873.00,1883.60,1842.50,1865.10,3139.25450004
1680912000,2023-04-08,1865.00,1880.10,1848.60,1850.80,2355.2489355
1680998400,2023-04-09,1850.60,1874.30,1827.20,1859.70,4049.95079332
1681084800,2023-04-10,1858.30,1920.00,1847.90,1911.40,7756.96925157
1681171200,2023-04-11,1911.00,1938.40,1883.70,1891.90,10673.57286368
1681257600,2023-04-12,1892.70,1934.10,1856.30,1919.20,12617.84951182
1681344000,2023-04-13,1919.20,2024.00,1901.50,2014.60,23847.40719355
1681430400,2023-04-14,2014.40,2130.80,2011.80,2101.80,25067.54928243
1681516800,2023-04-15,2101.90,2112.80,2074.00,2092.80,5792.8486687
1681603200,2023-04-16,2091.80,2140.80,2075.40,2120.40,6043.28264672
1681689600,2023-04-17,2120.40,2122.20,2056.00,2075.40,11035.64588162
1681776000,2023-04-18,2075.40,2123.60,2053.10,2104.80,7182.00991398
1681862400,2023-04-19,2104.80,2105.40,1924.80,1934.80,18341.20980246
1681948800,2023-04-20,1934.90,1982.50,1913.60,1942.90,11169.64688466
1682035200,2023-04-21,1943.10,1956.10,1826.00,1848.40,21229.48598968
1682121600,2023-04-22,1848.40,1887.40,1843.30,1874.10,3697.92007253
1682208000,2023-04-23,1873.80,1882.10,1838.60,1862.20,4662.67246885
1682294400,2023-04-24,1861.90,1889.10,1807.00,1841.80,10250.20997603
1682380800,2023-04-25,1842.40,1878.00,1802.60,1866.10,7356.06613389
1682467200,2023-04-26,1866.10,1963.20,1787.00,1866.50,15130.68358737
1682553600,2023-04-27,1866.90,1938.60,1862.20,1909.50,11897.6425867
1682640000,2023-04-28,1909.40,1924.50,1876.10,1892.30,8976.24658769
1682726400,2023-04-29,1892.90,1918.70,1885.30,1909.20,2492.64105907
1682812800,2023-04-30,1909.20,1940.00,1867.90,1868.80,4724.6719056
1682899200,2023-05-01,1871.20,1886.50,1806.10,1830.50,23302.23535884
1682985600,2023-05-02,1830.70,1882.10,1822.90,1870.70,7333.17842417
1683072000,2023-05-03,1870.80,1915.90,1843.70,1905.40,8720.59370004
1683158400,2023-05-04,1905.60,1917.30,1868.80,1878.30,5797.31461519
1683244800,2023-05-05,1878.30,2005.50,1876.90,1997.00,19312.35020165
1683331200,2023-05-06,1996.70,2020.60,1865.00,1900.80,9997.36434871
1683417600,2023-05-07,1900.40,1935.20,1870.90,1873.10,3783.33048077
1683504000,2023-05-08,1873.90,1886.70,1800.00,1849.20,20383.07349058
1683590400,2023-05-09,1848.80,1862.50,1832.50,1847.70,6342.55189412
1683676800,2023-05-10,1847.90,1900.00,1790.30,1842.70,11959.94210375
1683763200,2023-05-11,1842.50,1843.10,1773.80,1795.70,10592.80299837
1683849600,2023-05-12,1796.00,1815.00,1737.40,1808.50,8974.76947224
1683936000,2023-05-13,1808.40,1817.80,1787.70,1796.20,2825.54038084
1684022400,2023-05-14,1796.20,1824.50,1791.50,1800.20,2408.43301161
1684108800,2023-05-15,1800.20,1847.20,1787.00,1816.40,6992.91151872
1684195200,2023-05-16,1816.70,1831.40,1797.10,1824.40,4509.17548453
1684281600,2023-05-17,1824.60,1836.80,1784.40,1822.40,3278.1396463
1684368000,2023-05-18,1822.70,1831.70,1772.90,1800.80,4589.62249873
1684454400,2023-05-19,1800.00,1828.60,1797.40,1812.90,3386.17352908
1684540800,2023-05-20,1812.80,1829.40,1807.50,1820.20,902.6525682
1684627200,2023-05-21,1820.10,1828.40,1798.50,1805.40,1447.28507822
1684713600,2023-05-22,1805.40,1827.40,1792.20,1817.70,2492.20679222
1684800000,2023-05-23,1818.20,1872.00,1816.00,1854.50,4352.03920293
1684886400,2023-05-24,1854.60,1854.60,1777.30,1800.00,7923.11378922
1684972800,2023-05-25,1800.10,1818.00,1760.70,1806.00,5237.88199076
1685059200,2023-05-26,1806.10,1838.50,1797.10,1828.60,4311.75107115
1685145600,2023-05-27,1829.10,1836.80,1813.30,1831.00,1510.5194669
1685232000,2023-05-28,1831.00,1920.20,1824.10,1909.30,5717.14936606
1685318400,2023-05-29,1910.50,1927.50,1875.00,1893.60,5876.94835475
1685404800,2023-05-30,1893.10,1917.10,1882.40,1901.30,5110.83882546
1685491200,2023-05-31,1901.00,1907.80,1847.30,1874.00,5191.87090173
1685577600,2023-06-01,1874.50,1889.20,1840.10,1862.40,4434.4776417
1685664000,2023-06-02,1861.70,1911.00,1848.80,1907.20,8251.64519179
1685750400,2023-06-03,1907.20,1909.00,1882.90,1892.70,2403.95344033
1685836800,2023-06-04,1892.10,1914.60,1885.20,1890.60,3098.15390353
1685923200,2023-06-05,1889.40,1891.30,1775.70,1810.70,15125.53488338
1686009600,2023-06-06,1811.60,1898.10,1798.80,1884.50,9795.42575918
1686096000,2023-06-07,1883.70,1897.40,1821.00,1832.80,6028.06373086
1686182400,2023-06-08,1832.30,1861.00,1828.90,1846.20,3630.77992282
1686268800,2023-06-09,1846.40,1855.40,1827.70,1840.60,3680.33173577
1686355200,2023-06-10,1840.50,1844.40,1717.20,1752.50,14603.10911842
1686441600,2023-06-11,1752.50,1777.70,1740.00,1753.40,3376.97207059
1686528000,2023-06-12,1753.40,1759.10,1720.10,1742.70,6320.26588193
1686614400,2023-06-13,1742.90,1767.40,1723.70,1739.40,5492.25356187
1686700800,2023-06-14,1739.70,1749.80,1631.00,1651.00,8412.75339455
1686787200,2023-06-15,1650.10,1678.80,1622.00,1665.20,7563.92830765
1686873600,2023-06-16,1665.30,1727.40,1648.20,1717.00,4707.05033181
1686960000,2023-06-17,1717.20,1770.90,1713.70,1727.10,3275.94178324
1687046400,2023-06-18,1727.10,1746.40,1713.40,1720.50,1932.63348897
1687132800,2023-06-19,1720.40,1750.20,1699.80,1736.80,6244.30821132
1687219200,2023-06-20,1736.70,1796.30,1714.10,1792.40,10473.6531204
1687305600,2023-06-21,1792.80,1900.90,1787.90,1889.80,12077.30875163
1687392000,2023-06-22,1889.60,1933.10,1867.40,1872.60,7194.1551535
1687478400,2023-06-23,1872.60,1936.20,1861.70,1893.70,8385.41692119
1687564800,2023-06-24,1893.80,1906.60,1866.40,1876.20,2522.94092453
1687651200,2023-06-25,1876.50,1930.00,1870.30,1899.90,3661.92279616
1687737600,2023-06-26,1899.90,1908.90,1837.70,1859.40,7001.6739709
1687824000,2023-06-27,1859.40,1911.70,1856.50,1890.00,3625.30528231
1687910400,2023-06-28,1890.50,1890.50,1816.50,1827.80,3137.22503743
1687996800,2023-06-29,1828.00,1879.40,1827.90,1852.10,3223.24064944
1688083200,2023-06-30,1851.80,1945.50,1824.60,1933.30,11493.67368488
1688169600,2023-07-01,1934.00,1943.80,1908.90,1924.40,3519.40720008
1688256000,2023-07-02,1924.40,1959.40,1885.90,1937.60,3664.94314094
1688342400,2023-07-03,1937.60,1976.00,1934.00,1956.00,11915.72725384
1688428800,2023-07-04,1955.40,1966.60,1931.80,1936.70,2141.49141103
1688515200,2023-07-05,1936.80,1942.20,1894.50,1910.40,3160.1652787
1688601600,2023-07-06,1910.30,1959.00,1846.60,1847.60,7182.27123816
1688688000,2023-07-07,1845.80,1877.90,1827.90,1870.80,4776.3211685
1688774400,2023-07-08,1870.70,1872.00,1843.60,1865.50,1747.02679674
1688860800,2023-07-09,1865.80,1879.20,1857.00,1863.50,1709.33525696
1688947200,2023-07-10,1863.40,1905.60,1848.00,1880.70,3824.67741514
1689033600,2023-07-11,1881.10,1890.90,1863.00,1878.70,1981.63846411
1689120000,2023-07-12,1878.70,1901.70,1865.00,1871.70,3559.50140822
1689206400,2023-07-13,1871.80,2012.80,1863.10,2004.80,19508.17318889
1689292800,2023-07-14,2005.80,2029.50,1899.10,1938.90,10631.90219906
1689379200,2023-07-15,1938.30,1947.00,1927.20,1931.50,2428.2425717
1689465600,2023-07-16,1931.70,1943.60,1914.60,1923.60,3181.63643381
1689552000,2023-07-17,1922.20,1936.60,1874.60,1911.40,6262.80807069
1689638400,2023-07-18,1911.40,1917.60,1877.00,1897.70,6546.69770302
1689724800,2023-07-19,1897.60,1921.80,1882.00,1888.70,5463.66825275
1689811200,2023-07-20,1888.60,1929.00,1878.30,1891.50,4474.70546454
1689897600,2023-07-21,1891.80,1905.40,1884.90,1892.00,2328.76742003
1689984000,2023-07-22,1892.00,1897.50,1853.50,1866.40,2586.53028232
1690070400,2023-07-23,1866.60,1904.40,1858.90,1889.40,3024.8668829
1690156800,2023-07-24,1888.90,1890.80,1833.00,1849.60,11865.50022855
1690243200,2023-07-25,1850.00,1866.70,1845.40,1857.50,5409.66939517
1690329600,2023-07-26,1857.20,1887.00,1849.10,1872.20,4622.67856445
1690416000,2023-07-27,1872.20,1886.20,1854.10,1861.00,3793.61514065
1690502400,2023-07-28,1861.00,1882.40,1856.00,1874.20,5939.88278537
1690588800,2023-07-29,1874.10,1886.40,1869.40,1880.80,1066.89582821
1690675200,2023-07-30,1881.10,1885.20,1849.20,1861.70,3217.9604299
1690761600,2023-07-31,1861.50,1876.50,1850.50,1856.20,4354.27598158
1690848000,2023-08-01,1856.10,1873.90,1813.10,1872.70,9682.79620908
1690934400,2023-08-02,1873.40,1878.60,1820.40,1839.10,5825.27420546
1691020800,2023-08-03,1838.60,1857.40,1824.90,1834.50,4909.42685203
1691107200,2023-08-04,1834.50,1849.30,1812.10,1827.30,2514.83030086
1691193600,2023-08-05,1827.30,1837.30,1824.50,1835.00,2657.40449789
1691280000,2023-08-06,1834.90,1836.60,1823.90,1827.60,1560.56238149
1691366400,2023-08-07,1827.60,1843.70,1799.20,1827.00,9600.07508766
1691452800,2023-08-08,1827.00,1875.50,1823.80,1855.90,10526.33407541
1691539200,2023-08-09,1855.90,1870.60,1845.00,1854.20,4085.09776317
1691625600,2023-08-10,1854.20,1864.40,1844.80,1850.40,2654.79031985
1691712000,2023-08-11,1850.40,1855.30,1836.90,1847.20,2404.25009751
1691798400,2023-08-12,1847.00,1852.50,1845.40,1849.20,2745.2877266
1691884800,2023-08-13,1849.20,1860.40,1833.50,1839.30,1820.98066236
1691971200,2023-08-14,1839.20,1854.20,1833.50,1843.90,2593.43284908
1692057600,2023-08-15,1843.90,1845.70,1811.60,1827.30,3372.93271794
1692144000,2023-08-16,1827.30,1829.50,1796.20,1805.60,7939.38116612
1692230400,2023-08-17,1805.60,1807.90,1542.60,1683.50,26210.55090677
1692316800,2023-08-18,1681.40,1699.50,1641.10,1661.10,11865.14608983
1692403200,2023-08-19,1661.50,1696.00,1653.90,1669.60,5890.57472399
1692489600,2023-08-20,1669.60,1693.70,1662.10,1685.40,3698.2236139
1692576000,2023-08-21,1685.40,1687.40,1650.00,1667.40,6162.04449019
1692662400,2023-08-22,1667.40,1669.30,1581.00,1634.00,9571.99427952
1692748800,2023-08-23,1634.30,1701.10,1629.10,1679.50,9539.4978282
1692835200,2023-08-24,1679.70,1682.90,1635.50,1660.80,8616.57323175
1692921600,2023-08-25,1660.90,1675.10,1634.50,1653.00,8854.95984463
1693008000,2023-08-26,1652.90,1654.80,1643.30,1646.30,1015.200605
1693094400,2023-08-27,1646.30,1659.30,1645.50,1657.80,1277.55982041
1693180800,2023-08-28,1657.50,1661.70,1622.50,1652.20,5289.1296932
1693267200,2023-08-29,1652.10,1744.80,1639.10,1729.20,10748.90297561
1693353600,2023-08-30,1729.20,1731.10,1696.50,1705.30,5026.47290519
1693440000,2023-08-31,1705.60,1725.40,1630.30,1645.60,7083.78036007
1693526400,2023-09-01,1645.30,1654.40,1602.50,1628.60,5334.96154094
1693612800,2023-09-02,1628.60,1644.80,1627.60,1637.10,1326.89824204
1693699200,2023-09-03,1637.10,1646.80,1625.70,1635.80,1736.42126528
1693785600,2023-09-04,1635.50,1644.30,1616.30,1629.70,3044.31075774
1693872000,2023-09-05,1629.50,1646.50,1609.20,1634.00,3791.29172043
1693958400,2023-09-06,1634.00,1668.60,1608.80,1632.20,5482.9218897
1694044800,2023-09-07,1632.20,1658.10,1622.60,1647.90,5007.12623992
1694131200,2023-09-08,1647.80,1658.10,1616.10,1636.00,3908.98634938
1694217600,2023-09-09,1636.00,1637.30,1629.70,1635.30,1555.28181226
1694304000,2023-09-10,1635.60,1635.60,1596.70,1616.80,3076.8761679
1694390400,2023-09-11,1616.80,1618.60,1531.10,1551.70,16921.16452496
1694476800,2023-09-12,1551.50,1622.30,1549.30,1593.30,5677.30271749
1694563200,2023-09-13,1593.20,1618.20,1581.80,1608.10,4599.72915459
1694649600,2023-09-14,1608.10,1644.40,1607.50,1627.10,5538.03733861
1694736000,2023-09-15,1627.10,1653.10,1612.00,1641.50,3603.55548781
1694822400,2023-09-16,1642.40,1652.30,1632.10,1635.00,1330.4390747
1694908800,2023-09-17,1634.90,1635.60,1613.00,1623.30,1471.40676431
1694995200,2023-09-18,1623.30,1669.20,1606.00,1637.60,3962.64360633
1695081600,2023-09-19,1637.40,1660.70,1628.20,1643.50,2804.2263897
1695168000,2023-09-20,1643.60,1649.50,1605.80,1622.40,18979.93526273
1695254400,2023-09-21,1622.00,1625.40,1568.50,1583.90,11161.94319559
1695340800,2023-09-22,1583.50,1601.90,1577.40,1593.20,1943.263820
1695427200,2023-09-23,1593.10,1598.00,1588.20,1594.10,707.54873328
1695513600,2023-09-24,1593.90,1600.80,1571.00,1581.00,1810.10667441
1695600000,2023-09-25,1579.70,1597.10,1563.20,1588.10,2716.66166998
1695686400,2023-09-26,1588.10,1597.80,1580.10,1593.10,2293.26734091
1695772800,2023-09-27,1593.20,1632.40,1584.70,1597.30,3491.62073811
1695859200,2023-09-28,1597.60,1667.00,1596.80,1653.10,6408.90724752
1695945600,2023-09-29,1653.20,1688.40,1648.70,1667.60,4546.95611974
1696032000,2023-09-30,1667.30,1693.80,1666.10,1671.10,1464.49515639
1696118400,2023-10-01,1671.10,1755.40,1669.00,1732.10,2680.19859249
1696204800,2023-10-02,1733.60,1743.50,1637.00,1663.00,5091.5656184
1696291200,2023-10-03,1662.80,1670.70,1640.70,1657.10,3056.97855186
1696377600,2023-10-04,1657.20,1658.00,1625.00,1647.00,3159.73013847
1696464000,2023-10-05,1647.10,1654.90,1607.70,1611.40,3473.2234351
1696550400,2023-10-06,1612.60,1661.70,1612.50,1646.00,2152.00971741
1696636800,2023-10-07,1646.40,1648.70,1631.20,1635.00,628.61158176
1696723200,2023-10-08,1634.60,1642.70,1617.90,1633.90,728.52562972
1696809600,2023-10-09,1633.90,1636.00,1548.70,1580.00,4245.31378739
1696896000,2023-10-10,1580.00,1595.00,1551.10,1567.60,5921.79940698
1696982400,2023-10-11,1567.80,1639.50,1545.50,1566.60,6347.47137359
1697068800,2023-10-12,1565.10,1567.20,1520.50,1539.60,3607.14290368
1697155200,2023-10-13,1539.40,1573.20,1537.40,1552.20,3493.5568034
1697241600,2023-10-14,1552.30,1561.20,1545.30,1555.00,1977.63586157
1697328000,2023-10-15,1555.40,1566.20,1549.60,1557.90,1156.81823706
1697414400,2023-10-16,1557.80,1640.50,1555.40,1600.30,5641.43132962
1697500800,2023-10-17,1600.70,1601.60,1553.30,1565.50,2632.93147187
1697587200,2023-10-18,1565.20,1584.80,1556.40,1563.70,2115.08135424
1697673600,2023-10-19,1563.20,1575.10,1542.10,1567.70,1794.86431491
1697760000,2023-10-20,1567.60,1631.20,1562.20,1604.90,4461.01628723
1697846400,2023-10-21,1605.00,1643.90,1593.20,1629.70,2152.18665728
1697932800,2023-10-22,1629.80,1668.50,1623.00,1664.10,1598.64715858
1698019200,2023-10-23,1664.10,1800.00,1658.60,1766.70,7679.05394847
1698105600,2023-10-24,1767.10,1854.40,1757.10,1785.40,14815.51023888
1698192000,2023-10-25,1784.40,1817.40,1761.00,1787.80,3168.81510054
1698278400,2023-10-26,1787.20,1865.00,1763.20,1804.10,12401.19422286
1698364800,2023-10-27,1802.70,1804.70,1744.80,1780.10,5431.86233949
1698451200,2023-10-28,1780.10,1802.50,1771.10,1776.70,665.4817943
1698537600,2023-10-29,1776.30,1811.00,1763.90,1796.00,627.22647526
1698624000,2023-10-30,1796.00,1830.30,1778.70,1809.90,5197.66589936
1698710400,2023-10-31,1810.10,1849.00,1782.40,1815.80,8101.24721268
1698796800,2023-11-01,1815.80,1858.90,1784.60,1847.40,5803.00132062
1698883200,2023-11-02,1848.20,1874.70,1785.90,1801.00,3123.78172533
1698969600,2023-11-03,1801.00,1835.30,1778.80,1832.60,1595.70074096
1699056000,2023-11-04,1833.90,1869.60,1825.30,1857.20,1255.23837578
1699142400,2023-11-05,1857.90,1913.30,1848.60,1894.60,2613.02531427
1699228800,2023-11-06,1892.00,1916.00,1870.80,1901.90,2818.14701626
1699315200,2023-11-07,1902.40,1908.00,1851.80,1886.20,6504.19633227
1699401600,2023-11-08,1886.20,1905.20,1874.50,1889.30,2092.28338417
1699488000,2023-11-09,1889.30,2131.50,1883.40,2121.30,20212.46610531
1699574400,2023-11-10,2121.70,2136.50,2065.90,2079.00,6691.77130382
1699660800,2023-11-11,2078.00,2091.10,2033.10,2054.00,2121.70382935
1699747200,2023-11-12,2053.70,2066.70,2008.50,2046.50,1164.94174746
1699833600,2023-11-13,2046.30,2117.40,2031.40,2053.90,8295.49335597
1699920000,2023-11-14,2054.40,2065.30,1934.40,1979.50,4776.40608689
1700006400,2023-11-15,1980.90,2063.00,1968.40,2060.00,6208.5422613
1700092800,2023-11-16,2060.40,2092.20,1940.40,1962.40,11120.88371199
1700179200,2023-11-17,1962.10,1991.30,1906.70,1962.00,13829.2913067
1700265600,2023-11-18,1960.90,1972.10,1918.80,1963.40,1066.50817039
1700352000,2023-11-19,1963.80,2017.30,1945.00,2012.20,4279.91486129
1700438400,2023-11-20,2013.30,2067.30,1993.20,2023.00,9309.69163171
1700524800,2023-11-21,2022.90,2036.10,1933.00,1934.30,5486.50698279
1700611200,2023-11-22,1932.70,2092.70,1931.00,2064.40,8450.70565482
1700697600,2023-11-23,2063.50,2088.90,2041.00,2062.70,2173.68290402
1700784000,2023-11-24,2062.30,2133.60,2060.10,2082.90,7485.18869874
1700870400,2023-11-25,2083.00,2092.30,2068.40,2084.20,1020.75740942
1700956800,2023-11-26,2084.50,2095.00,2039.30,2062.60,3231.11789363
1701043200,2023-11-27,2063.60,2072.10,1986.90,2027.90,5171.98832851
1701129600,2023-11-28,2027.60,2075.90,1995.90,2049.50,11164.16233198
1701216000,2023-11-29,2049.20,2075.70,2020.60,2029.40,2652.90786522
1701302400,2023-11-30,2028.80,2055.50,2022.30,2053.80,6750.0418245
1701388800,2023-12-01,2053.10,2110.70,2046.10,2088.70,8232.54928194
1701475200,2023-12-02,2088.60,2188.50,2087.20,2165.80,3234.17160371
1701561600,2023-12-03,2166.90,2218.00,2151.10,2194.10,3930.89906862
1701648000,2023-12-04,2193.60,2274.40,2192.40,2243.80,8588.35813865
1701734400,2023-12-05,2240.20,2310.40,2189.20,2293.90,5311.71698818
1701820800,2023-12-06,2295.20,2312.10,2221.30,2233.40,6474.33098656
1701907200,2023-12-07,2232.80,2383.50,2222.60,2358.30,7659.0250155
1701993600,2023-12-08,2358.80,2392.40,2339.20,2359.00,6322.51132822
1702080000,2023-12-09,2360.10,2403.10,2329.90,2340.20,4377.87208744
1702166400,2023-12-10,2340.20,2376.90,2324.00,2352.30,1805.63227425
1702252800,2023-12-11,2352.60,2355.00,2145.00,2224.40,8275.30204022
1702339200,2023-12-12,2224.00,2242.90,2165.40,2201.20,6140.41819899
1702425600,2023-12-13,2203.00,2283.80,2145.60,2260.70,4742.59755435
1702512000,2023-12-14,2261.00,2332.70,2227.20,2315.70,7036.01517453
1702598400,2023-12-15,2316.70,2318.20,2202.50,2220.60,4881.53528577
1702684800,2023-12-16,2221.30,2262.20,2211.60,2227.30,2132.14260871
1702771200,2023-12-17,2227.30,2246.10,2190.70,2194.80,1431.23789068
1702857600,2023-12-18,2194.90,2223.10,2115.70,2218.20,8458.25168616
1702944000,2023-12-19,2219.20,2253.90,2135.80,2177.50,5399.02568167
1703030400,2023-12-20,2177.40,2264.70,2158.70,2202.30,9130.10404584
1703116800,2023-12-21,2202.30,2279.10,2183.40,2240.00,6448.55053793
1703203200,2023-12-22,2239.90,2342.30,2232.30,2326.40,6615.44975998
1703289600,2023-12-23,2327.80,2332.50,2268.40,2309.60,3911.07559418
1703376000,2023-12-24,2310.40,2326.70,2246.30,2264.70,2261.22729439
1703462400,2023-12-25,2264.40,2305.00,2255.10,2272.10,2429.07294552
1703548800,2023-12-26,2271.70,2275.70,2178.20,2231.00,5700.32430675
1703635200,2023-12-27,2231.70,2393.10,2212.80,2380.60,17842.74708979
1703721600,2023-12-28,2382.20,2447.20,2336.60,2345.50,9724.44267479
1703808000,2023-12-29,2345.30,2387.60,2257.20,2299.60,12484.32309445
1703894400,2023-12-30,2299.50,2322.70,2269.20,2292.10,1952.73150285
1703980800,2023-12-31,2292.00,2320.50,2260.00,2280.90,1999.57910335
1704067200,2024-01-01,2282.10,2352.90,2266.00,2352.50,5435.02115359
1704153600,2024-01-02,2351.60,2433.30,2342.40,2356.50,7573.11764881
1704240000,2024-01-03,2357.20,2386.30,2101.00,2210.90,13430.12776834
1704326400,2024-01-04,2209.20,2296.50,2205.10,2269.60,6977.57332053
1704412800,2024-01-05,2271.10,2278.50,2207.80,2269.40,7253.33311402
1704499200,2024-01-06,2270.00,2272.00,2217.00,2241.50,3852.87144982
1704585600,2024-01-07,2241.70,2258.00,2207.30,2222.80,4858.45209246
1704672000,2024-01-08,2222.70,2360.50,2168.00,2332.70,7471.5508137
1704758400,2024-01-09,2333.50,2371.80,2228.70,2345.10,6802.99588141
1704844800,2024-01-10,2346.70,2644.00,2341.60,2584.80,19906.7937816
1704931200,2024-01-11,2585.70,2690.70,2564.60,2619.00,11176.43801569
1705017600,2024-01-12,2618.80,2717.50,2456.20,2522.60,16791.31306616
1705104000,2024-01-13,2521.30,2588.70,2496.90,2578.30,8438.02982834
1705190400,2024-01-14,2578.60,2578.70,2467.80,2471.60,6865.72164384
1705276800,2024-01-15,2471.80,2551.90,2469.70,2510.80,4144.93638358
1705363200,2024-01-16,2510.80,2613.30,2498.70,2587.30,9816.15905711
1705449600,2024-01-17,2587.50,2592.30,2506.00,2528.40,3802.83321691
1705536000,2024-01-18,2527.30,2546.70,2424.00,2467.90,6672.20275829
1705622400,2024-01-19,2469.20,2502.80,2413.00,2490.10,12279.33361663
1705708800,2024-01-20,2489.40,2489.40,2452.80,2470.70,1105.98718535
1705795200,2024-01-21,2470.60,2480.70,2452.00,2455.80,768.81873321
1705881600,2024-01-22,2454.80,2464.60,2301.60,2310.70,8443.45105724
1705968000,2024-01-23,2310.80,2348.80,2165.00,2241.00,12283.37254096
1706054400,2024-01-24,2239.80,2264.20,2195.80,2233.90,7210.54783755
1706140800,2024-01-25,2234.30,2241.00,2170.10,2217.50,7832.43830382
1706227200,2024-01-26,2217.00,2281.00,2195.10,2267.00,8689.46713861
1706313600,2024-01-27,2267.30,2282.50,2251.00,2268.10,1813.27677843
1706400000,2024-01-28,2267.90,2307.60,2240.90,2256.70,2137.26442167
1706486400,2024-01-29,2256.70,2322.60,2234.30,2318.30,5953.98931583
1706572800,2024-01-30,2317.90,2391.80,2297.50,2343.20,8807.22357087
1706659200,2024-01-31,2344.90,2351.20,2264.10,2281.80,5704.24391929
1706745600,2024-02-01,2281.50,2311.50,2239.00,2303.40,3967.37953148
1706832000,2024-02-02,2304.30,2322.80,2279.20,2308.30,6236.84605419
1706918400,2024-02-03,2308.80,2328.00,2292.40,2296.10,1728.00145464
1707004800,2024-02-04,2295.50,2309.00,2268.50,2288.60,1972.64689295
1707091200,2024-02-05,2288.20,2334.70,2268.30,2299.00,3890.75930654
1707177600,2024-02-06,2298.90,2392.20,2296.40,2372.50,15599.06155752
1707264000,2024-02-07,2372.50,2444.50,2353.30,2424.20,8955.8865237
1707350400,2024-02-08,2425.30,2463.20,2411.30,2420.10,12650.76253827
1707436800,2024-02-09,2420.10,2524.20,2419.10,2487.40,7527.08490398
1707523200,2024-02-10,2488.00,2516.90,2473.40,2501.10,1685.39608693
1707609600,2024-02-11,2501.40,2540.00,2494.60,2507.80,1276.85433449
1707696000,2024-02-12,2508.20,2666.30,2473.10,2659.90,9126.06130575
1707782400,2024-02-13,2663.40,2686.60,2591.00,2641.80,6597.00376164
1707868800,2024-02-14,2642.10,2788.80,2619.40,2777.80,5457.86807591
1707955200,2024-02-15,2775.90,2869.50,2763.20,2825.80,4827.03991266
1708041600,2024-02-16,2826.60,2860.00,2747.90,2803.70,3410.77911072
1708128000,2024-02-17,2804.20,2806.20,2722.20,2786.90,1733.96238395
1708214400,2024-02-18,2787.60,2896.40,2766.00,2881.10,3140.39245787
1708300800,2024-02-19,2881.80,2984.20,2858.20,2945.50,4465.27889934
1708387200,2024-02-20,2945.50,3032.90,2875.30,3015.50,5033.37890612
1708473600,2024-02-21,3015.80,3017.60,2868.90,2968.30,9410.52172588
1708560000,2024-02-22,2967.80,3036.40,2907.00,2968.30,7137.2393499
1708646400,2024-02-23,2970.20,2991.60,2906.20,2921.90,11327.87435309
1708732800,2024-02-24,2926.50,3005.10,2907.20,2992.60,1638.92526491
1708819200,2024-02-25,2992.60,3120.80,2984.10,3112.30,2785.42223633
1708905600,2024-02-26,3112.70,3198.10,3037.10,3178.00,13437.65683104
1708992000,2024-02-27,3179.90,3290.10,3167.80,3244.00,14906.31902709
1709078400,2024-02-28,3244.10,3487.63,3143.20,3386.70,16748.81313405
1709164800,2024-02-29,3386.80,3521.60,3302.80,3341.70,14337.66126839
1709251200,2024-03-01,3341.90,3453.70,3341.00,3435.80,7270.19504927
1709337600,2024-03-02,3435.70,3461.70,3399.30,3424.00,4866.33924307
1709424000,2024-03-03,3424.10,3494.80,3365.00,3489.40,6822.27842584
1709510400,2024-03-04,3489.50,3645.40,3427.60,3633.60,10120.08068744
1709596800,2024-03-05,3632.40,3827.90,3205.90,3559.60,23946.62126821
1709683200,2024-03-06,3558.50,3901.90,3502.30,3822.10,20396.7155552
1709769600,2024-03-07,3823.10,3940.30,3739.40,3875.70,10070.81476976
1709856000,2024-03-08,3877.20,4003.30,3828.60,3892.90,8504.68672403
1709942400,2024-03-09,3895.70,3951.90,3881.00,3913.70,3442.02130175
1710028800,2024-03-10,3913.80,3970.80,3795.80,3882.00,11483.87283653
1710115200,2024-03-11,3880.80,4090.00,3733.70,4066.50,14344.90218738
1710201600,2024-03-12,4066.20,4095.40,3824.40,3980.50,13545.55243297
1710288000,2024-03-13,3981.10,4084.90,3935.90,4007.90,8387.56717274
1710374400,2024-03-14,4007.30,4012.80,3717.20,3881.20,12291.53779795
1710460800,2024-03-15,3881.20,3932.00,3562.90,3742.80,14672.01235768
1710547200,2024-03-16,3743.30,3781.00,3466.40,3520.80,5411.17687157
1710633600,2024-03-17,3520.00,3677.20,3411.40,3642.40,3080.86095642
1710720000,2024-03-18,3641.30,3641.30,3455.60,3520.30,6730.69510241
1710806400,2024-03-19,3520.30,3547.80,3147.50,3157.10,20242.28955689
1710892800,2024-03-20,3157.00,3534.40,3059.00,3514.90,12679.49757379
1710979200,2024-03-21,3516.60,3586.60,3411.20,3492.00,15637.02931082
1711065600,2024-03-22,3492.80,3544.50,3251.70,3337.10,8126.06618222
1711152000,2024-03-23,3336.30,3434.70,3272.80,3333.80,2934.95113619
1711238400,2024-03-24,3329.70,3470.20,3300.80,3453.90,2194.45235743
1711324800,2024-03-25,3458.70,3661.70,3420.70,3591.60,11043.78048971
1711411200,2024-03-26,3593.60,3679.80,3545.60,3587.30,5623.57652418
1711497600,2024-03-27,3588.20,3663.90,3458.60,3498.80,5642.06394624
1711584000,2024-03-28,3498.70,3609.80,3463.80,3561.10,5918.32930728
1711670400,2024-03-29,3561.10,3585.60,3472.50,3511.60,4285.74730481
1711756800,2024-03-30,3513.10,3566.60,3488.90,3507.60,2917.69762384
1711843200,2024-03-31,3507.30,3654.20,3506.40,3645.60,3346.00281402
1711929600,2024-04-01,3644.90,3645.90,3414.00,3505.60,8883.13957671
1712016000,2024-04-02,3505.80,3507.60,3214.20,3279.00,9227.27832527
1712102400,2024-04-03,3281.30,3368.80,3204.90,3312.30,5113.40226201
1712188800,2024-04-04,3311.40,3445.50,3252.70,3329.30,7219.71841053
1712275200,2024-04-05,3329.60,3346.70,3211.00,3319.40,4310.05194634
1712361600,2024-04-06,3320.20,3399.00,3308.30,3352.50,1428.0564701
1712448000,2024-04-07,3352.30,3459.00,3345.50,3454.10,2924.1791427
1712534400,2024-04-08,3455.30,3727.90,3409.50,3693.80,8525.38737049
1712620800,2024-04-09,3695.50,3726.30,3451.80,3505.60,9009.00409635
1712707200,2024-04-10,3503.50,3563.60,3413.70,3545.60,7471.60602436
1712793600,2024-04-11,3546.20,3618.10,3474.20,3502.80,4346.68806754
1712880000,2024-04-12,3502.50,3553.10,3087.90,3240.20,7727.14108934
1712966400,2024-04-13,3237.50,3300.50,2845.00,3013.10,11392.69156496
1713052800,2024-04-14,3012.00,3173.90,2911.80,3159.40,9992.14258926
1713139200,2024-04-15,3159.00,3280.40,3028.50,3103.10,6084.1116362
1713225600,2024-04-16,3099.60,3126.50,2989.70,3085.20,3512.36273049
1713312000,2024-04-17,3085.60,3122.30,2915.00,2985.40,5196.48383231
1713398400,2024-04-18,2984.30,3097.50,2954.80,3066.20,9065.74812057
1713484800,2024-04-19,3065.80,3126.60,2867.40,3057.90,7170.67634637
1713571200,2024-04-20,3058.30,3171.90,3021.10,3157.80,2569.01541166
1713657600,2024-04-21,3154.60,3198.30,3118.00,3148.30,1910.29460183
1713744000,2024-04-22,3147.80,3236.50,3130.30,3201.50,2578.50064491
1713830400,2024-04-23,3201.60,3264.00,3154.40,3220.10,4664.66018453
1713916800,2024-04-24,3219.40,3293.10,3107.40,3139.50,10017.46773038
1714003200,2024-04-25,3136.50,3191.70,3075.00,3155.20,6200.45183328
1714089600,2024-04-26,3155.70,3166.60,3103.40,3130.50,3191.43438568
1714176000,2024-04-27,3132.20,3279.00,3069.00,3253.10,1986.49200755
1714262400,2024-04-28,3258.40,3355.00,3248.50,3263.00,4294.86010618
1714348800,2024-04-29,3262.60,3286.90,3118.10,3214.90,3832.89770617
1714435200,2024-04-30,3217.30,3249.80,2912.70,3011.60,5149.57695684
1714521600,2024-05-01,3011.80,3019.80,2815.20,2969.70,10520.01225519
1714608000,2024-05-02,2968.10,3016.00,2890.80,2986.10,3664.56315361
1714694400,2024-05-03,2987.00,3128.20,2959.50,3104.20,3427.96349127
1714780800,2024-05-04,3104.50,3166.30,3096.10,3117.50,2194.23357711
1714867200,2024-05-05,3117.50,3172.30,3075.50,3137.00,2297.81396786
1714953600,2024-05-06,3136.90,3221.50,3047.20,3062.70,5960.30200467
1715040000,2024-05-07,3062.90,3128.40,2999.70,3006.30,2707.48077454
1715126400,2024-05-08,3003.80,3037.10,2939.60,2973.60,6604.81740168
1715212800,2024-05-09,2973.30,3058.70,2950.40,3036.00,6987.56636105
1715299200,2024-05-10,3036.10,3053.20,2879.40,2909.40,5833.9147019
1715385600,2024-05-11,2908.80,2944.30,2886.40,2911.90,1211.4248027
1715472000,2024-05-12,2910.80,2953.50,2901.50,2928.00,2297.2852619
1715558400,2024-05-13,2927.90,2994.10,2864.80,2950.30,10638.55040899
1715644800,2024-05-14,2950.20,2959.30,2860.40,2880.70,3831.37845405
1715731200,2024-05-15,2882.10,3041.80,2864.40,3035.10,4883.34973149
1715817600,2024-05-16,3033.50,3041.80,2924.70,2945.50,3298.16726862
1715904000,2024-05-17,2945.30,3120.60,2933.70,3093.50,3368.73065463
1715990400,2024-05-18,3093.20,3144.80,3086.50,3123.40,1271.74423708
1716076800,2024-05-19,3124.50,3137.20,3054.00,3070.90,1747.70869107
1716163200,2024-05-20,3071.00,3692.50,3049.30,3662.10,20734.33707255
1716249600,2024-05-21,3667.40,3839.10,3626.70,3790.60,17988.38564616
1716336000,2024-05-22,3789.20,3812.00,3654.00,3736.40,10488.34750114
1716422400,2024-05-23,3741.20,3941.00,3531.00,3781.90,16497.21426015
1716508800,2024-05-24,3780.50,3826.10,3629.20,3727.20,5537.11676088
1716595200,2024-05-25,3727.20,3776.50,3708.80,3749.30,2221.17122322
1716681600,2024-05-26,3749.20,3881.60,3733.10,3824.60,3988.02914916
1716768000,2024-05-27,3824.30,3974.10,3822.30,3890.90,8446.31650348
1716854400,2024-05-28,3890.30,3925.80,3770.00,3840.60,4976.22383794
1716940800,2024-05-29,3843.10,3882.00,3741.80,3762.20,5106.33114472
1717027200,2024-05-30,3761.90,3823.90,3701.70,3747.00,3733.58981802
1717113600,2024-05-31,3747.90,3844.20,3722.00,3758.60,6116.90884907
1717200000,2024-06-01,3758.60,3830.00,3748.70,3813.20,1255.28560541
1717286400,2024-06-02,3814.50,3835.90,3751.20,3778.70,2468.39934828
1717372800,2024-06-03,3778.20,3849.60,3758.60,3766.30,2209.59953666
1717459200,2024-06-04,3765.20,3831.90,3729.60,3810.80,3504.32714616
1717545600,2024-06-05,3810.40,3887.90,3779.40,3864.80,4493.69282112
1717632000,2024-06-06,3866.20,3878.90,3759.50,3812.50,3579.81529033
1717718400,2024-06-07,3812.10,3838.80,3585.00,3676.80,7420.87459198
1717804800,2024-06-08,3672.50,3707.60,3660.00,3680.60,1297.66927154
1717891200,2024-06-09,3680.60,3721.00,3668.10,3706.00,908.34683514
1717977600,2024-06-10,3706.30,3712.70,3644.40,3666.20,2402.23850031
1718064000,2024-06-11,3666.10,3671.10,3430.00,3497.40,11175.58109541
1718150400,2024-06-12,3497.00,3655.90,3464.20,3558.70,5407.1578078
1718236800,2024-06-13,3558.90,3560.40,3427.00,3468.30,5909.88792014
1718323200,2024-06-14,3468.00,3530.00,3362.00,3480.40,5121.4037532
1718409600,2024-06-15,3479.60,3591.00,3471.10,3567.00,3482.42397685
1718496000,2024-06-16,3566.50,3650.00,3539.60,3622.20,7428.10633245
1718582400,2024-06-17,3622.20,3636.70,3464.50,3510.10,8191.05384789
1718668800,2024-06-18,3510.10,3516.10,3352.30,3483.20,5981.90007975
1718755200,2024-06-19,3482.20,3585.80,3465.40,3559.30,3852.44285304
1718841600,2024-06-20,3559.10,3623.70,3484.80,3511.00,5111.12246118
1718928000,2024-06-21,3510.90,3545.20,3446.00,3517.10,4434.03675798
1719014400,2024-06-22,3517.50,3519.70,3474.10,3494.20,1155.42636427
1719100800,2024-06-23,3494.10,3519.00,3405.30,3418.70,3178.64853532
1719187200,2024-06-24,3416.60,3432.40,3232.20,3350.30,10126.79741206
1719273600,2024-06-25,3350.40,3425.90,3335.10,3394.10,6165.95186477
1719360000,2024-06-26,3394.10,3425.20,3324.70,3369.20,3463.83395878
1719446400,2024-06-27,3369.40,3473.60,3359.60,3445.80,5686.66975414
1719532800,2024-06-28,3445.60,3485.50,3362.00,3373.80,4413.98402954
1719619200,2024-06-29,3375.20,3402.10,3366.90,3373.30,524.32988699
1719705600,2024-06-30,3372.30,3454.90,3347.70,3431.70,1351.0583822
1719792000,2024-07-01,3433.30,3516.50,3423.60,3440.50,6654.58008199
1719878400,2024-07-02,3439.70,3460.80,3397.60,3416.60,1411.40927941
1719964800,2024-07-03,3416.70,3426.40,3250.00,3291.70,3587.86647448
1720051200,2024-07-04,3292.80,3309.40,3051.80,3059.00,4587.21748441
1720137600,2024-07-05,3058.00,3107.20,2811.00,2982.20,10341.44046007
1720224000,2024-07-06,2981.80,3081.60,2956.60,3067.30,3148.19416139
1720310400,2024-07-07,3069.00,3072.90,2921.90,2930.60,2210.61113701
1720396800,2024-07-08,2930.50,3093.80,2824.00,3018.80,7019.90435308
1720483200,2024-07-09,3018.40,3111.80,3004.20,3066.80,7942.72203424
1720569600,2024-07-10,3066.30,3150.40,3025.90,3102.70,3896.56082548
1720656000,2024-07-11,3100.80,3213.60,3056.20,3098.70,3097.99668291
1720742400,2024-07-12,3099.50,3158.20,3048.90,3134.00,2324.81153794
1720828800,2024-07-13,3135.80,3202.10,3114.20,3176.60,1812.78863689
1720915200,2024-07-14,3177.60,3269.00,3164.60,3246.00,2290.08814031
1721001600,2024-07-15,3246.20,3494.20,3235.70,3485.90,5803.32641495
1721088000,2024-07-16,3485.20,3499.10,3350.00,3444.30,5371.75981862
1721174400,2024-07-17,3447.50,3517.20,3378.30,3387.50,3053.41695997
1721260800,2024-07-18,3387.20,3490.20,3368.50,3425.50,3164.03996812
1721347200,2024-07-19,3425.50,3541.50,3376.70,3506.20,6520.96798644
1721433600,2024-07-20,3506.20,3540.70,3481.70,3518.40,1084.70858423
1721520000,2024-07-21,3520.80,3546.30,3414.00,3536.10,1740.49038254
1721606400,2024-07-22,3537.00,3562.60,3426.00,3441.90,3232.88227265
1721692800,2024-07-23,3440.80,3540.20,3393.00,3483.50,9721.47405667
1721779200,2024-07-24,3483.40,3487.80,3299.90,3335.40,11798.27965452
1721865600,2024-07-25,3335.30,3340.90,3087.70,3174.20,9848.54839077
1721952000,2024-07-26,3174.70,3285.40,3171.00,3275.30,6350.80899525
1722038400,2024-07-27,3274.90,3327.10,3195.00,3247.10,1981.18377083
1722124800,2024-07-28,3248.30,3283.00,3201.00,3272.20,1250.56208716
1722211200,2024-07-29,3270.10,3396.20,3259.00,3319.40,6428.60923805
1722297600,2024-07-30,3320.90,3365.60,3234.00,3278.50,2354.27617541
1722384000,2024-07-31,3278.20,3348.20,3214.10,3230.90,4506.92049242
1722470400,2024-08-01,3231.70,3241.90,3077.00,3200.90,6916.35472759
1722556800,2024-08-02,3200.80,3215.30,2964.30,2986.20,5435.16440104
1722643200,2024-08-03,2986.10,3015.70,2859.90,2901.40,2967.81135787
1722729600,2024-08-04,2901.70,2930.90,2626.70,2688.60,5881.47005624
1722816000,2024-08-05,2687.80,2695.80,2112.00,2420.10,24458.20902487
1722902400,2024-08-06,2420.80,2555.00,2417.60,2463.00,6867.02743465
1722988800,2024-08-07,2461.70,2554.60,2310.10,2343.20,7011.88916416
1723075200,2024-08-08,2343.40,2724.50,2321.20,2683.90,9418.2359017
1723161600,2024-08-09,2683.50,2706.90,2554.10,2599.70,6152.86785276
1723248000,2024-08-10,2599.00,2643.60,2580.70,2610.20,986.63727709
1723334400,2024-08-11,2610.50,2720.70,2542.80,2555.50,8455.92050412
1723420800,2024-08-12,2553.00,2749.50,2511.00,2722.80,7183.6192705
1723507200,2024-08-13,2723.20,2738.10,2613.30,2703.40,5365.18567373
1723593600,2024-08-14,2703.70,2780.00,2636.20,2662.00,7430.63608876
1723680000,2024-08-15,2662.00,2675.00,2516.90,2569.50,5721.579930
1723766400,2024-08-16,2570.40,2630.40,2552.50,2593.20,2304.61099155
1723852800,2024-08-17,2593.60,2627.60,2588.30,2614.70,1055.69238683
1723939200,2024-08-18,2614.60,2686.50,2597.00,2611.40,3050.63501112
1724025600,2024-08-19,2611.00,2647.90,2565.60,2638.20,4628.04371184
1724112000,2024-08-20,2638.40,2696.50,2555.20,2572.90,6731.95114103
1724198400,2024-08-21,2572.50,2663.90,2537.00,2631.20,2884.67360633
1724284800,2024-08-22,2631.10,2644.90,2587.60,2623.10,2177.21148277
1724371200,2024-08-23,2623.80,2800.60,2622.40,2764.10,8586.20495716
1724457600,2024-08-24,2764.40,2820.50,2733.10,2769.00,3187.21895204
1724544000,2024-08-25,2769.60,2792.90,2735.50,2748.50,1754.98831923
1724630400,2024-08-26,2748.60,2763.10,2668.40,2680.90,4365.60238664
1724716800,2024-08-27,2680.80,2699.30,2395.30,2458.10,7013.50616575
1724803200,2024-08-28,2458.20,2554.60,2420.50,2528.30,8215.15364197
1724889600,2024-08-29,2528.40,2596.90,2505.80,2528.20,4924.91373688
1724976000,2024-08-30,2526.80,2551.20,2430.80,2525.30,5943.5246136
1725062400,2024-08-31,2525.80,2533.70,2492.50,2512.80,1225.42301444
1725148800,2024-09-01,2512.80,2515.80,2398.80,2425.90,2971.98063435
1725235200,2024-09-02,2423.60,2563.50,2423.60,2538.30,2997.73678329
1725321600,2024-09-03,2538.70,2552.00,2414.00,2422.30,3452.85094808
1725408000,2024-09-04,2425.80,2489.60,2307.60,2450.00,3792.51391982
1725494400,2024-09-05,2451.00,2465.70,2348.90,2367.30,3313.74210721
1725580800,2024-09-06,2367.90,2407.40,2150.00,2223.50,9389.21699786
1725667200,2024-09-07,2224.10,2310.10,2222.40,2273.00,1656.20812746
1725753600,2024-09-08,2273.00,2332.70,2244.50,2295.90,2081.06815685
1725840000,2024-09-09,2296.10,2381.00,2272.90,2360.10,8340.94744473
1725926400,2024-09-10,2360.20,2397.80,2323.00,2388.20,5429.17698755
1726012800,2024-09-11,2388.30,2388.90,2280.50,2340.50,3880.17543893
1726099200,2024-09-12,2339.90,2391.70,2315.80,2361.90,4900.51986046
1726185600,2024-09-13,2361.80,2464.80,2338.20,2441.80,8770.33396731
1726272000,2024-09-14,2441.30,2442.00,2378.00,2418.20,1897.12268901
1726358400,2024-09-15,2417.90,2430.60,2287.10,2317.30,3875.96166324
1726444800,2024-09-16,2313.40,2334.30,2254.60,2295.10,7212.4544075
1726531200,2024-09-17,2295.30,2393.80,2264.10,2341.40,6072.11299398
1726617600,2024-09-18,2342.00,2374.80,2278.50,2374.40,7968.54240178
1726704000,2024-09-19,2375.60,2495.20,2373.40,2465.10,9426.56042361
1726790400,2024-09-20,2466.20,2571.50,2438.60,2560.20,6099.11277992
1726876800,2024-09-21,2562.30,2623.40,2530.60,2614.50,1653.26969636
1726963200,2024-09-22,2614.00,2631.30,2529.30,2581.20,1170.04173125
1727049600,2024-09-23,2582.00,2703.80,2548.40,2646.80,4398.8065845
1727136000,2024-09-24,2647.10,2670.90,2593.00,2652.90,2298.9457455
1727222400,2024-09-25,2653.40,2672.60,2555.00,2579.60,2271.53056988
1727308800,2024-09-26,2580.00,2666.00,2560.10,2631.10,3664.0687497
1727395200,2024-09-27,2632.50,2728.20,2616.30,2696.00,6025.45718625
1727481600,2024-09-28,2695.60,2704.70,2651.80,2675.60,980.30660692
1727568000,2024-09-29,2676.40,2683.40,2635.00,2658.60,811.90783168
1727654400,2024-09-30,2655.30,2663.10,2576.00,2601.40,6354.51905728
1727740800,2024-10-01,2601.30,2657.10,2414.00,2448.70,6880.54638142
1727827200,2024-10-02,2446.30,2498.70,2352.00,2364.00,7130.83279748
1727913600,2024-10-03,2363.60,2401.30,2308.40,2350.30,4450.72554057
1728000000,2024-10-04,2350.10,2440.40,2339.10,2414.40,2593.09954104
1728086400,2024-10-05,2414.70,2426.90,2389.80,2414.70,821.33398979
1728172800,2024-10-06,2415.00,2455.60,2407.00,2439.90,3180.38371644
1728259200,2024-10-07,2439.50,2520.00,2403.60,2421.80,6700.63595299
1728345600,2024-10-08,2423.30,2463.90,2401.40,2439.60,2852.37612798
1728432000,2024-10-09,2439.10,2470.90,2348.80,2367.80,4514.39076846
1728518400,2024-10-10,2367.30,2418.50,2328.30,2384.20,4793.80601538
1728604800,2024-10-11,2384.20,2470.60,2379.90,2437.60,6438.18343207
1728691200,2024-10-12,2438.10,2489.10,2433.50,2475.90,2205.93360624
1728777600,2024-10-13,2475.90,2483.20,2436.40,2468.00,2215.11129936
1728864000,2024-10-14,2468.30,2652.90,2442.60,2629.30,10288.66495717
1728950400,2024-10-15,2628.60,2686.90,2537.70,2607.00,8414.70698569
1729036800,2024-10-16,2606.70,2645.30,2589.20,2610.60,6386.33817635
1729123200,2024-10-17,2611.20,2646.60,2575.00,2604.90,6217.1449507
1729209600,2024-10-18,2604.70,2675.30,2595.20,2641.70,6597.28749924
1729296000,2024-10-19,2640.70,2662.40,2631.00,2647.50,1004.65990668
1729382400,2024-10-20,2648.10,2757.80,2635.40,2746.10,2948.02968823
1729468800,2024-10-21,2746.10,2767.50,2654.50,2665.30,5609.74158116
1729555200,2024-10-22,2665.30,2670.20,2605.00,2620.90,4585.68777052
1729641600,2024-10-23,2621.10,2625.70,2450.00,2522.40,8699.47688783
1729728000,2024-10-24,2522.40,2558.60,2506.40,2533.90,9816.69507083
1729814400,2024-10-25,2534.10,2563.50,2379.90,2438.40,20834.16388951
1729900800,2024-10-26,2434.30,2502.60,2425.80,2479.60,5570.78849209
1729987200,2024-10-27,2479.50,2523.60,2460.70,2505.40,5000.56623543
1730073600,2024-10-28,2505.80,2587.00,2469.20,2564.90,10428.77872524
1730160000,2024-10-29,2565.30,2680.90,2559.50,2637.80,15203.58995517
1730246400,2024-10-30,2638.00,2720.80,2599.90,2657.70,10578.9752688
1730332800,2024-10-31,2657.70,2667.10,2500.00,2515.30,6285.40142902
1730419200,2024-11-01,2514.00,2585.00,2466.40,2510.50,6967.85444635
1730505600,2024-11-02,2510.10,2522.10,2469.70,2493.40,2636.0027636
1730592000,2024-11-03,2492.90,2495.40,2409.80,2456.50,5707.62425288
1730678400,2024-11-04,2456.60,2488.30,2356.90,2396.90,9759.28480692
1730764800,2024-11-05,2395.10,2478.90,2379.70,2421.80,5889.96110113
1730851200,2024-11-06,2422.30,2746.50,2421.50,2724.40,23962.81802088
1730937600,2024-11-07,2724.40,2920.40,2701.60,2896.40,20337.7499575
1731024000,2024-11-08,2897.80,2984.90,2887.20,2963.60,17742.76788938
1731110400,2024-11-09,2963.60,3158.00,2956.90,3128.40,7195.3848408
1731196800,2024-11-10,3127.90,3251.80,3070.90,3186.80,10657.4395866
1731283200,2024-11-11,3187.40,3391.30,3109.30,3375.80,14989.29630545
1731369600,2024-11-12,3376.00,3447.60,3210.80,3246.60,22064.661495
1731456000,2024-11-13,3247.50,3338.90,3121.40,3191.50,13120.11192508
1731542400,2024-11-14,3191.70,3241.80,3028.30,3059.50,7902.35613414
1731628800,2024-11-15,3057.70,3131.30,3015.30,3091.40,9037.94491005
1731715200,2024-11-16,3090.10,3215.50,3073.30,3134.10,2577.73574208
1731801600,2024-11-17,3135.50,3161.00,3039.00,3076.00,4486.60472209
1731888000,2024-11-18,3076.20,3225.00,3051.30,3209.40,9078.01925801
1731974400,2024-11-19,3209.50,3222.50,3070.40,3111.00,8855.7489573
1732060800,2024-11-20,3110.30,3161.30,3031.80,3072.50,8624.51156622
1732147200,2024-11-21,3072.30,3390.00,3005.80,3359.60,19030.48952062
1732233600,2024-11-22,3359.50,3429.20,3262.30,3331.50,16225.02864354
1732320000,2024-11-23,3332.00,3500.40,3316.40,3396.90,13199.82048779
1732406400,2024-11-24,3397.20,3451.20,3286.70,3363.60,4563.50490178
1732492800,2024-11-25,3365.70,3546.30,3305.70,3412.90,19832.88795246
1732579200,2024-11-26,3412.10,3461.70,3254.00,3323.00,19399.29540241
1732665600,2024-11-27,3323.60,3688.00,3303.70,3657.90,38439.51016473
1732752000,2024-11-28,3660.40,3665.10,3532.10,3579.30,18706.0240534
1732838400,2024-11-29,3579.30,3648.90,3538.30,3594.30,13646.58018213
1732924800,2024-11-30,3594.10,3740.00,3574.50,3706.30,8170.46454798
1733011200,2024-12-01,3706.10,3747.90,3661.90,3710.10,3377.91942952
1733097600,2024-12-02,3711.80,3761.70,3556.20,3645.10,19115.32504823
1733184000,2024-12-03,3644.70,3670.50,3500.70,3619.00,11655.04417816
1733270400,2024-12-04,3618.10,3900.00,3617.50,3844.20,30115.90877547
1733356800,2024-12-05,3844.00,3958.90,3672.00,3791.20,21516.11726829
1733443200,2024-12-06,3788.00,4097.40,3786.30,4006.70,12487.21970349
1733529600,2024-12-07,4004.70,4031.50,3974.30,4000.10,8347.93917896
1733616000,2024-12-08,3997.90,4017.90,3926.70,4007.40,3600.61311826
1733702400,2024-12-09,4008.20,4008.20,3490.10,3722.00,18375.80363864
1733788800,2024-12-10,3713.20,3782.70,3514.10,3630.70,10120.72760128
1733875200,2024-12-11,3630.40,3852.10,3566.10,3834.70,8124.20314755
1733961600,2024-12-12,3834.70,3989.70,3800.00,3882.80,8261.84458924
1734048000,2024-12-13,3882.60,3967.50,3855.00,3909.40,2311.91439124
1734134400,2024-12-14,3908.00,3944.60,3825.10,3870.80,1629.06669221
1734220800,2024-12-15,3869.70,3973.50,3832.80,3956.00,6102.62330505
1734307200,2024-12-16,3960.00,4108.40,3885.00,3988.80,9256.8188193
1734393600,2024-12-17,3991.20,4041.60,3849.20,3894.40,8166.52169664
1734480000,2024-12-18,3893.40,3906.50,3616.30,3625.60,10037.82402398
1734566400,2024-12-19,3624.90,3717.40,3325.00,3415.40,18087.90889899
1734652800,2024-12-20,3420.70,3497.80,3097.10,3471.30,15593.55754457
1734739200,2024-12-21,3468.80,3553.80,3292.60,3339.50,6104.77491319
1734825600,2024-12-22,3337.70,3398.60,3218.70,3278.40,6955.87698906
1734912000,2024-12-23,3278.40,3462.40,3217.00,3417.70,10495.99353028
1734998400,2024-12-24,3415.30,3537.30,3353.80,3492.30,4861.70601273
1735084800,2024-12-25,3489.10,3544.20,3439.60,3495.20,2714.00701748
1735171200,2024-12-26,3495.10,3510.50,3301.80,3332.10,7518.60837828
1735257600,2024-12-27,3331.10,3435.90,3303.10,3327.50,9215.15033727
1735344000,2024-12-28,3329.30,3421.00,3317.70,3398.70,4927.44482325
1735430400,2024-12-29,3399.90,3406.50,3317.40,3349.10,4550.97238543
1735516800,2024-12-30,3347.60,3429.80,3295.90,3355.60,10791.40666345
1735603200,2024-12-31,3355.70,3444.30,3311.10,3331.30,3348.95293915
1735689600,2025-01-01,3330.80,3366.60,3309.20,3354.40,4228.10345708
1735776000,2025-01-02,3353.70,3505.50,3348.40,3452.10,2789.76022283
1735862400,2025-01-03,3452.50,3628.70,3420.90,3605.10,4788.88041574
1735948800,2025-01-04,3609.20,3669.30,3572.00,3656.30,6450.48229644
1736035200,2025-01-05,3656.50,3674.30,3595.20,3635.50,2202.75091159
1736121600,2025-01-06,3635.90,3744.60,3611.00,3688.90,12564.22598646
1736208000,2025-01-07,3686.40,3699.40,3358.00,3380.90,6819.39614515
1736294400,2025-01-08,3379.70,3414.00,3207.10,3326.50,5139.15357633
1736380800,2025-01-09,3326.70,3356.30,3157.90,3219.40,4804.63612039
1736467200,2025-01-10,3219.00,3321.60,3198.30,3266.60,3103.38417813
1736553600,2025-01-11,3266.00,3317.70,3219.40,3282.60,2146.19308293
1736640000,2025-01-12,3282.20,3297.90,3223.00,3265.60,3139.63365749
1736726400,2025-01-13,3266.30,3336.40,2919.50,3137.00,20132.01885042
1736812800,2025-01-14,3137.60,3255.00,3127.10,3223.30,7130.09227863
1736899200,2025-01-15,3224.40,3474.30,3185.20,3452.20,8974.83508469
1736985600,2025-01-16,3451.50,3459.50,3265.70,3306.00,7294.17961204
1737072000,2025-01-17,3309.30,3526.70,3307.60,3474.60,8446.20936699
1737158400,2025-01-18,3475.50,3495.80,3227.00,3305.20,10814.37515587
1737244800,2025-01-19,3304.10,3445.30,3127.00,3211.80,15520.18956842
1737331200,2025-01-20,3210.10,3448.70,3140.50,3280.30,12670.28690966
1737417600,2025-01-21,3277.50,3368.30,3201.50,3327.60,9588.1192117
1737504000,2025-01-22,3330.50,3365.10,3222.10,3239.80,7676.30734227
1737590400,2025-01-23,3238.40,3346.60,3183.00,3339.10,6448.56804778
1737676800,2025-01-24,3341.40,3427.40,3275.90,3311.00,6021.69432698
1737763200,2025-01-25,3309.70,3350.00,3269.70,3317.90,2165.65298635
1737849600,2025-01-26,3320.90,3359.60,3229.50,3231.30,3371.92050419
1737936000,2025-01-27,3228.00,3251.50,3024.00,3181.90,16821.74301423
1738022400,2025-01-28,3181.70,3224.90,3039.00,3075.80,4970.19146861
1738108800,2025-01-29,3077.60,3181.10,3055.00,3114.20,4377.18334445
1738195200,2025-01-30,3114.30,3283.10,3092.20,3247.80,5651.86284548
1738281600,2025-01-31,3247.20,3437.90,3214.00,3300.10,8634.67643534
1738368000,2025-02-01,3299.50,3331.50,3101.60,3116.80,3380.51704713
1738454400,2025-02-02,3115.00,3162.50,2751.00,2869.10,14960.17996076
1738540800,2025-02-03,2869.60,2923.00,2118.00,2883.20,46609.82125989
1738627200,2025-02-04,2883.10,2891.40,2633.90,2731.40,28393.92306441
1738713600,2025-02-05,2731.50,2827.50,2700.10,2788.70,18123.51419583
1738800000,2025-02-06,2788.60,2857.00,2655.30,2687.00,18291.88811049
1738886400,2025-02-07,2687.40,2798.50,2564.20,2623.50,11100.25994478
1738972800,2025-02-08,2622.80,2666.80,2589.00,2633.00,38899.79906123
1739059200,2025-02-09,2633.20,2698.60,2524.00,2628.60,10286.47001115
1739145600,2025-02-10,2627.20,2693.60,2563.70,2661.70,6630.57754143
1739232000,2025-02-11,2661.60,2725.00,2560.50,2601.70,9253.95410812
1739318400,2025-02-12,2601.10,2795.00,2548.60,2738.00,11834.52128994
1739404800,2025-02-13,2738.90,2757.80,2613.60,2676.00,7220.42011177
1739491200,2025-02-14,2676.00,2792.20,2665.20,2725.70,6782.85041018
1739577600,2025-02-15,2726.60,2739.00,2666.50,2693.80,3019.37615668
1739664000,2025-02-16,2693.70,2725.70,2653.40,2661.60,2585.91038618
1739750400,2025-02-17,2660.80,2849.50,2638.50,2743.60,9503.76207414
1739836800,2025-02-18,2743.60,2756.10,2605.00,2670.10,13885.60442574
1739923200,2025-02-19,2670.10,2735.90,2655.50,2715.40,8287.12940417
1740009600,2025-02-20,2715.40,2770.20,2707.90,2738.50,5605.99824924
1740096000,2025-02-21,2738.60,2844.60,2614.90,2660.50,26490.31372739
1740182400,2025-02-22,2661.10,2797.70,2652.40,2763.40,12466.06041915
1740268800,2025-02-23,2763.40,2865.00,2746.00,2819.10,8957.1291272
1740355200,2025-02-24,2819.40,2838.80,2472.90,2513.20,21009.44104808
1740441600,2025-02-25,2513.30,2530.50,2317.40,2491.90,46561.30575615
1740528000,2025-02-26,2492.60,2503.60,2253.00,2332.20,9405.40196366
1740614400,2025-02-27,2333.50,2378.60,2229.00,2305.30,7994.74077255
1740700800,2025-02-28,2305.40,2312.00,2074.00,2235.80,31463.93049357
1740787200,2025-03-01,2236.80,2279.80,2143.40,2216.50,6972.21626315
1740873600,2025-03-02,2215.50,2551.40,2172.50,2518.10,30555.15144329
1740960000,2025-03-03,2518.30,2523.20,2093.10,2147.50,18407.265125
1741046400,2025-03-04,2146.90,2221.50,1990.60,2171.00,43071.7843738
1741132800,2025-03-05,2170.10,2272.20,2155.20,2241.50,15003.06031417
1741219200,2025-03-06,2240.80,2320.20,2176.90,2202.50,10370.70443928
1741305600,2025-03-07,2203.50,2258.00,2103.00,2140.80,12781.17804213
1741392000,2025-03-08,2138.10,2231.70,2108.30,2203.00,5774.89781721
1741478400,2025-03-09,2203.00,2211.20,1985.40,2019.60,18758.16731478
1741564800,2025-03-10,2020.10,2147.10,1810.00,1864.30,46885.14608239
1741651200,2025-03-11,1865.70,1961.80,1754.20,1922.20,18260.87095819
1741737600,2025-03-12,1923.00,1955.70,1829.30,1908.00,13624.31349027
1741824000,2025-03-13,1908.00,1918.70,1822.30,1863.70,12990.72169006
1741910400,2025-03-14,1864.00,1945.50,1825.40,1911.70,11385.63770475
1741996800,2025-03-15,1911.60,1956.60,1903.80,1937.40,2849.62443311
1742083200,2025-03-16,1937.40,1941.00,1862.20,1887.50,4459.44986594
1742169600,2025-03-17,1887.00,1951.90,1880.00,1926.40,7095.22207117
1742256000,2025-03-18,1926.40,1935.70,1873.20,1931.20,6596.81991577
1742342400,2025-03-19,1931.20,2070.50,1927.80,2056.80,13218.0099415
1742428800,2025-03-20,2058.20,2067.90,1952.10,1982.60,7623.60438191
1742515200,2025-03-21,1982.60,1995.40,1935.60,1965.20,6849.36225046
1742601600,2025-03-22,1965.20,2005.30,1964.10,1980.60,2334.53821043
1742688000,2025-03-23,1979.80,2020.00,1976.80,2005.90,3513.50239206
1742774400,2025-03-24,2003.70,2103.30,1978.40,2081.10,7216.48191181
1742860800,2025-03-25,2081.50,2095.10,2037.90,2066.50,5865.24931756
1742947200,2025-03-26,2066.80,2078.80,1981.50,2009.60,7990.14857374
1743033600,2025-03-27,2009.60,2037.10,1987.70,2003.20,8338.97576601
1743120000,2025-03-28,2003.10,2015.70,1859.20,1896.00,15001.63757727
1743206400,2025-03-29,1896.10,1911.90,1777.00,1827.20,4386.88795793
1743292800,2025-03-30,1827.80,1847.90,1768.10,1806.70,4706.47509827
1743379200,2025-03-31,1807.30,1852.70,1777.90,1821.80,6678.28183494
1743465600,2025-04-01,1821.00,1927.30,1817.90,1905.60,16098.34798024
1743552000,2025-04-02,1905.10,1952.90,1782.40,1795.40,18039.72924801
1743638400,2025-04-03,1794.70,1841.10,1750.00,1815.50,10657.92497237
1743724800,2025-04-04,1816.70,1834.50,1758.80,1815.70,4877.42414275
1743811200,2025-04-05,1816.50,1826.30,1763.10,1805.40,2436.62781501
1743897600,2025-04-06,1805.00,1815.70,1538.00,1579.20,31191.78263209
1743984000,2025-04-07,1580.00,1636.70,1411.20,1551.00,24242.44185708
1744070400,2025-04-08,1552.20,1617.50,1432.00,1471.90,18323.61124326
1744156800,2025-04-09,1472.30,1687.20,1385.70,1668.90,16415.58921175
1744243200,2025-04-10,1668.90,1668.90,1473.00,1521.60,11264.36924419
1744329600,2025-04-11,1521.10,1590.10,1505.20,1567.20,8344.91420013
1744416000,2025-04-12,1566.30,1668.50,1545.90,1643.90,8199.54633377
1744502400,2025-04-13,1643.90,1648.80,1563.10,1596.80,7213.28812904
1744588800,2025-04-14,1597.20,1690.50,1595.20,1623.70,10236.45743186
1744675200,2025-04-15,1623.60,1660.70,1585.00,1588.90,5496.20317648
1744761600,2025-04-16,1588.80,1613.20,1539.40,1576.90,8963.40290881
1744848000,2025-04-17,1577.20,1616.00,1564.20,1583.90,5755.7504112
1744934400,2025-04-18,1584.00,1600.50,1574.00,1588.40,3353.05391337
1745020800,2025-04-19,1588.40,1630.10,1585.00,1612.50,12323.12205937
1745107200,2025-04-20,1612.80,1618.50,1565.70,1587.40,17191.98129544
1745193600,2025-04-21,1587.40,1657.60,1563.80,1579.60,10951.66855345
1745280000,2025-04-22,1579.50,1777.90,1540.00,1756.70,22977.64845634
1745366400,2025-04-23,1757.20,1835.00,1746.00,1796.00,21854.48957473
1745452800,2025-04-24,1795.70,1802.90,1723.90,1770.10,8113.03864954
1745539200,2025-04-25,1770.50,1827.30,1740.00,1786.50,15863.41051755
1745625600,2025-04-26,1785.70,1841.10,1780.40,1821.00,3628.39412734
1745712000,2025-04-27,1821.10,1855.70,1783.90,1792.30,4641.97371388
1745798400,2025-04-28,1791.90,1828.00,1746.80,1800.20,10247.33553408
1745884800,2025-04-29,1801.00,1842.60,1781.60,1798.90,7794.04733939
1745971200,2025-04-30,1798.10,1816.90,1733.20,1794.00,6917.49954208
1746057600,2025-05-01,1794.10,1873.20,1792.70,1839.00,5500.69498464
1746144000,2025-05-02,1838.20,1870.00,1814.90,1843.00,3454.01490625
1746230400,2025-05-03,1842.10,1849.00,1811.00,1834.20,2079.99250199
1746316800,2025-05-04,1834.10,1849.40,1803.90,1808.70,1576.6278248
1746403200,2025-05-05,1808.30,1832.60,1783.20,1820.20,2954.98083819
1746489600,2025-05-06,1820.10,1820.30,1753.20,1816.40,3428.15622526
1746576000,2025-05-07,1816.80,1849.30,1788.00,1811.60,5599.89341779
1746662400,2025-05-08,1811.30,2225.00,1809.10,2208.40,21528.12424801
1746748800,2025-05-09,2206.80,2489.20,2184.60,2344.80,23224.94717748
1746835200,2025-05-10,2344.70,2600.00,2317.90,2585.20,11404.13028785
1746921600,2025-05-11,2584.50,2606.50,2437.10,2512.70,8248.44227895
1747008000,2025-05-12,2514.60,2624.50,2407.50,2495.50,13935.46530525
1747094400,2025-05-13,2495.50,2738.90,2415.90,2680.30,15759.77657271
1747180800,2025-05-14,2679.50,2720.00,2549.00,2610.20,6236.7682269
1747267200,2025-05-15,2610.10,2646.00,2478.80,2548.70,8208.43669006
1747353600,2025-05-16,2549.90,2649.00,2530.40,2536.50,10654.35987549
1747440000,2025-05-17,2537.40,2537.40,2447.50,2476.20,5332.48239231
1747526400,2025-05-18,2477.20,2587.70,2325.00,2499.60,11355.72938957
1747612800,2025-05-19,2499.40,2547.30,2349.50,2529.20,17878.45852162
1747699200,2025-05-20,2528.60,2587.90,2442.40,2524.60,10468.60291592
1747785600,2025-05-21,2525.70,2616.20,2454.00,2552.10,16841.32168338
1747872000,2025-05-22,2552.40,2692.20,2547.30,2665.80,9221.15160639
1747958400,2025-05-23,2663.30,2734.00,2500.00,2527.00,18363.7239836
1748044800,2025-05-24,2526.60,2576.50,2515.80,2531.10,3618.16177805
1748131200,2025-05-25,2531.70,2555.50,2465.40,2552.30,4611.29537686
1748217600,2025-05-26,2553.40,2600.60,2526.70,2564.80,4576.48725292
1748304000,2025-05-27,2564.60,2713.80,2512.00,2662.20,10990.15091589
1748390400,2025-05-28,2661.60,2690.00,2611.70,2682.30,7583.09985464
1748476800,2025-05-29,2682.50,2789.00,2619.60,2632.50,10677.61442778
1748563200,2025-05-30,2631.50,2648.00,2510.00,2532.20,7092.30057631
1748649600,2025-05-31,2531.00,2551.80,2479.70,2529.40,4944.78743593
1748736000,2025-06-01,2529.40,2548.60,2464.50,2539.20,4924.797122
1748822400,2025-06-02,2540.30,2616.80,2476.60,2608.60,10673.40970075
1748908800,2025-06-03,2608.90,2657.30,2581.60,2594.90,17682.41367392
1748995200,2025-06-04,2593.80,2680.00,2585.30,2609.00,6467.36888073
1749081600,2025-06-05,2609.10,2643.00,2391.80,2415.50,19126.15599191
1749168000,2025-06-06,2415.30,2531.90,2385.10,2478.10,12306.90397619
1749254400,2025-06-07,2478.30,2546.10,2458.90,2525.90,3504.0011013
1749340800,2025-06-08,2526.00,2549.00,2494.40,2510.70,3017.60975039
1749427200,2025-06-09,2510.10,2695.00,2479.00,2681.30,9173.70531171
1749513600,2025-06-10,2681.10,2827.50,2656.70,2816.70,20178.65213652
1749600000,2025-06-11,2816.30,2880.30,2743.90,2772.50,8603.41906721
1749686400,2025-06-12,2772.20,2784.60,2618.00,2645.20,10752.2086165
1749772800,2025-06-13,2644.10,2644.20,2439.90,2580.30,15394.45813599
1749859200,2025-06-14,2579.90,2580.30,2490.90,2532.50,6864.43535832
1749945600,2025-06-15,2532.90,2559.30,2489.90,2548.00,6088.3250986
1750032000,2025-06-16,2548.50,2681.10,2516.20,2537.40,15051.6983003
1750118400,2025-06-17,2545.20,2618.10,2436.40,2509.90,12297.18095434
1750204800,2025-06-18,2510.40,2548.60,2466.50,2524.70,8277.00193526
1750291200,2025-06-19,2525.50,2546.90,2485.50,2521.30,7123.09160244
1750377600,2025-06-20,2522.20,2569.40,2366.70,2407.60,10760.83101385
1750464000,2025-06-21,2407.20,2448.60,2218.60,2295.70,8342.74756191
1750550400,2025-06-22,2299.10,2313.90,2115.60,2229.10,12266.32588463
1750636800,2025-06-23,2228.60,2439.20,2190.30,2413.60,15428.36638874
1750723200,2025-06-24,2413.90,2482.80,2379.10,2449.80,13204.6090905
1750809600,2025-06-25,2449.90,2468.30,2392.00,2419.90,7011.15276738
1750896000,2025-06-26,2420.30,2521.10,2395.50,2417.30,8556.22919316
1750982400,2025-06-27,2417.10,2465.80,2384.50,2424.30,16999.53988151
1751068800,2025-06-28,2424.60,2448.80,2407.30,2437.10,3219.58916709
1751155200,2025-06-29,2437.70,2525.00,2413.90,2501.40,4676.79070189
1751241600,2025-06-30,2501.50,2523.60,2432.60,2486.00,11587.75069262
1751328000,2025-07-01,2486.10,2500.90,2385.10,2405.70,6001.78809559
1751414400,2025-07-02,2405.70,2619.00,2374.60,2571.50,19856.5207118
1751500800,2025-07-03,2571.30,2636.80,2558.20,2592.00,9313.85482264
1751587200,2025-07-04,2592.50,2603.30,2475.40,2508.70,7508.12442036
1751673600,2025-07-05,2508.60,2529.40,2488.80,2517.00,3746.59640069
1751760000,2025-07-06,2517.90,2605.50,2504.20,2571.00,4376.35239509
1751846400,2025-07-07,2571.30,2590.50,2514.40,2542.60,6248.68963325
1751932800,2025-07-08,2542.30,2628.50,2523.80,2616.10,11791.97049633
1752019200,2025-07-09,2616.70,2795.50,2591.00,2769.90,11441.42033862
1752105600,2025-07-10,2769.90,3000.70,2756.50,2951.10,19432.92244765
1752192000,2025-07-11,2951.40,3039.70,2915.10,2959.30,15819.26022818
1752278400,2025-07-12,2959.40,2980.60,2905.50,2944.20,6978.51784678
1752364800,2025-07-13,2944.60,3020.90,2937.40,2973.70,7812.23326278
1752451200,2025-07-14,2974.10,3082.50,2965.00,3014.70,14080.16027539
1752537600,2025-07-15,3014.60,3143.20,2927.20,3140.00,13511.28545575
1752624000,2025-07-16,3138.60,3425.00,3101.80,3373.20,20910.01338521
1752710400,2025-07-17,3373.00,3526.80,3312.00,3480.00,20382.55428181
1752796800,2025-07-18,3479.80,3676.20,3463.50,3549.00,26152.97553951
1752883200,2025-07-19,3549.60,3610.60,3509.80,3593.90,4958.57405858
1752969600,2025-07-20,3594.40,3825.70,3581.90,3758.50,11699.65715015
1753056000,2025-07-21,3759.40,3859.30,3704.00,3763.30,11228.19942368
1753142400,2025-07-22,3765.60,3799.80,3620.00,3748.30,10997.98562468
1753228800,2025-07-23,3748.30,3765.70,3529.80,3630.30,14989.89186717
1753315200,2025-07-24,3629.70,3773.50,3508.20,3708.00,16214.47285694
1753401600,2025-07-25,3708.80,3746.40,3576.50,3725.80,16387.48816914
1753488000,2025-07-26,3725.70,3794.30,3679.90,3741.60,4981.68399556
1753574400,2025-07-27,3744.10,3880.30,3733.30,3874.00,4817.07014426
1753660800,2025-07-28,3870.10,3940.50,3751.20,3797.80,15617.71588355
1753747200,2025-07-29,3799.10,3884.90,3716.90,3793.40,8408.47928041
1753833600,2025-07-30,3792.90,3833.30,3675.80,3809.00,8447.66698284
1753920000,2025-07-31,3807.40,3878.30,3684.70,3698.20,7538.9498291
1754006400,2025-08-01,3698.00,3723.10,3428.90,3487.40,16910.53774965
1754092800,2025-08-02,3486.50,3536.70,3368.00,3392.70,11113.99489299
1754179200,2025-08-03,3392.70,3521.70,3355.90,3497.50,5633.45993919
1754265600,2025-08-04,3497.70,3737.40,3491.80,3721.20,10680.60656487
1754352000,2025-08-05,3721.20,3721.20,3539.00,3611.00,10394.91989189
1754438400,2025-08-06,3611.30,3698.40,3563.70,3683.60,10682.52559133
1754524800,2025-08-07,3683.30,3927.90,3648.40,3911.20,22871.31650674
1754611200,2025-08-08,3911.20,4070.00,3881.00,4009.80,48506.01816913
1754697600,2025-08-09,4010.40,4325.60,4007.40,4262.80,29811.35902308
1754784000,2025-08-10,4262.80,4332.70,4159.50,4251.60,17911.36294681
1754870400,2025-08-11,4251.60,4365.80,4165.50,4224.20,23008.43374654
1754956800,2025-08-12,4224.20,4638.30,4220.00,4590.50,31154.30477584
1755043200,2025-08-13,4590.20,4786.10,4565.70,4751.70,37880.03072745
1755129600,2025-08-14,4751.20,4791.50,4455.00,4550.90,47526.73319793
1755216000,2025-08-15,4550.80,4671.60,4370.90,4444.10,25475.7230879
1755302400,2025-08-16,4443.40,4493.70,4376.80,4424.20,14122.29950434
1755388800,2025-08-17,4425.10,4578.10,4398.70,4475.70,12144.05781523
1755475200,2025-08-18,4475.00,4483.60,4228.80,4315.90,22545.96560456
1755561600,2025-08-19,4315.90,4355.40,4067.60,4075.50,28195.77837615
1755648000,2025-08-20,4075.80,4378.80,4064.10,4335.40,20875.28252728
1755734400,2025-08-21,4335.10,4339.80,4204.30,4224.30,14523.67505376
1755820800,2025-08-22,4223.70,4885.40,4207.00,4829.60,28047.68484409
1755907200,2025-08-23,4829.50,4829.50,4658.70,4776.80,16451.25539111
1755993600,2025-08-24,4776.60,4955.30,4708.60,4779.60,14304.59525246
1756080000,2025-08-25,4780.90,4797.10,4336.90,4378.00,21727.6411538
1756166400,2025-08-26,4376.50,4633.30,4314.30,4601.10,19381.22311202
1756252800,2025-08-27,4602.10,4663.30,4479.10,4508.30,14507.26815703
1756339200,2025-08-28,4507.70,4633.00,4430.00,4512.50,13782.10932581
1756425600,2025-08-29,4512.40,4517.00,4259.60,4359.60,21854.44231346
1756512000,2025-08-30,4361.00,4415.10,4258.90,4374.40,5653.98175383
1756598400,2025-08-31,4374.10,4498.20,4374.00,4393.10,14569.26685117
1756684800,2025-09-01,4391.60,4491.20,4212.20,4315.00,11617.94104845
1756771200,2025-09-02,4314.80,4416.50,4257.70,4326.30,15770.23639377
1756857600,2025-09-03,4326.70,4492.10,4283.50,4452.80,14886.64257151
1756944000,2025-09-04,4452.70,4483.90,4265.90,4297.80,15951.21989903
1757030400,2025-09-05,4298.10,4490.90,4127.80,4307.30,26897.28867233
1757116800,2025-09-06,4307.20,4328.70,4238.20,4274.00,6834.15651212
1757203200,2025-09-07,4274.30,4335.00,4270.90,4306.10,6035.98580702
1757289600,2025-09-08,4304.60,4383.90,4278.40,4306.10,9296.48941827
1757376000,2025-09-09,4306.10,4381.60,4277.50,4310.00,10110.70851293
1757462400,2025-09-10,4309.90,4453.90,4285.10,4350.00,14635.43523364
1757548800,2025-09-11,4350.40,4481.00,4339.80,4460.80,13226.23558063
1757635200,2025-09-12,4460.90,4749.90,4452.40,4715.10,19433.22783933
1757721600,2025-09-13,4715.20,4768.60,4607.80,4669.10,7273.91998208
1757808000,2025-09-14,4669.10,4694.10,4580.50,4605.90,4185.85665145
1757894400,2025-09-15,4605.90,4671.20,4465.00,4524.80,12183.93850312
1757980800,2025-09-16,4524.50,4539.00,4426.10,4502.70,9846.70628156
1758067200,2025-09-17,4502.70,4618.80,4380.00,4592.30,20764.24652727
1758153600,2025-09-18,4592.50,4645.60,4555.20,4589.60,14349.89080414
1758240000,2025-09-19,4589.60,4621.70,4439.00,4471.10,12688.91860474
1758326400,2025-09-20,4471.00,4511.30,4456.40,4482.30,6781.7373112
1758412800,2025-09-21,4482.30,4500.40,4417.80,4447.80,5216.30221064
1758499200,2025-09-22,4446.30,4457.90,4059.20,4202.60,23180.99477042
1758585600,2025-09-23,4202.60,4231.50,4117.50,4165.30,14124.65607495
1758672000,2025-09-24,4165.30,4208.10,4075.20,4153.90,11501.8802245
1758758400,2025-09-25,4154.30,4162.40,3820.00,3874.60,43358.81857781
1758844800,2025-09-26,3876.10,4070.90,3869.70,4034.40,21003.5143355
1758931200,2025-09-27,4034.30,4040.30,3974.80,4019.50,5531.88619625
1759017600,2025-09-28,4020.70,4146.30,3964.44,4144.67,6379.74823974
1759104000,2025-09-29,4143.89,4238.75,4077.55,4218.84,14979.979599
1759190400,2025-09-30,4218.84,4249.38,4093.67,4145.29,12878.267524
1759276800,2025-10-01,4146.07,4356.46,4124.39,4350.78,17990.960831
1759363200,2025-10-02,4350.33,4529.64,4335.10,4487.79,18136.972938
1759449600,2025-10-03,4487.36,4595.53,4431.95,4515.84,16291.549895
1759536000,2025-10-04,4515.53,4521.69,4443.21,4490.24,6104.459594
1759622400,2025-10-05,4490.61,4619.33,4469.60,4515.02,10866.243784
1759708800,2025-10-06,4515.02,4738.43,4490.42,4685.98,19778.768990
1759795200,2025-10-07,4685.98,4758.23,4428.83,4449.38,29034.369726
1759881600,2025-10-08,4450.20,4559.30,4412.73,4527.76,22824.809383
1759968000,2025-10-09,4527.48,4532.78,4268.95,4371.00,19828.026183
1760054400,2025-10-10,4371.11,4396.47,3436.29,3836.70,39280.014590
1760140800,2025-10-11,3835.40,3887.53,3648.48,3749.86,31171.107655
1760227200,2025-10-12,3751.07,4201.45,3698.97,4156.76,31117.407031
1760313600,2025-10-13,4156.59,4295.78,4041.32,4244.29,19546.936456
1760400000,2025-10-14,4244.29,4266.99,3891.80,4126.87,41125.443820
1760486400,2025-10-15,4126.73,4218.45,3930.07,3987.34,19438.434913
1760572800,2025-10-16,3987.34,4087.11,3827.11,3895.15,14352.553451
1760659200,2025-10-17,3894.85,3950.52,3675.37,3832.92,32083.845216
1760745600,2025-10-18,3833.57,3928.64,3820.51,3890.28,7097.334042
1760832000,2025-10-19,3890.31,4032.77,3822.68,3984.53,13499.337474
1760918400,2025-10-20,3983.66,4085.52,3910.62,3980.61,12441.846056
1761004800,2025-10-21,3980.57,4112.73,3841.30,3874.98,24040.261565
1761091200,2025-10-22,3874.96,3891.06,3710.23,3805.51,20706.770321
1761177600,2025-10-23,3805.80,3935.43,3796.87,3858.48,10699.448266
1761264000,2025-10-24,3859.64,4025.06,3847.48,3935.92,11900.198039
1761350400,2025-10-25,3935.80,3969.11,3913.55,3954.59,3501.312252
1761436800,2025-10-26,3954.58,4181.20,3920.50,4159.00,9336.146128
1761523200,2025-10-27,4158.79,4253.16,4095.31,4119.95,16993.351215
1761609600,2025-10-28,4119.76,4175.34,3933.63,3980.06,12201.920636
1761696000,2025-10-29,3979.43,4036.83,3840.00,3905.40,16103.123822
1761782400,2025-10-30,3905.49,3949.27,3678.14,3804.28,26509.852824
1761868800,2025-10-31,3804.73,3904.55,3795.85,3846.42,13531.110485
1761955200,2025-11-01,3846.42,3907.14,3830.01,3873.37,3706.198072
1762041600,2025-11-02,3872.28,3916.92,3838.66,3906.45,6679.958593
1762128000,2025-11-03,3905.69,3913.43,3550.00,3603.10,20231.042358
1762214400,2025-11-04,3602.93,3652.66,3057.81,3286.17,39934.624411
1762300800,2025-11-05,3285.90,3480.38,3166.63,3424.61,19751.995455
1762387200,2025-11-06,3422.93,3456.02,3243.62,3312.96,19815.053429
1762473600,2025-11-07,3313.43,3472.24,3192.40,3434.41,20788.248058
1762560000,2025-11-08,3434.88,3483.40,3355.31,3400.25,8909.805364
1762646400,2025-11-09,3401.59,3620.85,3357.89,3582.64,12288.400466
1762732800,2025-11-10,3581.68,3658.44,3506.45,3566.11,20911.493090
1762819200,2025-11-11,3566.12,3646.78,3403.81,3415.62,15725.641424
1762905600,2025-11-12,3415.80,3587.77,3370.21,3413.49,21520.260204
1762992000,2025-11-13,3413.61,3564.81,3152.92,3229.53,27007.008670
1763078400,2025-11-14,3229.25,3255.46,3068.19,3110.03,37121.991953
1763164800,2025-11-15,3110.01,3228.11,3108.49,3165.95,10199.131603
1763251200,2025-11-16,3165.95,3246.40,3003.33,3093.01,24817.432329
1763337600,2025-11-17,3092.80,3219.98,2955.78,3027.40,25815.686058
1763424000,2025-11-18,3027.86,3168.07,2944.18,3121.73,30837.202366
1763510400,2025-11-19,3121.72,3123.18,2870.11,3022.54,30170.841990
1763596800,2025-11-20,3022.20,3059.96,2788.14,2830.99,36031.647896
1763683200,2025-11-21,2830.71,2882.60,2621.04,2763.70,43600.159922
1763769600,2025-11-22,2763.71,2797.04,2702.47,2768.51,12977.629494
1763856000,2025-11-23,2768.20,2856.83,2762.65,2800.93,14870.718461
1763942400,2025-11-24,2800.10,2983.87,2761.98,2952.40,26565.693639
1764028800,2025-11-25,2952.48,2978.73,2855.63,2958.57,22521.039093
1764115200,2025-11-26,2958.54,3044.23,2887.97,3026.39,21113.313121
1764201600,2025-11-27,3026.38,3070.83,2985.97,3014.73,10583.585753
1764288000,2025-11-28,3014.92,3098.37,2993.99,3031.85,21441.571020
1764374400,2025-11-29,3031.48,3053.08,2963.49,2989.63,8943.644967
1764460800,2025-11-30,2989.63,3052.17,2977.04,2992.08,5189.756446
1764547200,2025-12-01,2991.65,2998.79,2716.35,2798.35,23037.020666
1764633600,2025-12-02,2798.49,3034.40,2782.02,2996.88,23720.073754
1764720000,2025-12-03,2996.88,3216.79,2986.69,3189.25,19453.234575
1764806400,2025-12-04,3189.26,3240.58,3034.29,3133.78,15758.629901
1764892800,2025-12-05,3133.77,3193.70,2974.72,3022.28,20284.995477
1764979200,2025-12-06,3022.28,3068.76,3013.26,3038.84,5226.900770
1765065600,2025-12-07,3038.53,3150.05,2914.11,3060.05,12978.283203
1765152000,2025-12-08,3060.56,3180.00,3041.34,3124.69,13025.396604
1765238400,2025-12-09,3124.69,3397.04,3091.18,3318.73,15723.942135
1765324800,2025-12-10,3318.51,3449.83,3250.00,3325.02,15995.711791
1765411200,2025-12-11,3324.29,3327.91,3146.36,3237.65,21814.011637
1765497600,2025-12-12,3237.64,3266.07,3044.88,3084.96,19500.691211
1765584000,2025-12-13,3085.27,3135.68,3079.00,3115.26,7555.134373
1765670400,2025-12-14,3114.55,3130.00,3028.09,3061.44,43066.620177
1765756800,2025-12-15,3062.20,3176.06,2894.22,2964.01,33631.809346
1765843200,2025-12-16,2964.00,2980.68,2874.74,2961.95,12659.938937
1765929600,2025-12-17,2961.80,3029.12,2790.02,2832.23,23104.220794
1766016000,2025-12-18,2832.53,2994.95,2773.07,2826.95,21255.100186
1766102400,2025-12-19,2826.64,3018.06,2805.86,2978.04,22085.369383
1766188800,2025-12-20,2978.04,2992.53,2966.39,2976.71,5888.748813
1766275200,2025-12-21,2976.86,3011.40,2936.32,3001.15,10355.529254
1766361600,2025-12-22,3001.15,3075.71,2962.66,3006.60,18500.410023
1766448000,2025-12-23,3007.31,3033.77,2900.06,2962.80,12480.573189
1766534400,2025-12-24,2963.62,2975.67,2881.62,2945.08,6871.536942
1766620800,2025-12-25,2944.92,2968.52,2888.95,2902.62,7136.771981
1766707200,2025-12-26,2901.02,2990.95,2892.89,2925.54,11424.212621
1766793600,2025-12-27,2926.01,2958.37,2916.16,2946.49,3568.514972
1766880000,2025-12-28,2946.65,2957.48,2924.30,2948.39,4444.780849
1766966400,2025-12-29,2948.56,3052.29,2907.53,2934.77,15356.358757
1767052800,2025-12-30,2934.39,3004.66,2914.44,2970.08,11383.556926
1767139200,2025-12-31,2969.80,3022.28,2956.33,2966.62,13150.435905
1767225600,2026-01-01,2966.79,3005.76,2966.43,2999.96,4557.607447
1767312000,2026-01-02,2999.96,3148.51,2920.00,3124.11,30207.948736
1767398400,2026-01-03,3124.11,3134.80,3075.26,3125.51,5922.810808
1767484800,2026-01-04,3124.89,3165.24,3116.52,3143.19,6606.702891
1767571200,2026-01-05,3143.03,3263.84,3133.62,3224.99,17296.818975
1767657600,2026-01-06,3224.99,3307.17,3181.60,3295.39,14079.234945
1767744000,2026-01-07,3295.40,3295.40,3123.35,3165.48,19982.309147
1767830400,2026-01-08,3165.48,3180.84,3050.53,3103.48,22643.128532
1767916800,2026-01-09,3103.48,3144.43,3048.50,3083.79,24718.742574
1768003200,2026-01-10,3083.79,3099.26,3074.20,3081.71,29100.815311
1768089600,2026-01-11,3081.71,3142.21,3080.06,3117.95,30627.313116
1768176000,2026-01-12,3117.94,3166.55,3063.14,3091.79,26653.161851
1768262400,2026-01-13,3091.65,3374.39,3088.34,3323.28,22359.624247
1768348800,2026-01-14,3323.28,3403.20,3279.17,3354.74,27133.364936
1768435200,2026-01-15,3354.41,3382.90,3272.65,3317.96,12749.060047
1768521600,2026-01-16,3317.97,3326.01,3251.31,3294.78,11338.123121
1768608000,2026-01-17,3294.79,3328.65,3282.50,3308.84,3407.219598
1768694400,2026-01-18,3308.84,3367.15,3277.26,3282.84,4002.044165
1768780800,2026-01-19,3282.83,3283.20,3163.05,3186.89,13092.647856
1768867200,2026-01-20,3186.64,3198.01,2874.77,2936.45,26951.270728
1768953600,2026-01-21,2936.75,3067.07,2863.42,2979.74,18647.938388
1769040000,2026-01-22,2979.57,3035.58,2901.76,2949.11,10102.795283
1769126400,2026-01-23,2949.11,3016.20,2888.77,2953.03,11023.157918
1769212800,2026-01-24,2953.03,2966.02,2940.08,2948.87,2142.928000
1769299200,2026-01-25,2948.87,2955.53,2784.10,2813.95,13808.871576
1769385600,2026-01-26,2813.69,2947.77,2809.62,2926.66,17112.055672
1769472000,2026-01-27,2926.95,3031.24,2896.52,3022.13,14586.393094
1769558400,2026-01-28,3022.96,3041.04,2980.00,3006.22,9258.667303
1769644800,2026-01-29,3006.32,3008.67,2750.42,2817.69,16872.813162
1769731200,2026-01-30,2818.07,2824.03,2632.94,2702.79,23322.651955
1769817600,2026-01-31,2702.79,2709.91,2243.91,2449.23,60310.897172
1769904000,2026-02-01,2449.23,2473.26,2220.95,2267.39,29660.426966
1769990400,2026-02-02,2268.02,2394.02,2155.75,2343.79,40486.511938
1770076800,2026-02-03,2345.00,2357.42,2107.62,2230.64,34729.606961
1770163200,2026-02-04,2230.63,2292.44,2072.81,2143.89,40024.737337
1770249600,2026-02-05,2143.44,2169.84,1811.39,1823.69,50114.188201
1770336000,2026-02-06,1823.69,2091.10,1741.79,2061.45,63261.829349
1770422400,2026-02-07,2061.69,2119.96,1993.56,2086.09,21502.030174
1770508800,2026-02-08,2086.39,2149.86,2064.71,2088.28,13052.500070
1770595200,2026-02-09,2088.27,2145.56,2004.68,2103.86,18344.552037
1770681600,2026-02-10,2103.86,2123.01,1987.99,2021.61,20993.456472
1770768000,2026-02-11,2021.56,2030.96,1902.17,1940.61,28441.058036
1770854400,2026-02-12,1939.87,1999.97,1893.91,1945.89,14624.703068
1770940800,2026-02-13,1945.58,2072.03,1923.21,2048.43,16987.944981
1771027200,2026-02-14,2047.80,2106.27,2041.75,2085.78,8877.462257
1771113600,2026-02-15,2085.14,2102.44,1928.11,1965.37,19699.773163
1771200000,2026-02-16,1965.67,2021.72,1934.31,1997.28,13408.757225
1771286400,2026-02-17,1997.41,2014.69,1940.28,1990.59,17826.003106
1771372800,2026-02-18,1990.89,2037.76,1923.06,1955.70,17897.822758
1771459200,2026-02-19,1955.32,1986.69,1906.40,1947.99,14232.708473
1771545600,2026-02-20,1947.98,1980.69,1922.81,1968.03,14814.478168
1771632000,2026-02-21,1968.01,1994.98,1956.07,1973.50,6084.518732
1771718400,2026-02-22,1972.92,1982.55,1934.68,1957.14,6601.245172
1771804800,2026-02-23,1956.89,1957.57,1837.24,1855.72,25522.502087
1771891200,2026-02-24,1855.72,1868.60,1799.82,1851.87,19471.797792
1771977600,2026-02-25,1852.13,2147.39,1846.67,2057.57,65625.849132
1772064000,2026-02-26,2057.91,2083.31,1975.46,2027.79,25224.307854
1772150400,2026-02-27,2027.79,2063.28,1886.12,1929.74,30749.071285
1772236800,2026-02-28,1929.59,1985.19,1835.90,1965.10,30897.647261
1772323200,2026-03-01,1964.79,2054.85,1907.80,1939.31,24497.412443
1772409600,2026-03-02,1939.70,2091.60,1920.94,2027.23,24766.827494
1772496000,2026-03-03,2027.25,2041.06,1928.65,1983.00,21747.715437
1772582400,2026-03-04,1982.69,2200.00,1945.42,2127.94,23851.251318
1772668800,2026-03-05,2128.31,2164.18,2055.38,2073.32,14622.460487
1772755200,2026-03-06,2073.33,2093.72,1956.00,1978.35,10249.022588
1772841600,2026-03-07,1979.03,1995.43,1948.48,1969.49,3561.690444
1772928000,2026-03-08,1969.70,1979.87,1913.73,1937.41,11408.513837
1773014400,2026-03-09,1937.27,2053.96,1929.78,1993.81,12969.581212
1773100800,2026-03-10,1992.31,2088.72,1991.26,2037.27,12933.467276
1773187200,2026-03-11,2037.12,2086.28,2008.05,2052.88,8665.778283
1773273600,2026-03-12,2052.22,2095.16,2019.34,2073.87,7833.175576
1773360000,2026-03-13,2072.71,2209.60,2070.32,2093.56,18629.405284
1773446400,2026-03-14,2091.84,2105.98,2062.39,2096.73,3200.132931
1773532800,2026-03-15,2096.64,2202.96,2083.89,2178.45,8174.660311
1773619200,2026-03-16,2178.79,2386.03,2165.31,2352.77,20967.788959
1773705600,2026-03-17,2352.72,2376.21,2297.09,2318.08,15250.299383
1773792000,2026-03-18,2318.40,2350.31,2153.65,2203.21,12101.724996
1773878400,2026-03-19,2203.29,2233.88,2099.40,2137.73,11051.898232
1773964800,2026-03-20,2138.61,2176.67,2116.85,2146.24,8334.426599
1774051200,2026-03-21,2146.76,2167.37,2070.82,2084.08,2961.362121
1774137600,2026-03-22,2083.39,2126.77,2025.68,2052.91,8232.915743
1774224000,2026-03-23,2054.85,2196.10,2022.40,2151.67,15323.214097
1774310400,2026-03-24,2152.18,2175.06,2102.60,2155.69,7871.392866
1774396800,2026-03-25,2155.69,2199.40,2146.15,2168.15,8462.093125
1774483200,2026-03-26,2168.92,2171.25,2032.87,2059.07,9279.628799
1774569600,2026-03-27,2058.80,2075.57,1965.77,1990.66,9660.503557
1774656000,2026-03-28,1990.86,2043.28,1981.44,1993.46,6074.400089
1774742400,2026-03-29,1992.87,2017.86,1937.45,1982.53,6026.283163
1774828800,2026-03-30,1983.48,2082.95,1978.90,2024.42,8049.341199
1774915200,2026-03-31,2024.55,2121.64,2010.72,2103.32,11568.229142
1775001600,2026-04-01,2102.54,2167.19,2080.77,2139.54,9669.752252
1775088000,2026-04-02,2139.96,2158.88,2016.53,2056.79,10278.118082
1775174400,2026-04-03,2057.43,2081.11,2040.85,2053.47,3519.789341
1775260800,2026-04-04,2052.71,2083.18,2044.56,2065.44,2745.098380
1775347200,2026-04-05,2064.94,2121.79,2021.85,2109.34,6144.391401
1775433600,2026-04-06,2109.45,2174.11,2088.18,2107.24,11308.174788
1775520000,2026-04-07,2106.41,2272.73,2060.46,2240.32,10826.417166
1775606400,2026-04-08,2239.71,2270.55,2179.68,2190.75,9517.491571
1775692800,2026-04-09,2189.10,2246.40,2157.36,2189.89,7600.485717
1775779200,2026-04-10,2188.25,2263.50,2176.66,2246.28,14451.882796
1775865600,2026-04-11,2246.30,2330.21,2230.51,2285.57,9008.435081
1775952000,2026-04-12,2285.14,2289.25,2176.64,2191.94,8283.467834
1776038400,2026-04-13,2191.71,2395.00,2175.85,2370.70,10456.083164
1776124800,2026-04-14,2370.16,2416.81,2304.36,2323.52,13746.930875
1776211200,2026-04-15,2323.04,2386.66,2310.00,2359.58,7796.729168
1776297600,2026-04-16,2360.35,2369.43,2285.42,2349.20,10064.949296
1776384000,2026-04-17,2348.83,2465.85,2318.20,2421.73,16720.854971
1776470400,2026-04-18,2419.73,2428.31,2340.41,2351.14,5613.162005
1776556800,2026-04-19,2351.14,2355.98,2253.41,2263.62,7687.243505
1776643200,2026-04-20,2263.97,2347.86,2261.20,2315.49,10216.703579
1776729600,2026-04-21,2315.25,2340.46,2284.98,2328.22,8277.164103
1776816000,2026-04-22,2327.90,2424.29,2313.80,2375.20,14998.280198
1776902400,2026-04-23,2375.20,2382.42,2285.59,2331.08,9794.659518
1776988800,2026-04-24,2331.08,2337.54,2301.05,2315.94,6307.559592
1777075200,2026-04-25,2315.41,2323.42,2301.49,2319.76,1789.778911
1777161600,2026-04-26,2320.03,2380.85,2307.21,2370.19,7326.207848
1777248000,2026-04-27,2373.26,2404.57,2248.00,2303.39,9374.850777
1777334400,2026-04-28,2303.62,2310.87,2257.97,2289.53,9555.126155
1777420800,2026-04-29,2289.16,2346.33,2219.09,2252.51,7709.676238
1777507200,2026-04-30,2252.15,2278.20,2231.03,2256.40,5256.364593
1777593600,2026-05-01,2256.76,2326.29,2256.56,2295.45,5907.975929
1777680000,2026-05-02,2295.38,2341.88,2293.36,2316.71,2615.988474
1777766400,2026-05-03,2316.72,2356.31,2297.75,2322.28,3825.684319
1777852800,2026-05-04,2322.44,2398.75,2308.93,2346.68,13949.996863
1777939200,2026-05-05,2347.13,2399.54,2345.04,2361.25,10250.439122
1778025600,2026-05-06,2360.40,2423.84,2337.51,2350.90,8220.086419
1778112000,2026-05-07,2350.70,2352.48,2279.03,2290.86,7064.041138
1778198400,2026-05-08,2291.13,2321.02,2264.42,2307.10,7215.614509
1778284800,2026-05-09,2307.04,2337.88,2299.45,2327.17,2042.082172
1778371200,2026-05-10,2326.07,2382.28,2312.25,2371.03,4136.651586
1778457600,2026-05-11,2371.77,2374.68,2302.09,2339.53,5497.218188
1778544000,2026-05-12,2339.52,2340.07,2255.85,2274.73,10242.019953
1778630400,2026-05-13,2274.43,2322.81,2233.41,2257.98,5552.876635
1778716800,2026-05-14,2257.31,2319.37,2237.77,2282.88,9458.563744
1778803200,2026-05-15,2283.05,2299.80,2203.91,2222.97,8835.274031
1778889600,2026-05-16,2223.33,2230.40,2161.82,2179.39,3933.808836
1778976000,2026-05-17,2180.28,2197.61,2089.43,2130.32,3945.348664
1779062400,2026-05-18,2129.71,2156.44,2076.40,2128.68,7522.352352
1779148800,2026-05-19,2129.96,2144.74,2093.20,2110.20,5944.919419
1779235200,2026-05-20,2109.76,2147.39,2101.33,2127.42,5407.478769
1779321600,2026-05-21,2127.61,2155.11,2103.14,2131.52,7359.819908
1779408000,2026-05-22,2131.68,2139.39,2055.43,2064.20,7341.975810
1779494400,2026-05-23,2063.71,2147.14,2007.15,2115.00,15482.542589
1779580800,2026-05-24,2115.23,2128.68,2060.04,2097.18,5371.988009
1779667200,2026-05-25,2098.04,2140.28,2090.04,2111.34,5450.443910
1779753600,2026-05-26,2111.82,2137.94,2052.63,2070.98,9547.677285
1779840000,2026-05-27,2071.56,2093.64,2012.52,2022.02,6765.312700
1779926400,2026-05-28,2022.02,2027.07,1964.18,2007.14,13914.295714
1780012800,2026-05-29,2006.82,2042.97,1973.84,2011.74,13909.337366
1780099200,2026-05-30,2011.71,2029.10,1999.50,2019.18,3836.885885
1780185600,2026-05-31,2019.53,2034.55,1991.43,2004.00,5099.887095
1780272000,2026-06-01,2004.07,2018.52,1954.24,2004.05,14446.560949
1780358400,2026-06-02,2004.06,2004.19,1837.30,1857.44,24190.492903
1780444800,2026-06-03,1857.43,1890.06,1768.72,1810.35,21703.495011
1780531200,2026-06-04,1810.46,1818.25,1715.54,1768.77,26273.555282
1780617600,2026-06-05,1768.67,1772.78,1539.63,1583.20,50122.018328
1780704000,2026-06-06,1582.92,1600.87,1505.12,1569.20,16150.663558
1780790400,2026-06-07,1569.07,1720.36,1563.62,1689.48,11126.783341
1780876800,2026-06-08,1689.57,1713.68,1644.42,1689.82,14662.681279
1780963200,2026-06-09,1689.37,1696.16,1613.34,1638.35,15543.505944
1781049600,2026-06-10,1638.35,1666.22,1603.03,1620.41,10396.241867
1781136000,2026-06-11,1619.97,1691.50,1619.97,1671.82,10267.069052
1781222400,2026-06-12,1671.82,1689.81,1649.82,1665.45,7669.312404
1781308800,2026-06-13,1665.54,1696.29,1661.40,1680.47,4573.285003
1781395200,2026-06-14,1680.46,1731.02,1654.15,1724.68,4671.349172
1781481600,2026-06-15,1724.76,1848.51,1708.57,1795.38,13576.784861
1781568000,2026-06-16,1795.01,1837.82,1757.99,1791.27,9239.010313
1781654400,2026-06-17,1791.86,1808.50,1724.65,1748.89,13233.146758
1781740800,2026-06-18,1749.33,1761.28,1669.84,1709.75,11461.322935
1781827200,2026-06-19,1709.24,1717.11,1677.49,1709.50,7300.040405
1781913600,2026-06-20,1709.49,1747.82,1702.46,1738.94,6729.475059
1782000000,2026-06-21,1738.86,1738.98,1699.62,1704.86,7729.615932
1782086400,2026-06-22,1705.11,1777.56,1705.11,1726.40,10703.790224
1782172800,2026-06-23,1725.86,1734.26,1634.64,1665.14,10719.159335
1782259200,2026-06-24,1665.27,1688.93,1551.12,1619.79,14984.616612
1782345600,2026-06-25,1619.93,1657.18,1531.14,1565.24,14402.003657
1782432000,2026-06-26,1565.61,1592.09,1510.11,1576.59,15634.553289
1782518400,2026-06-27,1576.35,1608.64,1560.90,1571.55,4641.052787
1782604800,2026-06-28,1571.62,1586.13,1546.70,1569.53,4507.910345
1782691200,2026-06-29,1569.47,1634.19,1548.57,1610.69,12160.228168
1782777600,2026-06-30,1610.72,1611.67,1547.90,1569.74,14945.932762
1782864000,2026-07-01,1569.74,1643.71,1550.89,1607.78,9625.141529
1782950400,2026-07-02,1607.81,1722.57,1595.37,1698.41,18608.614497
1783036800,2026-07-03,1698.44,1773.45,1692.86,1757.13,15583.594565
1783123200,2026-07-04,1756.32,1805.99,1742.62,1779.16,9541.933403
1783209600,2026-07-05,1779.14,1806.34,1746.97,1784.30,8144.283360
1783296000,2026-07-06,1784.57,1832.00,1727.81,1798.39,10999.565540
1783382400,2026-07-07,1798.41,1810.60,1755.49,1770.19,8632.045741
1783468800,2026-07-08,1770.34,1783.51,1711.48,1742.22,9051.490260
1783555200,2026-07-09,1742.06,1760.37,1720.55,1744.01,7326.749026
1783641600,2026-07-10,1743.62,1810.01,1736.40,1795.72,12112.981932
1783728000,2026-07-11,1795.73,1828.23,1785.81,1786.81,9684.535789
1783814400,2026-07-12,1786.70,1825.37,1778.65,1805.51,5938.616897
1783900800,2026-07-13,1805.67,1844.16,1748.34,1774.22,13348.626296
1783987200,2026-07-14,1774.55,1894.94,1771.28,1890.22,17902.832232
1784073600,2026-07-15,1890.77,1944.80,1863.34,1916.90,16470.917939
1784160000,2026-07-16,1916.87,1927.65,1856.04,1863.03,14744.102153
1784246400,2026-07-17,1863.39,1869.36,1801.73,1840.66,16137.261861
1784332800,2026-07-18,1840.66,1866.30,1836.31,1861.82,3574.446848
1784419200,2026-07-19,1861.81,1877.27,1850.70,1871.02,4618.934445
1784505600,2026-07-20,1871.16,1916.76,1841.71,1903.48,17050.612012
1784592000,2026-07-21,1903.32,1951.01,1899.58,1929.06,15667.222562
1784678400,2026-07-22,1929.06,1955.51,1909.63,1933.32,14531.094615
1784764800,2026-07-23,1933.53,1940.59,1867.37,1877.02,20854.493310
1784851200,2026-07-24,1877.03,1908.24,1846.02,1860.08,19965.202071
1784937600,2026-07-25,1859.88,1875.19,1849.33,1873.17,5166.314373
1785024000,2026-07-26,1872.99,1965.00,1872.39,1953.23,14754.556072
1785110400,2026-07-27,1953.24,1980.00,1881.26,1890.81,24046.215874
1785196800,2026-07-28,1890.79,1926.73,1855.79,1920.05,21151.835599
1785283200,2026-07-29,1919.79,1931.04,1872.00,1908.26,13842.559633
1785369600,2026-07-30,1908.22,1934.98,1891.77,1916.64,11739.035706
1785456000,2026-07-31,1916.64,1934.26,1846.43,1860.65,15544.010487
1785542400,2026-08-01,1860.55,1873.59,1820.33,1843.12,5361.629550
1785628800,2026-08-02,1843.34,1896.19,1842.12,1882.07,10000.394427
1785715200,2026-08-03,1883.40,1883.99,1827.00,1858.81,13799.262637
1785801600,2026-08-04,1859.03,1880.01,1846.88,1868.46,9626.244869
1785888000,2026-08-05,1868.22,1925.98,1854.07,1907.10,14392.719646
1785974400,2026-08-06,1907.22,1917.88,1890.45,1902.68,8167.469850
1786060800,2026-08-07,1902.24,1940.66,1892.60,1913.17,13238.958102
1786147200,2026-08-08,1913.16,1925.33,1911.45,1915.42,4473.648911
1786233600,2026-08-09,1915.41,1936.11,1905.89,1909.07,4662.009590
1786320000,2026-08-10,1909.07,1929.31,1866.07,1871.26,12840.250547
1786406400,2026-08-11,1871.26,1896.24,1852.16,1881.27,11616.260753
1786492800,2026-08-12,1880.07,1923.00,1870.94,1877.67,14755.659026
1786579200,2026-08-13,1877.50,1898.01,1862.00,1884.37,13152.085305
1786665600,2026-08-14,1884.37,1889.45,1862.04,1880.41,9650.349568
1786752000,2026-08-15,1880.41,1884.92,1874.11,1880.97,2072.547567
1786838400,2026-08-16,1880.96,1890.43,1867.50,1874.00,4169.158944
1786924800,2026-08-17,1874.01,1916.93,1870.61,1912.09,12681.618367
1787011200,2026-08-18,1912.09,1921.33,1883.91,1916.52,9690.243505
1787097600,2026-08-19,1916.52,2336.09,1904.91,2252.01,48645.086193
1787184000,2026-08-20,2251.69,2358.00,2222.06,2325.97,26768.514197
1787270400,2026-08-21,2326.16,2546.31,2324.15,2515.55,37238.199215
1787356800,2026-08-22,2515.77,2529.16,2385.26,2422.88,22306.149940
1787443200,2026-08-23,2424.06,2484.73,2356.33,2462.75,20426.077889
1787529600,2026-08-24,2463.45,2532.32,2424.93,2482.17,28254.415535
1787616000,2026-08-25,2482.10,2532.75,2415.05,2442.73,17822.734473
1787702400,2026-08-26,2442.94,2515.49,2432.01,2506.81,10361.854381
1787788800,2026-08-27,2506.82,2566.00,2481.71,2511.47,11652.638536
1787875200,2026-08-28,2511.47,2536.48,2405.31,2442.62,23106.984960
1787961600,2026-08-29,2442.50,2459.96,2430.72,2457.63,3190.753477
1788048000,2026-08-30,2457.88,2534.12,2387.07,2417.05,8247.747856
1788134400,2026-08-31,2415.83,2488.99,2401.08,2467.04,10404.167472
1788220800,2026-09-01,2465.54,2484.34,2382.71,2417.28,11329.714968
1788307200,2026-09-02,2417.37,2426.76,2355.47,2390.97,9252.153217
1788393600,2026-09-03,2390.65,2529.59,2369.60,2507.62,12207.214213
1788480000,2026-09-04,2507.46,2546.17,2430.53,2456.16,10960.834669
1788566400,2026-09-05,2456.31,2495.89,2445.02,2480.59,5311.650339
1788652800,2026-09-06,2480.51,2525.00,2461.50,2514.52,8242.886756
1788739200,2026-09-07,2514.86,2535.41,2466.18,2489.71,11568.687580
1788825600,2026-09-08,2489.39,2507.19,2440.19,2484.96,12854.270302
1788912000,2026-09-09,2484.98,2523.11,2443.00,2467.68,13257.086097
1788998400,2026-09-10,2467.37,2483.73,2404.53,2437.18,13748.521359
1789084800,2026-09-11,2437.16,2663.41,2434.03,2515.42,24660.676898
1789171200,2026-09-12,2515.97,2545.19,2508.78,2525.30,7851.811578
1789257600,2026-09-13,2525.29,2526.59,2461.69,2476.54,8004.316143
1789344000,2026-09-14,2476.01,2613.99,2464.90,2515.81,20569.066706
1789430400,2026-09-15,2515.74,2519.40,2357.01,2396.30,23320.598131
1789516800,2026-09-16,2396.50,2427.85,2367.00,2416.12,15525.361026
1789603200,2026-09-17,2416.50,2480.82,2411.67,2445.26,12179.176745
1789689600,2026-09-18,2445.11,2646.30,2435.19,2611.38,25246.267954
1789776000,2026-09-19,2612.41,2667.79,2602.49,2631.80,8558.558847
1789862400,2026-09-20,2631.69,2648.63,2563.28,2644.56,6492.681663
1789948800,2026-09-21,2643.89,2806.89,2643.69,2775.81,19175.095011
1790035200,2026-09-22,2775.22,2776.66,2715.70,2753.21,10482.310035
1790121600,2026-09-23,2752.82,2787.56,2635.62,2684.33,8297.017441
1790208000,2026-09-24,2684.12,2704.84,2627.44,2687.12,9151.255518
1790294400,2026-09-25,2687.57,2742.87,2667.11,2691.45,7846.683016
1790380800,2026-09-26,2691.46,2697.34,2664.36,2696.07,2473.486689
1790467200,2026-09-27,2695.77,2722.14,2669.23,2687.20,3981.157609
1790553600,2026-09-28,2688.07,2719.08,2635.00,2687.58,10135.786537
1790640000,2026-09-29,2687.62,2747.87,2651.31,2677.22,9458.627242
1790726400,2026-09-30,2677.33,2737.45,2656.85,2684.81,9689.794372
1790812800,2026-10-01,2684.17,2720.28,2672.36,2705.60,8387.276637
1790899200,2026-10-02,2704.83,2777.00,2650.52,2668.04,11984.543657
1790985600,2026-10-03,2668.04,2689.44,2665.01,2686.93,1928.559486
1791072000,2026-10-04,2686.93,2738.99,2685.69,2726.79,4736.738593
1791158400,2026-10-05,2726.21,2736.90,2694.06,2704.81,3948.566233
