timestamp,date,open,high,low,close,volume
1514764800,2018-01-01,1.97074,2.09000,1.81000,2.03999,28494038.92162645
1514851200,2018-01-02,2.03400,2.19500,1.90980,2.18196,47250447.47484391
1514937600,2018-01-03,2.17650,2.84999,2.15000,2.72430,90882383.28663955
1515024000,2018-01-04,2.72500,3.31700,2.51234,2.72997,113983592.04251641
1515110400,2018-01-05,2.72724,3.06000,2.15777,2.51661,91422075.97918487
1515196800,2018-01-06,2.51659,2.84900,2.44001,2.64408,32621788.94076716
1515283200,2018-01-07,2.64234,2.80000,2.53010,2.75064,21660807.84247435
1515369600,2018-01-08,2.75799,2.78289,1.90000,2.39999,60736280.29371107
1515456000,2018-01-09,2.39996,2.47800,1.90000,2.04110,57735631.58552228
1515542400,2018-01-10,2.04109,2.11999,1.61000,1.94300,90014066.95749079
1515628800,2018-01-11,1.94300,2.25000,1.56000,1.91668,121700711.03881523
1515715200,2018-01-12,1.91667,2.14838,1.79786,2.01400,46230053.21068516
1515801600,2018-01-13,2.00700,2.11899,1.95000,1.99000,21377252.39652585
1515888000,2018-01-14,1.99000,1.99864,1.76000,1.82430,20473578.69703875
1515974400,2018-01-15,1.82665,1.87000,1.62861,1.64813,18030332.39544309
1516060800,2018-01-16,1.64813,1.67800,0.87000,1.18139,170048885.26642300
1516147200,2018-01-17,1.18138,1.38900,0.87000,1.30200,195921613.94627044
1516233600,2018-01-18,1.29849,1.74000,1.23001,1.58788,124880342.52159441
1516320000,2018-01-19,1.58000,1.69998,1.45477,1.53797,54546678.22128821
1516406400,2018-01-20,1.53798,1.63300,1.46400,1.57176,28559392.47054877
1516492800,2018-01-21,1.56964,1.57200,1.30900,1.36494,39588968.87465525
1516579200,2018-01-22,1.36348,1.42089,1.13000,1.33700,58462893.58574450
1516665600,2018-01-23,1.33812,1.44653,1.17889,1.34366,54330864.30070059
1516752000,2018-01-24,1.34366,1.42000,1.28601,1.36000,28283194.67798537
1516838400,2018-01-25,1.35225,1.37900,1.26953,1.30203,17036378.66225527
1516924800,2018-01-26,1.29703,1.32000,1.09897,1.20938,40712760.53179579
1517011200,2018-01-27,1.20759,1.24001,1.18000,1.21899,13654988.37238845
1517097600,2018-01-28,1.21451,1.38900,1.21009,1.35000,18441508.11448944
1517184000,2018-01-29,1.34722,1.35612,1.24000,1.26221,16975824.99236467
1517270400,2018-01-30,1.25870,1.26349,1.06898,1.09781,40098202.37909577
1517356800,2018-01-31,1.09781,1.15000,1.00000,1.12304,27943616.38306310
1517443200,2018-02-01,1.12647,1.12999,0.86850,0.94185,54259270.88785332
1517529600,2018-02-02,0.93601,0.95800,0.63252,0.89389,127492880.64985524
1517616000,2018-02-03,0.89389,1.01915,0.77252,0.96061,45892101.38491642
1517702400,2018-02-04,0.95501,0.96500,0.77500,0.81537,36814679.78617506
1517788800,2018-02-05,0.81025,0.83618,0.63601,0.67646,84906673.43471574
1517875200,2018-02-06,0.67390,0.78950,0.56270,0.76149,113106295.89259426
1517961600,2018-02-07,0.76149,0.82500,0.69500,0.71449,42437431.37549109
1518048000,2018-02-08,0.71030,0.78874,0.70903,0.77770,32540681.76417828
1518134400,2018-02-09,0.78013,0.92990,0.74000,0.92000,56479645.07466629
1518220800,2018-02-10,0.92000,1.22961,0.90204,1.02314,88638824.94024542
1518307200,2018-02-11,1.02314,1.03800,0.88751,0.96300,43788029.18178050
1518393600,2018-02-12,0.95900,1.07800,0.95212,1.04479,33309022.58774406
1518480000,2018-02-13,1.04146,1.04799,0.96201,0.98760,20280187.82818193
1518566400,2018-02-14,0.98400,1.15600,0.97807,1.13489,36970129.11313465
1518652800,2018-02-15,1.13489,1.14400,1.07256,1.10800,29657377.45851844
1518739200,2018-02-16,1.10800,1.12666,1.06512,1.11964,14676344.10701429
1518825600,2018-02-17,1.11746,1.20000,1.10790,1.18100,21927985.38152180
1518912000,2018-02-18,1.17631,1.18100,1.04384,1.06900,26396288.05718132
1518998400,2018-02-19,1.06900,1.13500,1.06480,1.11000,9092215.44090952
1519084800,2018-02-20,1.11000,1.13175,1.00980,1.02623,19132539.86327612
1519171200,2018-02-21,1.02546,1.04500,0.93600,0.95092,25665368.52385062
1519257600,2018-02-22,0.94990,1.00167,0.86013,0.89001,31698156.21381477
1519344000,2018-02-23,0.89006,0.98669,0.85112,0.93616,24564243.62813808
1519430400,2018-02-24,0.93753,0.97000,0.87000,0.90001,13913311.73112445
1519516800,2018-02-25,0.90001,0.92500,0.87500,0.90327,9345067.63068843
1519603200,2018-02-26,0.90044,0.94460,0.87500,0.92614,13850013.47940876
1519689600,2018-02-27,0.92787,0.96000,0.91612,0.92738,10701388.56912882
1519776000,2018-02-28,0.92872,0.94612,0.88010,0.88500,12270675.30464832
1519862400,2018-03-01,0.88339,0.94900,0.87500,0.91500,11989278.55085160
1519948800,2018-03-02,0.91184,0.92000,0.88400,0.89813,7825939.51105271
1520035200,2018-03-03,0.89700,0.91500,0.88799,0.89570,9337591.39716559
1520121600,2018-03-04,0.89570,1.04900,0.88252,1.00489,27611570.03291130
1520208000,2018-03-05,1.00448,1.08399,0.93900,0.94237,45819864.16118423
1520294400,2018-03-06,0.94120,0.98000,0.88851,0.90153,33251911.45721559
1520380800,2018-03-07,0.90000,0.91330,0.78428,0.85147,33686330.85074873
1520467200,2018-03-08,0.85309,0.87400,0.79500,0.80470,18334032.31817892
1520553600,2018-03-09,0.80437,0.84210,0.73333,0.82678,31601794.42772602
1520640000,2018-03-10,0.82479,0.84230,0.76884,0.77628,11214565.15512236
1520726400,2018-03-11,0.77628,0.83300,0.75000,0.81815,13161926.28230434
1520812800,2018-03-12,0.81621,0.83296,0.76253,0.78063,14170345.42092887
1520899200,2018-03-13,0.78035,0.79879,0.75000,0.77816,11277515.30519200
1520985600,2018-03-14,0.77850,0.79150,0.65555,0.68844,35039112.13572863
1521072000,2018-03-15,0.68737,0.72685,0.62681,0.68680,31126018.38573320
1521158400,2018-03-16,0.68500,0.70930,0.66150,0.67751,15792068.04132262
1521244800,2018-03-17,0.67792,0.68408,0.61500,0.62800,15515334.95900053
1521331200,2018-03-18,0.62644,0.69000,0.53750,0.64950,48698958.63762394
1521417600,2018-03-19,0.64950,0.72420,0.62692,0.71920,37305556.11332750
1521504000,2018-03-20,0.71920,0.71920,0.66000,0.69867,36128974.38446524
1521590400,2018-03-21,0.69949,0.70800,0.66050,0.68008,22605778.88808659
1521676800,2018-03-22,0.68008,0.69000,0.62390,0.65130,23045541.25950336
1521763200,2018-03-23,0.65205,0.65321,0.60662,0.64050,14528181.84143681
1521849600,2018-03-24,0.64169,0.67693,0.62810,0.63057,13316407.14903852
1521936000,2018-03-25,0.62983,0.65407,0.62010,0.63355,12304018.11285498
1522022400,2018-03-26,0.63496,0.63853,0.57423,0.58435,26189603.07190532
1522108800,2018-03-27,0.58719,0.60190,0.55703,0.57032,19252275.25581825
1522195200,2018-03-28,0.57081,0.58798,0.56600,0.57201,9861354.90470353
1522281600,2018-03-29,0.57184,0.57369,0.49501,0.50279,31800030.52152899
1522368000,2018-03-30,0.50082,0.52720,0.47000,0.49815,33920250.05960682
1522454400,2018-03-31,0.49804,0.52200,0.49231,0.50122,11966874.25216139
1522540800,2018-04-01,0.50121,0.50709,0.45351,0.47816,17818814.25782379
1522627200,2018-04-02,0.47833,0.50413,0.47170,0.49350,9598215.21785042
1522713600,2018-04-03,0.49370,0.55191,0.49078,0.54700,19707846.86515984
1522800000,2018-04-04,0.54700,0.55300,0.48490,0.49080,20362949.29596688
1522886400,2018-04-05,0.49150,0.49800,0.47550,0.48837,16184056.84192175
1522972800,2018-04-06,0.48837,0.49452,0.45900,0.47252,10617031.00466342
1523059200,2018-04-07,0.47252,0.49568,0.47129,0.48400,10789382.24372576
1523145600,2018-04-08,0.48439,0.50100,0.48400,0.49621,8935455.64623591
1523232000,2018-04-09,0.49626,0.51300,0.47475,0.48646,11101516.35894619
1523318400,2018-04-10,0.48633,0.49411,0.47636,0.49063,7794684.61907911
1523404800,2018-04-11,0.49045,0.55600,0.48526,0.53957,13834596.63363614
1523491200,2018-04-12,0.53885,0.66356,0.50300,0.63976,51092626.09036643
1523577600,2018-04-13,0.64205,0.70789,0.61300,0.64261,43740942.91050333
1523664000,2018-04-14,0.64261,0.67325,0.62200,0.63949,12733271.52596694
1523750400,2018-04-15,0.64001,0.69670,0.63949,0.69314,13725828.16251533
1523836800,2018-04-16,0.69408,0.69600,0.63531,0.66199,14650291.51114987
1523923200,2018-04-17,0.66281,0.68500,0.65000,0.65446,15773554.04696869
1524009600,2018-04-18,0.65426,0.72894,0.65200,0.71257,20701264.68488389
1524096000,2018-04-19,0.71310,0.78867,0.70178,0.78141,20354801.04277886
1524182400,2018-04-20,0.78266,0.93777,0.78141,0.92350,59239602.73687081
1524268800,2018-04-21,0.92283,0.92300,0.79933,0.86618,38305644.31053080
1524355200,2018-04-22,0.86472,0.91442,0.83789,0.86032,17906929.37513712
1524441600,2018-04-23,0.86249,0.88500,0.84001,0.87304,21678094.46132782
1524528000,2018-04-24,0.87470,0.96490,0.86622,0.92284,37240351.30348845
1524614400,2018-04-25,0.92057,0.92677,0.76500,0.79499,61410209.68869576
1524700800,2018-04-26,0.79346,0.85000,0.76000,0.84622,25225119.08207482
1524787200,2018-04-27,0.84560,0.86197,0.80050,0.80494,12688527.74132080
1524873600,2018-04-28,0.80497,0.89000,0.79993,0.86186,18080659.52343003
1524960000,2018-04-29,0.86186,0.90623,0.82500,0.86537,17119973.86329491
1525046400,2018-04-30,0.86537,0.87500,0.81999,0.83090,8529145.87951403
1525132800,2018-05-01,0.83084,0.83887,0.78155,0.83447,14779374.78180803
1525219200,2018-05-02,0.83288,0.86500,0.82158,0.85623,12589534.74404994
1525305600,2018-05-03,0.85756,0.89000,0.83795,0.87800,14300915.41924778
1525392000,2018-05-04,0.87816,0.92500,0.85290,0.88665,18202275.14423918
1525478400,2018-05-05,0.88665,0.92240,0.88615,0.89701,11257884.26969050
1525564800,2018-05-06,0.89701,0.90974,0.83900,0.85796,13893499.16231068
1525651200,2018-05-07,0.85665,0.86172,0.80000,0.82386,16239592.05211376
1525737600,2018-05-08,0.82252,0.84479,0.79000,0.80478,10277211.76771112
1525824000,2018-05-09,0.80374,0.81656,0.75451,0.79252,12117224.25313633
1525910400,2018-05-10,0.79252,0.80400,0.74480,0.74800,11535602.46335178
1525996800,2018-05-11,0.74830,0.75480,0.65000,0.67789,38291356.20090107
1526083200,2018-05-12,0.67764,0.71000,0.63200,0.68422,18600245.46426769
1526169600,2018-05-13,0.68422,0.74656,0.66600,0.72889,12948920.95940930
1526256000,2018-05-14,0.72889,0.74998,0.69100,0.72660,15591497.12390712
1526342400,2018-05-15,0.72530,0.74850,0.68000,0.69114,12871477.25882332
1526428800,2018-05-16,0.69123,0.71280,0.66011,0.70703,14396006.64071576
1526515200,2018-05-17,0.70700,0.71359,0.65100,0.65851,10974160.04180058
1526601600,2018-05-18,0.65834,0.68374,0.64708,0.67601,13669789.66917656
1526688000,2018-05-19,0.67612,0.69141,0.66100,0.67470,4533544.56004013
1526774400,2018-05-20,0.67560,0.70655,0.66888,0.69769,5661174.10209999
1526860800,2018-05-21,0.69950,0.70146,0.66978,0.67623,7172095.32125646
1526947200,2018-05-22,0.67623,0.67916,0.63540,0.63870,9958221.02588552
1527033600,2018-05-23,0.63870,0.64497,0.57453,0.59314,33120459.83828232
1527120000,2018-05-24,0.59056,0.63900,0.57900,0.63001,17515258.12071459
1527206400,2018-05-25,0.62986,0.63500,0.59499,0.60529,13895879.91073591
1527292800,2018-05-26,0.60410,0.62821,0.59744,0.60852,4294331.87181294
1527379200,2018-05-27,0.60854,0.61289,0.59814,0.60390,4887917.60047604
1527465600,2018-05-28,0.60428,0.60872,0.54671,0.54869,14632526.80206651
1527552000,2018-05-29,0.54791,0.60899,0.54495,0.59995,15451893.56465726
1527638400,2018-05-30,0.59995,0.62599,0.58300,0.60000,10796412.65777093
1527724800,2018-05-31,0.60000,0.62100,0.58901,0.61121,8799899.53996128
1527811200,2018-06-01,0.61117,0.62457,0.60521,0.61909,8066204.17850151
1527897600,2018-06-02,0.61977,0.65050,0.61400,0.64291,12059676.53410580
1527984000,2018-06-03,0.64297,0.68900,0.63700,0.68900,9992662.52543635
1528070400,2018-06-04,0.68851,0.70292,0.63396,0.65520,17644546.97923393
1528156800,2018-06-05,0.65506,0.68545,0.63310,0.67454,13470284.72126615
1528243200,2018-06-06,0.67389,0.68166,0.65500,0.67208,8133367.13953928
1528329600,2018-06-07,0.67208,0.68689,0.67000,0.67689,5064092.29033952
1528416000,2018-06-08,0.67616,0.68000,0.65710,0.67251,4815056.38858336
1528502400,2018-06-09,0.67286,0.67997,0.65600,0.65710,2588162.02437871
1528588800,2018-06-10,0.65710,0.65733,0.55500,0.58265,22726448.12149225
1528675200,2018-06-11,0.58321,0.60299,0.56174,0.59900,12307384.93158171
1528761600,2018-06-12,0.59897,0.59968,0.54448,0.55661,12456107.18827052
1528848000,2018-06-13,0.55582,0.56100,0.50442,0.53066,17671159.22850450
1528934400,2018-06-14,0.52964,0.56933,0.52000,0.55788,14300823.27051255
1529020800,2018-06-15,0.55783,0.55953,0.52725,0.53338,8275435.42490335
1529107200,2018-06-16,0.53366,0.53900,0.51900,0.53240,5385834.12584086
1529193600,2018-06-17,0.53241,0.54034,0.52177,0.52676,4917723.73092873
1529280000,2018-06-18,0.52720,0.55000,0.51000,0.53897,11365784.88731919
1529366400,2018-06-19,0.53856,0.56250,0.53477,0.54908,9461869.92173290
1529452800,2018-06-20,0.54899,0.54971,0.52409,0.54000,6682258.67890681
1529539200,2018-06-21,0.53910,0.54900,0.53045,0.53400,6065308.25773890
1529625600,2018-06-22,0.53352,0.53553,0.47000,0.48293,26000137.75982042
1529712000,2018-06-23,0.48351,0.49623,0.47800,0.49223,5618138.28394440
1529798400,2018-06-24,0.49198,0.49600,0.44036,0.47426,22420471.80539846
1529884800,2018-06-25,0.47476,0.49478,0.47186,0.48024,11225389.49371238
1529971200,2018-06-26,0.48025,0.48282,0.45123,0.45291,10703251.52069472
1530057600,2018-06-27,0.45250,0.47600,0.44826,0.47094,8084920.48904966
1530144000,2018-06-28,0.47094,0.47346,0.44308,0.44614,8471897.36059793
1530230400,2018-06-29,0.44481,0.46067,0.42420,0.45369,15098160.45633650
1530316800,2018-06-30,0.45411,0.48207,0.45411,0.46900,10465860.33225969
1530403200,2018-07-01,0.46900,0.46979,0.45000,0.46225,4481721.55417327
1530489600,2018-07-02,0.46164,0.49560,0.45301,0.48896,10836634.94161093
1530576000,2018-07-03,0.48897,0.51978,0.47692,0.48458,14776114.60562020
1530662400,2018-07-04,0.48430,0.50600,0.47425,0.49131,8424820.89397201
1530748800,2018-07-05,0.49131,0.50239,0.46801,0.47698,8636077.23105847
1530835200,2018-07-06,0.47698,0.48123,0.45943,0.47569,6805026.86098062
1530921600,2018-07-07,0.47570,0.48670,0.46401,0.48520,4336515.02829252
1531008000,2018-07-08,0.48500,0.48839,0.47446,0.47765,8187555.61244318
1531094400,2018-07-09,0.47714,0.48213,0.47056,0.47284,5643791.79212787
1531180800,2018-07-10,0.47283,0.47302,0.43930,0.44200,11752256.79052341
1531267200,2018-07-11,0.44199,0.45094,0.44056,0.44870,5949598.91185145
1531353600,2018-07-12,0.44881,0.44917,0.42483,0.43800,6883073.67473891
1531440000,2018-07-13,0.43782,0.44603,0.42900,0.43681,7945752.57726075
1531526400,2018-07-14,0.43702,0.44280,0.43230,0.43830,3346990.33778774
1531612800,2018-07-15,0.43830,0.44960,0.43544,0.44664,3805268.78588665
1531699200,2018-07-16,0.44642,0.48400,0.44339,0.48257,11633249.20628477
1531785600,2018-07-17,0.48148,0.51980,0.46953,0.50601,17424962.17368562
1531872000,2018-07-18,0.50589,0.52342,0.47605,0.48944,13990981.43296998
1531958400,2018-07-19,0.48841,0.49610,0.47075,0.47707,6453236.46207893
1532044800,2018-07-20,0.47650,0.47755,0.43000,0.44546,13942998.41604474
1532131200,2018-07-21,0.44444,0.45900,0.43502,0.45491,3534470.50277924
1532217600,2018-07-22,0.45491,0.46350,0.44594,0.44848,4562002.16966177
1532304000,2018-07-23,0.44805,0.46372,0.44186,0.44446,7300863.08467510
1532390400,2018-07-24,0.44388,0.46850,0.43670,0.45666,16778463.00664552
1532476800,2018-07-25,0.45550,0.46870,0.44000,0.45889,15399426.11189741
1532563200,2018-07-26,0.45889,0.46898,0.44604,0.44933,5255041.32124167
1532649600,2018-07-27,0.44883,0.46000,0.44386,0.45430,4988494.13694598
1532736000,2018-07-28,0.45477,0.45800,0.44823,0.45799,2192934.83296156
1532822400,2018-07-29,0.45670,0.45840,0.44925,0.45258,1943777.57386477
1532908800,2018-07-30,0.45270,0.45650,0.43453,0.44501,5104430.01084725
1532995200,2018-07-31,0.44510,0.44650,0.42700,0.43500,6195176.73209003
1533081600,2018-08-01,0.43428,0.46255,0.42700,0.44625,7854203.91634178
1533168000,2018-08-02,0.44610,0.44842,0.42951,0.43085,5028943.32580023
1533254400,2018-08-03,0.43054,0.44643,0.42493,0.44001,9339254.42306473
1533340800,2018-08-04,0.44037,0.44498,0.42673,0.42932,2339509.34602297
1533427200,2018-08-05,0.42942,0.43745,0.42670,0.43451,3343743.11232286
1533513600,2018-08-06,0.43438,0.43745,0.40319,0.41277,9024800.62827198
1533600000,2018-08-07,0.41203,0.41503,0.37500,0.37780,15086014.98273615
1533686400,2018-08-08,0.37780,0.37867,0.32000,0.33173,31649730.77423998
1533772800,2018-08-09,0.33171,0.35820,0.32820,0.34417,14995785.61860727
1533859200,2018-08-10,0.34417,0.34702,0.31201,0.31868,15631427.65133030
1533945600,2018-08-11,0.31907,0.32102,0.28799,0.29712,18136794.04409962
1534032000,2018-08-12,0.29783,0.30989,0.29389,0.29519,5756775.50947874
1534118400,2018-08-13,0.29514,0.31000,0.27021,0.27443,16315664.16041610
1534204800,2018-08-14,0.27458,0.27750,0.24508,0.27300,28281912.75909497
1534291200,2018-08-15,0.27337,0.30200,0.27255,0.28030,24574167.37975708
1534377600,2018-08-16,0.27951,0.30227,0.27502,0.29149,13981162.07893165
1534464000,2018-08-17,0.29213,0.37390,0.29088,0.36677,29781558.19744795
1534550400,2018-08-18,0.36684,0.37040,0.31214,0.32830,17318115.38852130
1534636800,2018-08-19,0.32850,0.35391,0.31825,0.34189,14020031.76140581
1534723200,2018-08-20,0.34218,0.35000,0.31356,0.31492,21003558.07710153
1534809600,2018-08-21,0.31451,0.33767,0.31400,0.33392,10636394.85146013
1534896000,2018-08-22,0.33378,0.35409,0.31000,0.31705,20414199.76154861
1534982400,2018-08-23,0.31733,0.33096,0.31600,0.32595,10456951.57900104
1535068800,2018-08-24,0.32595,0.32890,0.31523,0.32750,9308200.79399329
1535155200,2018-08-25,0.32633,0.33310,0.32200,0.32790,4192319.34391699
1535241600,2018-08-26,0.32769,0.32911,0.31829,0.32391,3978633.85181433
1535328000,2018-08-27,0.32284,0.34000,0.32187,0.33894,10186770.99884367
1535414400,2018-08-28,0.33894,0.35750,0.33500,0.35052,18353869.71492015
1535500800,2018-08-29,0.35030,0.35440,0.33834,0.34451,11941860.21281560
1535587200,2018-08-30,0.34451,0.34694,0.32201,0.33484,14164877.88028568
1535673600,2018-08-31,0.33491,0.34105,0.32700,0.33476,6772902.81464281
1535760000,2018-09-01,0.33487,0.35419,0.33400,0.34639,6191161.80869144
1535846400,2018-09-02,0.34633,0.34879,0.33600,0.34161,6465291.65821567
1535932800,2018-09-03,0.34169,0.34305,0.33290,0.33480,4689358.58637390
1536019200,2018-09-04,0.33409,0.34124,0.32818,0.33010,7833487.91874782
1536105600,2018-09-05,0.33051,0.33348,0.27660,0.27863,22177888.98271409
1536192000,2018-09-06,0.27829,0.30470,0.26801,0.30111,26662909.18574717
1536278400,2018-09-07,0.30133,0.30427,0.28100,0.28555,10592077.81893405
1536364800,2018-09-08,0.28659,0.29335,0.26850,0.27603,6845197.99359336
1536451200,2018-09-09,0.27597,0.29064,0.27023,0.27626,7678114.60210878
1536537600,2018-09-10,0.27603,0.28200,0.25887,0.26928,22863783.23763748
1536624000,2018-09-11,0.26933,0.27430,0.25300,0.26244,19081833.71144452
1536710400,2018-09-12,0.26220,0.27292,0.25313,0.27016,11759139.04235309
1536796800,2018-09-13,0.27016,0.28540,0.26650,0.27886,17946898.70978968
1536883200,2018-09-14,0.27835,0.28461,0.27200,0.27640,11516734.75199343
1536969600,2018-09-15,0.27550,0.28461,0.27528,0.28076,4208577.23761791
1537056000,2018-09-16,0.27964,0.28212,0.27400,0.28082,3910910.62792063
1537142400,2018-09-17,0.28118,0.28357,0.26633,0.27004,12147762.22991676
1537228800,2018-09-18,0.27045,0.33450,0.26913,0.31862,40439109.01030737
1537315200,2018-09-19,0.31811,0.33400,0.31000,0.32599,25207705.80707760
1537401600,2018-09-20,0.32639,0.49143,0.32141,0.44900,56655970.04725125
1537488000,2018-09-21,0.44900,0.76440,0.42550,0.56234,129615936.93290973
1537574400,2018-09-22,0.56305,0.62500,0.49000,0.57010,48652358.78354211
1537660800,2018-09-23,0.57010,0.59500,0.55421,0.57044,18695367.28733875
1537747200,2018-09-24,0.57045,0.58100,0.48111,0.49225,34805665.10766892
1537833600,2018-09-25,0.49205,0.55000,0.43500,0.52354,59769318.35728069
1537920000,2018-09-26,0.52496,0.57240,0.48440,0.51300,54029403.07049951
1538006400,2018-09-27,0.51344,0.55500,0.50217,0.54341,27740863.95714708
1538092800,2018-09-28,0.54302,0.55095,0.51574,0.53745,18871115.33078376
1538179200,2018-09-29,0.53745,0.59313,0.52179,0.56716,24557027.36231020
1538265600,2018-09-30,0.56557,0.62062,0.55610,0.58123,27455440.85561276
1538352000,2018-10-01,0.57952,0.60000,0.53000,0.57300,38600338.43039527
1538438400,2018-10-02,0.57579,0.57697,0.51273,0.51394,23718100.04999115
1538524800,2018-10-03,0.51344,0.53549,0.50200,0.52502,23447489.70688587
1538611200,2018-10-04,0.52602,0.54600,0.52078,0.52615,14044885.11460574
1538697600,2018-10-05,0.52566,0.53104,0.50101,0.51540,17551879.41147472
1538784000,2018-10-06,0.51485,0.51916,0.46100,0.48603,25574104.71795359
1538870400,2018-10-07,0.48451,0.49000,0.46306,0.48000,14081339.33355439
1538956800,2018-10-08,0.47994,0.49992,0.47403,0.48666,21375843.51957318
1539043200,2018-10-09,0.48689,0.48800,0.46650,0.47684,12429038.72290268
1539129600,2018-10-10,0.47629,0.47725,0.45310,0.45953,15045650.90755966
1539216000,2018-10-11,0.45817,0.45880,0.37198,0.37621,53414944.66062578
1539302400,2018-10-12,0.37822,0.43890,0.37185,0.41476,30910364.24427356
1539388800,2018-10-13,0.41200,0.42901,0.40737,0.41401,14044467.49474942
1539475200,2018-10-14,0.41354,0.42215,0.39300,0.39881,10586973.78088495
1539561600,2018-10-15,0.39884,0.46500,0.38838,0.44000,41457426.61059020
1539648000,2018-10-16,0.44006,0.46600,0.43588,0.46367,22599189.38867172
1539734400,2018-10-17,0.46366,0.47390,0.45217,0.46263,17810906.16806129
1539820800,2018-10-18,0.46273,0.47253,0.43600,0.45302,23907295.52278248
1539907200,2018-10-19,0.45174,0.45639,0.44203,0.44993,13680077.25249115
1539993600,2018-10-20,0.44939,0.46300,0.44635,0.45468,7154820.47953566
1540080000,2018-10-21,0.45421,0.46334,0.45034,0.45293,7019567.31730260
1540166400,2018-10-22,0.45295,0.45458,0.44404,0.45056,8402930.71950274
1540252800,2018-10-23,0.45009,0.47400,0.43242,0.45917,27460523.67898592
1540339200,2018-10-24,0.45870,0.46613,0.45000,0.45383,10178859.66174045
1540425600,2018-10-25,0.45332,0.46146,0.44822,0.45465,13722737.57899675
1540512000,2018-10-26,0.45420,0.45926,0.44805,0.45719,13106299.64403119
1540598400,2018-10-27,0.45710,0.45858,0.45028,0.45374,7329093.55042097
1540684800,2018-10-28,0.45365,0.46047,0.45138,0.45955,9398317.04931060
1540771200,2018-10-29,0.45919,0.46013,0.42646,0.43986,24946028.98267334
1540857600,2018-10-30,0.44032,0.44770,0.43687,0.44377,12696988.02898492
1540944000,2018-10-31,0.44288,0.45701,0.43337,0.45037,16757493.08484382
1541030400,2018-11-01,0.45028,0.45817,0.44500,0.45701,11101967.12657026
1541116800,2018-11-02,0.45659,0.46210,0.45202,0.45578,29749020.58514670
1541203200,2018-11-03,0.45525,0.45777,0.44992,0.45259,4674973.79729644
1541289600,2018-11-04,0.45274,0.47449,0.44714,0.46630,17421467.64546931
1541376000,2018-11-05,0.46557,0.49990,0.45900,0.49570,25606888.40941002
1541462400,2018-11-06,0.49581,0.56500,0.49580,0.54868,48883890.15917700
1541548800,2018-11-07,0.54932,0.55172,0.52153,0.53390,21947902.05583742
1541635200,2018-11-08,0.53384,0.53892,0.48800,0.49073,31921549.28613989
1541721600,2018-11-09,0.49065,0.51500,0.48974,0.49699,18698769.95625255
1541808000,2018-11-10,0.49602,0.50798,0.49564,0.50236,10059333.28845203
1541894400,2018-11-11,0.50208,0.50500,0.49210,0.50180,6224952.50594764
1541980800,2018-11-12,0.50147,0.52559,0.49674,0.51498,21114637.77699699
1542067200,2018-11-13,0.51298,0.52000,0.49544,0.50189,18071290.56420548
1542153600,2018-11-14,0.50077,0.50350,0.40000,0.45856,54202404.95969354
1542240000,2018-11-15,0.45707,0.47900,0.41486,0.47453,39026457.04299908
1542326400,2018-11-16,0.47384,0.47976,0.45600,0.46595,17891116.53264948
1542412800,2018-11-17,0.46576,0.49236,0.46070,0.48602,15201072.34169332
1542499200,2018-11-18,0.48660,0.51900,0.48557,0.50558,20190247.69110163
1542585600,2018-11-19,0.50640,0.50640,0.46000,0.46582,42838324.21064523
1542672000,2018-11-20,0.46562,0.49200,0.40001,0.42471,63718430.90563003
1542758400,2018-11-21,0.42289,0.45401,0.40500,0.44076,42563330.95764211
1542844800,2018-11-22,0.44161,0.44515,0.41521,0.41684,19165333.47193420
1542931200,2018-11-23,0.41735,0.42185,0.38827,0.40170,35858223.20595595
1543017600,2018-11-24,0.40208,0.41285,0.35400,0.36587,26524428.72499573
1543104000,2018-11-25,0.36446,0.38400,0.31123,0.36874,65267988.88731280
1543190400,2018-11-26,0.36868,0.38456,0.33108,0.35121,57433412.80328946
1543276800,2018-11-27,0.35124,0.36600,0.33461,0.35611,28527663.43943055
1543363200,2018-11-28,0.35562,0.39821,0.35560,0.38908,35159969.52125705
1543449600,2018-11-29,0.38823,0.39185,0.36666,0.37742,26633101.89677143
1543536000,2018-11-30,0.37804,0.37939,0.34899,0.35854,23949948.51774403
1543622400,2018-12-01,0.35805,0.37485,0.35261,0.36662,13287779.21087268
1543708800,2018-12-02,0.36672,0.37537,0.35901,0.36474,12558357.18198310
1543795200,2018-12-03,0.36476,0.36551,0.33449,0.34314,26102891.80834931
1543881600,2018-12-04,0.34358,0.35894,0.33438,0.34784,18590879.97247633
1543968000,2018-12-05,0.34751,0.34920,0.33201,0.33238,23360144.17661356
1544054400,2018-12-06,0.33284,0.34000,0.30001,0.30270,36251698.44454810
1544140800,2018-12-07,0.30313,0.30900,0.28600,0.29902,61028583.08117546
1544227200,2018-12-08,0.29859,0.32000,0.29000,0.30078,20257259.87447809
1544313600,2018-12-09,0.30117,0.31771,0.29609,0.30695,11033718.16732052
1544400000,2018-12-10,0.30741,0.31119,0.29115,0.29761,22954309.79683433
1544486400,2018-12-11,0.29695,0.30624,0.29001,0.29678,17301725.60283682
1544572800,2018-12-12,0.29532,0.30800,0.29429,0.30337,16076712.09733084
1544659200,2018-12-13,0.30296,0.30388,0.29026,0.29600,16764804.95460399
1544745600,2018-12-14,0.29579,0.29674,0.27953,0.28537,22941699.61253399
1544832000,2018-12-15,0.28482,0.28770,0.27795,0.28185,13722970.53961384
1544918400,2018-12-16,0.28117,0.29189,0.28033,0.28343,12616872.32100438
1545004800,2018-12-17,0.28338,0.33600,0.28112,0.32624,38885804.31558433
1545091200,2018-12-18,0.32605,0.35100,0.32018,0.35068,37532225.98040567
1545177600,2018-12-19,0.35075,0.39338,0.34167,0.34721,46286869.27309977
1545264000,2018-12-20,0.34601,0.38896,0.34152,0.37408,55519194.53292324
1545350400,2018-12-21,0.37412,0.38300,0.34554,0.35420,30599757.29065313
1545436800,2018-12-22,0.35386,0.36400,0.34410,0.36100,13043689.96453399
1545523200,2018-12-23,0.35916,0.38095,0.35649,0.36868,17158957.28208220
1545609600,2018-12-24,0.36828,0.45097,0.36828,0.40441,54064978.54475470
1545696000,2018-12-25,0.40378,0.40667,0.36131,0.37900,24410374.52770133
1545782400,2018-12-26,0.37756,0.39100,0.35500,0.37571,16513597.38763823
1545868800,2018-12-27,0.37597,0.37723,0.32615,0.33654,20212365.69202874
1545955200,2018-12-28,0.33612,0.38238,0.33085,0.37403,30726812.54923605
1546041600,2018-12-29,0.37413,0.38300,0.35405,0.35885,20091593.39434644
1546128000,2018-12-30,0.35878,0.36902,0.35406,0.36729,12723104.61482850
1546214400,2018-12-31,0.36735,0.37209,0.34320,0.34842,14893039.49499131
1546300800,2019-01-01,0.34827,0.36533,0.34394,0.36400,9807545.13487943
1546387200,2019-01-02,0.36351,0.37736,0.35504,0.37100,10065374.49311820
1546473600,2019-01-03,0.37103,0.37208,0.35020,0.35414,12064878.75400000
1546560000,2019-01-04,0.35400,0.36100,0.34624,0.35686,13278813.04569284
1546646400,2019-01-05,0.35478,0.36201,0.34750,0.34950,8537175.71679993
1546732800,2019-01-06,0.34950,0.36918,0.34701,0.36516,13388458.61769020
1546819200,2019-01-07,0.36543,0.37670,0.35553,0.36236,15395581.13828832
1546905600,2019-01-08,0.36192,0.37062,0.35683,0.36379,13391858.35718335
1546992000,2019-01-09,0.36380,0.37210,0.36039,0.36737,17568249.61292562
1547078400,2019-01-10,0.36780,0.38239,0.32000,0.32775,36320985.37362445
1547164800,2019-01-11,0.32786,0.33491,0.32288,0.32856,20007979.96329101
1547251200,2019-01-12,0.32839,0.33223,0.32550,0.32831,6030418.19300875
1547337600,2019-01-13,0.32792,0.33165,0.31121,0.31549,11330893.36302776
1547424000,2019-01-14,0.31564,0.33898,0.31470,0.33176,15219744.48015249
1547510400,2019-01-15,0.33145,0.33480,0.31919,0.32410,10218771.78392504
1547596800,2019-01-16,0.32391,0.33426,0.32237,0.32724,10967857.45553339
1547683200,2019-01-17,0.32712,0.33012,0.32100,0.32723,8332152.45322225
1547769600,2019-01-18,0.32660,0.32748,0.31500,0.32141,7352805.73999356
1547856000,2019-01-19,0.32195,0.33541,0.31950,0.32849,6388355.03464344
1547942400,2019-01-20,0.32797,0.32991,0.31034,0.31744,7289613.27000792
1548028800,2019-01-21,0.31710,0.32162,0.31349,0.31828,5344217.31254179
1548115200,2019-01-22,0.31799,0.32065,0.30550,0.31810,11251473.23886835
1548201600,2019-01-23,0.31793,0.31967,0.31230,0.31402,9724763.36380687
1548288000,2019-01-24,0.31402,0.31800,0.31000,0.31516,5131400.58780425
1548374400,2019-01-25,0.31550,0.31708,0.31000,0.31389,5394044.01579318
1548460800,2019-01-26,0.31365,0.31822,0.31072,0.31130,4885295.33448709
1548547200,2019-01-27,0.31130,0.31286,0.30098,0.30494,5752104.09562491
1548633600,2019-01-28,0.30495,0.30594,0.28015,0.29252,18895593.95590283
1548720000,2019-01-29,0.29181,0.29404,0.28083,0.28607,10685654.79282630
1548806400,2019-01-30,0.28572,0.32380,0.28272,0.31934,21292430.99052806
1548892800,2019-01-31,0.31904,0.33340,0.30113,0.30739,17566373.42103044
1548979200,2019-02-01,0.30739,0.30914,0.29306,0.30443,13568984.44984464
1549065600,2019-02-02,0.30317,0.31080,0.30100,0.30709,12009175.80488301
1549152000,2019-02-03,0.30665,0.30889,0.29425,0.29860,8839762.50390204
1549238400,2019-02-04,0.29817,0.30178,0.29350,0.29505,6435740.64846909
1549324800,2019-02-05,0.29421,0.29928,0.29220,0.29607,6458866.37369848
1549411200,2019-02-06,0.29637,0.29700,0.28500,0.28588,14193793.34594529
1549497600,2019-02-07,0.28568,0.29057,0.28543,0.28806,9107273.05341138
1549584000,2019-02-08,0.28772,0.31898,0.28636,0.30891,22928877.87454620
1549670400,2019-02-09,0.30871,0.31263,0.30403,0.30852,9348227.58321256
1549756800,2019-02-10,0.30846,0.30902,0.29620,0.30737,15436936.30294435
1549843200,2019-02-11,0.30658,0.30768,0.29826,0.29885,11326300.28064962
1549929600,2019-02-12,0.29885,0.30429,0.29406,0.30089,13368930.18036930
1550016000,2019-02-13,0.30124,0.30939,0.29500,0.30041,11851892.04320946
1550102400,2019-02-14,0.30066,0.30200,0.29700,0.29768,9840110.63618460
1550188800,2019-02-15,0.29768,0.30280,0.29520,0.29890,12155305.78472597
1550275200,2019-02-16,0.29882,0.30050,0.29615,0.29737,5409308.42076033
1550361600,2019-02-17,0.29749,0.30300,0.29282,0.29960,8949967.52107540
1550448000,2019-02-18,0.29951,0.32700,0.29840,0.31867,24121439.84049287
1550534400,2019-02-19,0.31878,0.34520,0.31752,0.32111,24698373.69921680
1550620800,2019-02-20,0.32144,0.33182,0.31617,0.32850,16113001.88376183
1550707200,2019-02-21,0.32850,0.33000,0.31361,0.31739,10772668.82047520
1550793600,2019-02-22,0.31730,0.32088,0.31148,0.31899,8597313.33132942
1550880000,2019-02-23,0.31846,0.33327,0.31563,0.33134,11271037.44029231
1550966400,2019-02-24,0.33118,0.34195,0.29377,0.29668,27122712.35872771
1551052800,2019-02-25,0.29637,0.33917,0.29553,0.32696,30820194.80500356
1551139200,2019-02-26,0.32699,0.33300,0.31053,0.31586,21837336.58012261
1551225600,2019-02-27,0.31516,0.31726,0.29800,0.30915,13965391.58225390
1551312000,2019-02-28,0.30893,0.31582,0.30500,0.31297,13285390.18610211
1551398400,2019-03-01,0.31297,0.32300,0.30925,0.31434,15348636.42033875
1551484800,2019-03-02,0.31424,0.31635,0.30824,0.31351,12324202.27214384
1551571200,2019-03-03,0.31307,0.31427,0.30700,0.30935,6202339.49776300
1551657600,2019-03-04,0.30920,0.31085,0.29700,0.30091,10183888.38472645
1551744000,2019-03-05,0.30074,0.31723,0.29973,0.31351,16337723.71944853
1551830400,2019-03-06,0.31363,0.31950,0.30814,0.31471,14789474.95793799
1551916800,2019-03-07,0.31462,0.31780,0.31079,0.31120,12074426.57095419
1552003200,2019-03-08,0.31113,0.31438,0.30200,0.30645,13803007.21309338
1552089600,2019-03-09,0.30594,0.31771,0.30510,0.31151,8382425.89405722
1552176000,2019-03-10,0.31172,0.31560,0.30590,0.31093,8246223.39534670
1552262400,2019-03-11,0.31097,0.31230,0.30544,0.30837,12435027.90308069
1552348800,2019-03-12,0.30858,0.30989,0.30300,0.30816,17406392.58291306
1552435200,2019-03-13,0.30816,0.32392,0.30567,0.31175,13844111.91838656
1552521600,2019-03-14,0.31179,0.31448,0.30333,0.30908,9590204.03306751
1552608000,2019-03-15,0.30925,0.31470,0.30800,0.31315,9016979.61923585
1552694400,2019-03-16,0.31252,0.32060,0.31251,0.31734,9534796.95833932
1552780800,2019-03-17,0.31710,0.31769,0.31280,0.31360,5986576.09176092
1552867200,2019-03-18,0.31382,0.31800,0.30890,0.31293,9990295.34456109
1552953600,2019-03-19,0.31293,0.31500,0.30929,0.31438,8833269.11512893
1553040000,2019-03-20,0.31438,0.32006,0.30970,0.31617,12129052.82381312
1553126400,2019-03-21,0.31649,0.31800,0.30179,0.30874,14423927.41343398
1553212800,2019-03-22,0.30882,0.31167,0.30570,0.30944,10751540.02187332
1553299200,2019-03-23,0.30943,0.31150,0.30754,0.30943,6869801.64089913
1553385600,2019-03-24,0.30942,0.30995,0.30261,0.30600,6443597.58323703
1553472000,2019-03-25,0.30585,0.30620,0.29800,0.30066,12865864.39047777
1553558400,2019-03-26,0.30082,0.30138,0.27500,0.30100,16840061.04114612
1553644800,2019-03-27,0.30101,0.30990,0.29786,0.30850,11335295.07886178
1553731200,2019-03-28,0.30847,0.30900,0.30291,0.30470,9141143.48738541
1553817600,2019-03-29,0.30453,0.30907,0.30335,0.30714,14085526.78654956
1553904000,2019-03-30,0.30702,0.31802,0.30616,0.30978,12256426.59571632
1553990400,2019-03-31,0.31005,0.31067,0.30628,0.30851,7402373.01291041
1554076800,2019-04-01,0.30801,0.31319,0.30651,0.31127,14520456.87066197
1554163200,2019-04-02,0.31126,0.35996,0.31000,0.35406,52101737.96063320
1554249600,2019-04-03,0.35365,0.37601,0.32700,0.34238,62798521.01446834
1554336000,2019-04-04,0.34238,0.34967,0.32550,0.33002,41647176.05322004
1554422400,2019-04-05,0.33035,0.37835,0.33000,0.36323,63035893.78183720
1554508800,2019-04-06,0.36307,0.36316,0.34710,0.35242,30446134.80294384
1554595200,2019-04-07,0.35247,0.36500,0.34989,0.36270,35182119.85028863
1554681600,2019-04-08,0.36270,0.37051,0.34771,0.35780,33362990.62540769
1554768000,2019-04-09,0.35812,0.35891,0.34801,0.34968,22315564.97001097
1554854400,2019-04-10,0.34968,0.36178,0.34850,0.35433,23249762.91131654
1554940800,2019-04-11,0.35448,0.35450,0.32164,0.32844,27190078.80690647
1555027200,2019-04-12,0.32859,0.33002,0.31750,0.32459,21319282.90622223
1555113600,2019-04-13,0.32470,0.33740,0.32208,0.32534,14947752.56357413
1555200000,2019-04-14,0.32533,0.33106,0.32153,0.32976,16214152.07187843
1555286400,2019-04-15,0.32957,0.33270,0.31311,0.31854,21166961.73909860
1555372800,2019-04-16,0.31850,0.32700,0.31600,0.32542,15325967.04689969
1555459200,2019-04-17,0.32555,0.34200,0.32041,0.33585,20316707.88207264
1555545600,2019-04-18,0.33538,0.34835,0.33341,0.33597,17347954.82232954
1555632000,2019-04-19,0.33613,0.33620,0.32702,0.33167,13973789.73822101
1555718400,2019-04-20,0.33179,0.33409,0.32109,0.32799,11808044.59838322
1555804800,2019-04-21,0.32799,0.32978,0.31663,0.32181,12373381.56182300
1555891200,2019-04-22,0.32181,0.33201,0.31879,0.32361,13935407.63660892
1555977600,2019-04-23,0.32381,0.32880,0.32001,0.32025,17260523.17334834
1556064000,2019-04-24,0.32040,0.32194,0.29100,0.30098,39399052.05408009
1556150400,2019-04-25,0.30094,0.30720,0.27946,0.28654,34496097.73644423
1556236800,2019-04-26,0.28600,0.29501,0.28261,0.29380,19324339.34769178
1556323200,2019-04-27,0.29384,0.29596,0.28727,0.29190,12914133.97834498
1556409600,2019-04-28,0.29209,0.29557,0.28695,0.29019,6531200.11961566
1556496000,2019-04-29,0.29006,0.29275,0.28272,0.28834,9548557.53685197
1556582400,2019-04-30,0.28756,0.31000,0.28747,0.30495,17277640.10558147
1556668800,2019-05-01,0.30543,0.30794,0.29650,0.29878,8596669.82135064
1556755200,2019-05-02,0.30000,0.30136,0.29500,0.29583,8327358.97111633
1556841600,2019-05-03,0.29585,0.30800,0.29492,0.30192,19753007.76754997
1556928000,2019-05-04,0.30189,0.31230,0.29455,0.29952,12012365.24227206
1557014400,2019-05-05,0.29940,0.30075,0.29500,0.29674,7118225.59856633
1557100800,2019-05-06,0.29724,0.30524,0.29130,0.29949,12531287.03784303
1557187200,2019-05-07,0.30009,0.30385,0.29240,0.29384,16700853.34084687
1557273600,2019-05-08,0.29326,0.29900,0.29100,0.29685,11748579.11723313
1557360000,2019-05-09,0.29720,0.29979,0.29002,0.29312,12957664.54248009
1557446400,2019-05-10,0.29313,0.30150,0.29000,0.29718,12388232.71435700
1557532800,2019-05-11,0.29776,0.34118,0.29676,0.32222,52265242.27592572
1557619200,2019-05-12,0.32268,0.33179,0.30005,0.31022,25679294.50183991
1557705600,2019-05-13,0.31014,0.33400,0.30800,0.32355,38628246.62085579
1557792000,2019-05-14,0.32353,0.42500,0.32300,0.40731,154612097.48795655
1557878400,2019-05-15,0.40731,0.46950,0.40731,0.45765,88607598.09319575
1557964800,2019-05-16,0.45765,0.47919,0.39000,0.42000,96987890.46395535
1558051200,2019-05-17,0.41883,0.42401,0.35660,0.38869,74664442.07826147
1558137600,2019-05-18,0.38950,0.39625,0.36300,0.37091,21956424.45447756
1558224000,2019-05-19,0.37090,0.42998,0.37001,0.41845,37289712.49082066
1558310400,2019-05-20,0.41830,0.41881,0.37941,0.39900,37160594.13061568
1558396800,2019-05-21,0.39988,0.40944,0.38799,0.39667,31181884.44023627
1558483200,2019-05-22,0.39700,0.41327,0.36592,0.37098,37616186.39355755
1558569600,2019-05-23,0.37130,0.38499,0.36200,0.38035,25496949.13266235
1558656000,2019-05-24,0.38043,0.39627,0.37117,0.38383,23757769.27674531
1558742400,2019-05-25,0.38369,0.39705,0.38100,0.38674,17452486.86950017
1558828800,2019-05-26,0.38706,0.41699,0.37500,0.40922,24265473.78404539
1558915200,2019-05-27,0.40953,0.44658,0.40601,0.43394,44687175.67581813
1559001600,2019-05-28,0.43353,0.45990,0.41903,0.44887,49438912.27329070
1559088000,2019-05-29,0.44833,0.45738,0.42003,0.44449,39046235.89228593
1559174400,2019-05-30,0.44377,0.47400,0.40400,0.41800,82081784.45665051
1559260800,2019-05-31,0.41804,0.44045,0.40692,0.43731,34803318.60348060
1559347200,2019-06-01,0.43790,0.44067,0.41808,0.42907,24684089.09609497
1559433600,2019-06-02,0.42937,0.44710,0.42782,0.44439,17112456.32443202
1559520000,2019-06-03,0.44460,0.46440,0.41617,0.41617,39580132.97904877
1559606400,2019-06-04,0.41617,0.41848,0.38297,0.39719,47057633.65332821
1559692800,2019-06-05,0.39776,0.40591,0.38769,0.40047,20649203.03016554
1559779200,2019-06-06,0.40047,0.42701,0.39104,0.41937,37747526.88733064
1559865600,2019-06-07,0.42000,0.43196,0.41515,0.42015,25516447.51613509
1559952000,2019-06-08,0.42001,0.42331,0.40335,0.40827,11847548.50684034
1560038400,2019-06-09,0.40930,0.41188,0.37100,0.38582,22458753.99986259
1560124800,2019-06-10,0.38581,0.40530,0.38002,0.40213,20102999.22724981
1560211200,2019-06-11,0.40118,0.40400,0.38301,0.39319,16111240.31988557
1560297600,2019-06-12,0.39311,0.40442,0.38865,0.40284,17479117.41465031
1560384000,2019-06-13,0.40285,0.41000,0.39628,0.39994,20808049.32960557
1560470400,2019-06-14,0.39921,0.40527,0.39101,0.40404,20668845.29486365
1560556800,2019-06-15,0.40432,0.41385,0.40204,0.41059,24548686.39375988
1560643200,2019-06-16,0.41092,0.44200,0.40801,0.42767,42381656.76129868
1560729600,2019-06-17,0.42765,0.46268,0.42544,0.44801,37360975.56024437
1560816000,2019-06-18,0.44849,0.45569,0.41742,0.42655,26897159.17140610
1560902400,2019-06-19,0.42655,0.43844,0.42394,0.43492,16546748.13583221
1560988800,2019-06-20,0.43454,0.43610,0.42070,0.42948,30082523.96155320
1561075200,2019-06-21,0.43018,0.45000,0.42977,0.44576,31449223.84726756
1561161600,2019-06-22,0.44616,0.50500,0.44266,0.47442,70077962.02778091
1561248000,2019-06-23,0.47339,0.48898,0.46180,0.46823,27416310.18557952
1561334400,2019-06-24,0.46674,0.47500,0.44550,0.47215,36906523.84257489
1561420800,2019-06-25,0.47203,0.47555,0.45484,0.46522,32420071.91822710
1561507200,2019-06-26,0.46543,0.49437,0.44581,0.46164,83554949.20992517
1561593600,2019-06-27,0.46184,0.46766,0.38800,0.40361,79038071.73075601
1561680000,2019-06-28,0.40360,0.42454,0.39607,0.42368,40803151.96318736
1561766400,2019-06-29,0.42355,0.42769,0.39978,0.42498,38400239.91663318
1561852800,2019-06-30,0.42395,0.42732,0.39062,0.39248,33928102.52403044
1561939200,2019-07-01,0.39300,0.42000,0.37704,0.40452,30568224.48460621
1562025600,2019-07-02,0.40548,0.40900,0.38103,0.39749,33066276.00151572
1562112000,2019-07-03,0.39832,0.40701,0.39490,0.40512,27547237.18265401
1562198400,2019-07-04,0.40535,0.40600,0.38491,0.38701,21768773.28814893
1562284800,2019-07-05,0.38666,0.38795,0.37364,0.37915,22393132.03566510
1562371200,2019-07-06,0.37926,0.41115,0.37918,0.38888,25780423.03732837
1562457600,2019-07-07,0.38993,0.40062,0.38650,0.39808,17969274.82242846
1562544000,2019-07-08,0.39773,0.40490,0.39333,0.40214,14319637.45149478
1562630400,2019-07-09,0.40214,0.40831,0.38976,0.39342,20896383.17904285
1562716800,2019-07-10,0.39403,0.39728,0.34580,0.36032,51236894.08199111
1562803200,2019-07-11,0.36122,0.36279,0.31801,0.32841,42352117.14640576
1562889600,2019-07-12,0.32876,0.35077,0.31969,0.34422,27918421.89071937
1562976000,2019-07-13,0.34412,0.34519,0.32400,0.33175,21136402.22841104
1563062400,2019-07-14,0.33203,0.33501,0.30000,0.30395,25960800.96918290
1563148800,2019-07-15,0.30373,0.32360,0.29500,0.31259,32838766.98853206
1563235200,2019-07-16,0.31340,0.31960,0.28401,0.29491,42181806.53550213
1563321600,2019-07-17,0.29519,0.32500,0.29296,0.31070,40198062.81299394
1563408000,2019-07-18,0.31110,0.32700,0.30350,0.32076,35400704.79816493
1563494400,2019-07-19,0.32077,0.32303,0.31010,0.31938,23665144.53062347
1563580800,2019-07-20,0.31936,0.34229,0.31897,0.33287,19942934.41927808
1563667200,2019-07-21,0.33293,0.33584,0.32110,0.33040,18726260.88592783
1563753600,2019-07-22,0.33070,0.33301,0.31544,0.32058,25637078.01101814
1563840000,2019-07-23,0.32026,0.32084,0.30565,0.30785,21290388.10333006
1563926400,2019-07-24,0.30872,0.31831,0.30258,0.31547,24904663.48044656
1564012800,2019-07-25,0.31532,0.32367,0.31118,0.31253,20045022.28013356
1564099200,2019-07-26,0.31296,0.32555,0.30722,0.32359,25630480.42169532
1564185600,2019-07-27,0.32388,0.32855,0.30507,0.30901,21984428.93803437
1564272000,2019-07-28,0.30872,0.31482,0.29885,0.31163,18165644.37404087
1564358400,2019-07-29,0.31170,0.31407,0.30503,0.30917,12260510.15306842
1564444800,2019-07-30,0.30921,0.32170,0.30628,0.31813,13251341.51185483
1564531200,2019-07-31,0.31827,0.32371,0.31511,0.31943,13125012.28715554
1564617600,2019-08-01,0.31982,0.32000,0.31133,0.31610,13264405.86941324
1564704000,2019-08-02,0.31669,0.31800,0.30844,0.31144,13122730.10103216
1564790400,2019-08-03,0.31152,0.31809,0.31114,0.31582,9582727.15058435
1564876800,2019-08-04,0.31619,0.32370,0.31199,0.31887,10655136.02346959
1564963200,2019-08-05,0.31933,0.33182,0.31902,0.32101,23631269.80026424
1565049600,2019-08-06,0.32159,0.32553,0.30750,0.31082,19173895.98310494
1565136000,2019-08-07,0.31100,0.31610,0.30682,0.31060,16088695.98131572
1565222400,2019-08-08,0.31088,0.31158,0.30357,0.30761,18534246.77262251
1565308800,2019-08-09,0.30832,0.30854,0.28922,0.29557,22220461.67166811
1565395200,2019-08-10,0.29625,0.30555,0.28154,0.29814,15859662.19292700
1565481600,2019-08-11,0.29868,0.30595,0.29470,0.30300,8262795.07322646
1565568000,2019-08-12,0.30275,0.30564,0.29764,0.30006,8016470.53960325
1565654400,2019-08-13,0.30031,0.30103,0.29156,0.29729,12138472.25736193
1565740800,2019-08-14,0.29675,0.29755,0.24284,0.26249,55467762.47334645
1565827200,2019-08-15,0.26240,0.26845,0.22500,0.26361,35814701.79286501
1565913600,2019-08-16,0.26341,0.26496,0.25421,0.26084,21882869.92386501
1566000000,2019-08-17,0.26122,0.26979,0.25809,0.26560,16219652.35707781
1566086400,2019-08-18,0.26589,0.29227,0.26317,0.28307,27101221.21549068
1566172800,2019-08-19,0.28315,0.29097,0.27535,0.28215,26087373.30941231
1566259200,2019-08-20,0.28260,0.28278,0.26903,0.27383,20163383.17421318
1566345600,2019-08-21,0.27450,0.27450,0.25782,0.26576,22671120.89194785
1566432000,2019-08-22,0.26620,0.27500,0.26014,0.27096,29943042.18292677
1566518400,2019-08-23,0.27059,0.27873,0.26768,0.27760,19891722.59215374
1566604800,2019-08-24,0.27730,0.27765,0.26410,0.27196,18767883.82277412
1566691200,2019-08-25,0.27175,0.27650,0.26600,0.26950,20328330.11025461
1566777600,2019-08-26,0.26983,0.28050,0.26650,0.27007,22434869.76104032
1566864000,2019-08-27,0.27007,0.27011,0.26454,0.26929,13838294.81379136
1566950400,2019-08-28,0.26893,0.26933,0.24559,0.25595,31502406.02545177
1567036800,2019-08-29,0.25555,0.26227,0.24695,0.25696,32021276.75614388
1567123200,2019-08-30,0.25654,0.25726,0.25216,0.25466,18201279.34626152
1567209600,2019-08-31,0.25478,0.26058,0.25268,0.25827,11827329.24541483
1567296000,2019-09-01,0.25793,0.25898,0.25047,0.25635,13069765.82748649
1567382400,2019-09-02,0.25681,0.26532,0.25318,0.26150,20534405.89256800
1567468800,2019-09-03,0.26165,0.26711,0.25800,0.26322,18630530.59966676
1567555200,2019-09-04,0.26221,0.26398,0.25636,0.25868,24983365.70240996
1567641600,2019-09-05,0.25850,0.25931,0.25376,0.25650,17676134.58121247
1567728000,2019-09-06,0.25630,0.25929,0.24706,0.25167,25991462.74392568
1567814400,2019-09-07,0.25172,0.26351,0.25015,0.26018,21006831.50642453
1567900800,2019-09-08,0.26024,0.26620,0.25611,0.26240,19504961.68120451
1567987200,2019-09-09,0.26228,0.26483,0.25614,0.25860,16738347.22188712
1568073600,2019-09-10,0.25846,0.26380,0.25298,0.25833,17248812.00654295
1568160000,2019-09-11,0.25815,0.26114,0.25062,0.25502,16426125.19777920
1568246400,2019-09-12,0.25537,0.25669,0.25047,0.25390,21151093.00180223
1568332800,2019-09-13,0.25402,0.25666,0.25213,0.25588,23789788.37779947
1568419200,2019-09-14,0.25590,0.26590,0.25417,0.26220,22387988.57993080
1568505600,2019-09-15,0.26172,0.26456,0.25876,0.26040,10381590.97506895
1568592000,2019-09-16,0.26021,0.26368,0.25663,0.26106,19232590.53504803
1568678400,2019-09-17,0.26107,0.29900,0.25975,0.28558,60564306.10264799
1568764800,2019-09-18,0.28528,0.32668,0.28528,0.31350,58813802.23500894
1568851200,2019-09-19,0.31326,0.31326,0.28198,0.30118,58178680.25724530
1568937600,2019-09-20,0.30145,0.30225,0.28217,0.29359,44131034.55299407
1569024000,2019-09-21,0.29390,0.29764,0.28620,0.28915,44630648.66644011
1569110400,2019-09-22,0.28915,0.28930,0.26767,0.27640,42299092.59877116
1569196800,2019-09-23,0.27619,0.28638,0.26587,0.26770,48098210.02309208
1569283200,2019-09-24,0.26740,0.27282,0.22000,0.23365,109174566.78373632
1569369600,2019-09-25,0.23345,0.24984,0.23170,0.24625,59262505.05217509
1569456000,2019-09-26,0.24580,0.24968,0.22831,0.24204,59767683.74112553
1569542400,2019-09-27,0.24228,0.24774,0.23300,0.24281,47167616.46477590
1569628800,2019-09-28,0.24300,0.24500,0.23830,0.24216,22400203.80362508
1569715200,2019-09-29,0.24228,0.24257,0.23458,0.24045,22065148.47852847
1569801600,2019-09-30,0.24057,0.26181,0.23530,0.25700,50193063.39482760
1569888000,2019-10-01,0.25726,0.26112,0.24491,0.24837,49260849.74965672
1569974400,2019-10-02,0.24837,0.25500,0.24465,0.25319,55174975.33007999
1570060800,2019-10-03,0.25340,0.25383,0.24197,0.24684,28859100.20422212
1570147200,2019-10-04,0.24747,0.25687,0.24428,0.25307,31448257.87953548
1570233600,2019-10-05,0.25258,0.25667,0.24705,0.25382,23127726.44285211
1570320000,2019-10-06,0.25389,0.25663,0.25100,0.25473,26623054.05807252
1570406400,2019-10-07,0.25574,0.28154,0.25341,0.27640,56390553.73740205
1570492800,2019-10-08,0.27641,0.28610,0.27109,0.27773,29866483.27911588
1570579200,2019-10-09,0.27765,0.28778,0.27364,0.28160,37404745.29062984
1570665600,2019-10-10,0.28195,0.28254,0.26559,0.27093,31456856.86028329
1570752000,2019-10-11,0.27120,0.27600,0.26496,0.26769,25459499.88215109
1570838400,2019-10-12,0.26773,0.27711,0.26773,0.27280,18299239.78971545
1570924800,2019-10-13,0.27213,0.28205,0.27160,0.27766,19761299.98302461
1571011200,2019-10-14,0.27762,0.29815,0.27675,0.29751,35534364.55545800
1571097600,2019-10-15,0.29786,0.29933,0.28278,0.28828,34157218.74962602
1571184000,2019-10-16,0.28830,0.29200,0.27845,0.28368,33415446.52632718
1571270400,2019-10-17,0.28357,0.30368,0.28000,0.30182,37749657.81102247
1571356800,2019-10-18,0.30210,0.30233,0.28446,0.29406,32016680.45715227
1571443200,2019-10-19,0.29424,0.29970,0.28715,0.29167,30111748.89614830
1571529600,2019-10-20,0.29208,0.29680,0.28116,0.29456,39009053.98841147
1571616000,2019-10-21,0.29428,0.29440,0.28861,0.29274,22991889.99004072
1571702400,2019-10-22,0.29229,0.30301,0.28890,0.29065,34705949.57197663
1571788800,2019-10-23,0.29040,0.29142,0.24715,0.27362,65149152.79583520
1571875200,2019-10-24,0.27293,0.28073,0.26678,0.27650,30750669.07468544
1571961600,2019-10-25,0.27663,0.30837,0.27427,0.29849,56184027.67217928
1572048000,2019-10-26,0.29864,0.31491,0.28400,0.29496,72474244.51572258
1572134400,2019-10-27,0.29496,0.30302,0.29027,0.29924,37238169.46404744
1572220800,2019-10-28,0.29937,0.30549,0.29398,0.29485,37405992.15694339
1572307200,2019-10-29,0.29523,0.30986,0.29454,0.30243,30903749.98440762
1572393600,2019-10-30,0.30243,0.30651,0.29045,0.29500,35278259.11885677
1572480000,2019-10-31,0.29548,0.29890,0.28850,0.29464,28069231.78330236
1572566400,2019-11-01,0.29506,0.29520,0.28486,0.29203,23220391.04027597
1572652800,2019-11-02,0.29290,0.29822,0.29180,0.29454,21399407.34691138
1572739200,2019-11-03,0.29585,0.29624,0.28868,0.29033,20043367.60865080
1572825600,2019-11-04,0.29061,0.30055,0.28934,0.29906,24682208.61129756
1572912000,2019-11-05,0.29966,0.30500,0.29524,0.30110,34242940.46280441
1572998400,2019-11-06,0.30105,0.31306,0.29727,0.31037,28818294.37929537
1573084800,2019-11-07,0.31044,0.31503,0.27400,0.29009,47357038.80984957
1573171200,2019-11-08,0.29035,0.29050,0.27030,0.27502,63284155.36413954
1573257600,2019-11-09,0.27520,0.28122,0.27419,0.27973,20018415.63667038
1573344000,2019-11-10,0.28003,0.28434,0.27651,0.27905,30375452.60042420
1573430400,2019-11-11,0.27886,0.28077,0.26901,0.27397,25932007.63311536
1573516800,2019-11-12,0.27401,0.27604,0.26669,0.27200,28730342.12736659
1573603200,2019-11-13,0.27231,0.27547,0.26999,0.27147,24752801.19042407
1573689600,2019-11-14,0.27146,0.27228,0.26301,0.26754,30483110.30776536
1573776000,2019-11-15,0.26745,0.26909,0.25166,0.26013,32523962.83575970
1573862400,2019-11-16,0.26019,0.26428,0.25895,0.26193,19835139.13729075
1573948800,2019-11-17,0.26194,0.26624,0.25905,0.26314,21511661.36634563
1574035200,2019-11-18,0.26314,0.26324,0.23981,0.25159,33455297.43087785
1574121600,2019-11-19,0.25114,0.25624,0.24253,0.25367,33344867.31768177
1574208000,2019-11-20,0.25368,0.25843,0.24767,0.24987,27478211.94227875
1574294400,2019-11-21,0.24989,0.25300,0.23500,0.24297,36876282.85829019
1574380800,2019-11-22,0.24297,0.24565,0.22201,0.23037,59097670.66146828
1574467200,2019-11-23,0.23047,0.23570,0.22595,0.23426,45713155.77324076
1574553600,2019-11-24,0.23439,0.23510,0.21867,0.22070,41371127.48875336
1574640000,2019-11-25,0.22025,0.22550,0.20041,0.21744,93062811.15859210
1574726400,2019-11-26,0.21779,0.22191,0.21366,0.22088,45113497.14125982
1574812800,2019-11-27,0.22097,0.23010,0.21265,0.22437,61947814.23446232
1574899200,2019-11-28,0.22456,0.23000,0.22250,0.22337,27859316.63649067
1574985600,2019-11-29,0.22289,0.23260,0.22286,0.23036,32389797.15939541
1575072000,2019-11-30,0.23017,0.23234,0.22383,0.22572,25540583.08342892
1575158400,2019-12-01,0.22589,0.22600,0.21877,0.22502,21495585.37705837
1575244800,2019-12-02,0.22531,0.22661,0.21736,0.21927,43335155.04520362
1575331200,2019-12-03,0.21941,0.22250,0.21788,0.21941,28836492.24891156
1575417600,2019-12-04,0.21945,0.22569,0.20946,0.21423,42727493.36390624
1575504000,2019-12-05,0.21415,0.22667,0.21197,0.22148,39050721.62734662
1575590400,2019-12-06,0.22130,0.22741,0.21900,0.22563,32478720.82994947
1575676800,2019-12-07,0.22565,0.22866,0.22309,0.22733,15721056.66590504
1575763200,2019-12-08,0.22752,0.23270,0.22395,0.22928,26181284.42242282
1575849600,2019-12-09,0.22934,0.23098,0.22090,0.22417,33474294.40566169
1575936000,2019-12-10,0.22422,0.22530,0.21879,0.22229,34154814.42728361
1576022400,2019-12-11,0.22229,0.22378,0.21969,0.22073,28911286.80848152
1576108800,2019-12-12,0.22073,0.22286,0.21330,0.21824,38362328.10133490
1576195200,2019-12-13,0.21839,0.22094,0.21463,0.22022,35285975.89369805
1576281600,2019-12-14,0.22019,0.22087,0.21446,0.21606,25750712.49550705
1576368000,2019-12-15,0.21612,0.21927,0.21424,0.21700,22718839.34439444
1576454400,2019-12-16,0.21699,0.21736,0.20200,0.20518,52382966.70871517
1576540800,2019-12-17,0.20530,0.20530,0.17826,0.18271,76292946.94442877
1576627200,2019-12-18,0.18314,0.20101,0.17468,0.19578,80830683.80648101
1576713600,2019-12-19,0.19638,0.19749,0.18436,0.18763,55076056.26054797
1576800000,2019-12-20,0.18768,0.19810,0.18339,0.19487,57191101.52666530
1576886400,2019-12-21,0.19506,0.19648,0.19003,0.19137,28243997.71302532
1576972800,2019-12-22,0.19130,0.19722,0.19048,0.19700,24058402.91571264
1577059200,2019-12-23,0.19701,0.19886,0.18827,0.18960,23301595.84070689
1577145600,2019-12-24,0.18945,0.19396,0.18723,0.19035,65059712.22111683
1577232000,2019-12-25,0.19054,0.19176,0.18613,0.18821,16216501.02838262
1577318400,2019-12-26,0.18817,0.19405,0.18701,0.18890,33883561.72842998
1577404800,2019-12-27,0.18894,0.19031,0.18414,0.18976,42648967.80303209
1577491200,2019-12-28,0.18967,0.19459,0.18944,0.19258,23561376.32201071
1577577600,2019-12-29,0.19252,0.19820,0.19050,0.19635,21828701.79288022
1577664000,2019-12-30,0.19582,0.19784,0.19129,0.19246,41423884.41628136
1577750400,2019-12-31,0.19264,0.19364,0.18915,0.19250,17766452.37968201
1577836800,2020-01-01,0.19201,0.19471,0.19143,0.19250,6357233.56029042
1577923200,2020-01-02,0.19213,0.19240,0.18470,0.18700,37935984.18009583
1578009600,2020-01-03,0.18688,0.19391,0.18400,0.19310,54955918.24106186
1578096000,2020-01-04,0.19332,0.19355,0.19021,0.19261,26697730.68938255
1578182400,2020-01-05,0.19308,0.19736,0.19259,0.19453,24723525.54691919
1578268800,2020-01-06,0.19414,0.22391,0.19391,0.22340,70196144.86400691
1578355200,2020-01-07,0.22340,0.22560,0.20703,0.21393,65477456.19277657
1578441600,2020-01-08,0.21376,0.21882,0.20298,0.20743,56733875.82044367
1578528000,2020-01-09,0.20751,0.20859,0.20097,0.20350,50455632.10463647
1578614400,2020-01-10,0.20384,0.21300,0.19979,0.21262,56386532.62233494
1578700800,2020-01-11,0.21256,0.21987,0.20835,0.21130,43567343.20312459
1578787200,2020-01-12,0.21147,0.21704,0.20950,0.21487,20881828.53463560
1578873600,2020-01-13,0.21528,0.21528,0.20963,0.21118,41487822.45077438
1578960000,2020-01-14,0.21146,0.24540,0.21113,0.23506,85587090.47532076
1579046400,2020-01-15,0.23460,0.24330,0.22608,0.23314,70750768.70302525
1579132800,2020-01-16,0.23377,0.23473,0.22212,0.22878,66731393.73547541
1579219200,2020-01-17,0.22908,0.24433,0.22616,0.23899,73941943.85778120
1579305600,2020-01-18,0.23800,0.25401,0.23159,0.24297,47362863.30546200
1579392000,2020-01-19,0.24275,0.25138,0.22633,0.23540,42330160.71080044
1579478400,2020-01-20,0.23579,0.23605,0.22369,0.23240,48745857.14174425
1579564800,2020-01-21,0.23251,0.24143,0.22858,0.23632,65776124.24295227
1579651200,2020-01-22,0.23682,0.23942,0.23164,0.23681,58081106.04893606
1579737600,2020-01-23,0.23662,0.23700,0.22027,0.22503,67560809.55631527
1579824000,2020-01-24,0.22522,0.22600,0.21302,0.22201,77978134.72682324
1579910400,2020-01-25,0.22211,0.22249,0.21600,0.21887,31433940.14407998
1579996800,2020-01-26,0.21892,0.23284,0.21752,0.23027,28952972.77726686
1580083200,2020-01-27,0.23087,0.23367,0.22539,0.23017,51396009.94460195
1580169600,2020-01-28,0.23084,0.24133,0.23058,0.23916,77803075.53127864
1580256000,2020-01-29,0.23914,0.24169,0.23183,0.23474,68747461.88799122
1580342400,2020-01-30,0.23457,0.24648,0.23000,0.24315,83929172.27851815
1580428800,2020-01-31,0.24343,0.24487,0.23303,0.23886,77147941.74921693
1580515200,2020-02-01,0.23885,0.24299,0.23654,0.24092,33220877.90010137
1580601600,2020-02-02,0.24136,0.26119,0.23500,0.25103,47787792.92215975
1580688000,2020-02-03,0.25004,0.25988,0.24640,0.25432,67368920.64762715
1580774400,2020-02-04,0.25500,0.27020,0.24501,0.26583,112885180.04905208
1580860800,2020-02-05,0.26621,0.28202,0.26621,0.27765,107189159.21777642
1580947200,2020-02-06,0.27800,0.28786,0.26727,0.28262,97135581.92874273
1581033600,2020-02-07,0.28290,0.28823,0.27716,0.27895,71831533.26971655
1581120000,2020-02-08,0.27900,0.28230,0.26362,0.27751,34888745.66112327
1581206400,2020-02-09,0.27732,0.28950,0.27617,0.28262,31697184.66494580
1581292800,2020-02-10,0.28283,0.28331,0.26633,0.27303,81667393.97816642
1581379200,2020-02-11,0.27303,0.28477,0.26707,0.28200,99138827.63236525
1581465600,2020-02-12,0.28254,0.30981,0.28126,0.30530,127464073.32784096
1581552000,2020-02-13,0.30477,0.34088,0.29788,0.32721,167242565.44583795
1581638400,2020-02-14,0.32791,0.33986,0.31013,0.33604,96284032.39606121
1581724800,2020-02-15,0.33700,0.34681,0.29400,0.30735,77475296.87329371
1581811200,2020-02-16,0.30762,0.31880,0.26876,0.29297,56980310.14241526
1581897600,2020-02-17,0.29250,0.29538,0.26900,0.28691,66631325.38644102
1581984000,2020-02-18,0.28702,0.30318,0.27555,0.29896,110899971.86543722
1582070400,2020-02-19,0.29929,0.30911,0.26980,0.27472,155679861.66678528
1582156800,2020-02-20,0.27437,0.28130,0.26122,0.27125,105283203.95914901
1582243200,2020-02-21,0.27097,0.27926,0.26838,0.27394,84413942.07618227
1582329600,2020-02-22,0.27451,0.27860,0.27063,0.27513,39622086.21653963
1582416000,2020-02-23,0.27503,0.28550,0.27500,0.28404,30349238.98589299
1582502400,2020-02-24,0.28412,0.28490,0.26385,0.27023,88817762.62654102
1582588800,2020-02-25,0.27064,0.27097,0.25073,0.25216,115492563.40040357
1582675200,2020-02-26,0.25206,0.25500,0.22250,0.22881,147476017.26846297
1582761600,2020-02-27,0.22938,0.24770,0.22392,0.23830,143537719.84827278
1582848000,2020-02-28,0.23830,0.24410,0.22783,0.23684,138448467.42241664
1582934400,2020-02-29,0.23716,0.24273,0.22430,0.22876,66302792.90553169
1583020800,2020-03-01,0.22884,0.23622,0.22307,0.22691,42371669.87422889
1583107200,2020-03-02,0.22661,0.24226,0.22552,0.23948,61405984.57707274
1583193600,2020-03-03,0.23943,0.23990,0.22960,0.23402,76570428.14178368
1583280000,2020-03-04,0.23434,0.23825,0.23026,0.23455,89094536.58762159
1583366400,2020-03-05,0.23458,0.24355,0.23445,0.23967,147455308.15024608
1583452800,2020-03-06,0.23932,0.24673,0.23802,0.24508,137213399.63892655
1583539200,2020-03-07,0.24556,0.24560,0.23529,0.23650,60428174.13221868
1583625600,2020-03-08,0.23637,0.23637,0.20037,0.20378,79852885.64320352
1583712000,2020-03-09,0.20394,0.21179,0.19777,0.20929,165503817.12003052
1583798400,2020-03-10,0.20997,0.21608,0.20509,0.21145,140797127.49383536
1583884800,2020-03-11,0.21155,0.21383,0.19928,0.20795,149325120.04102867
1583971200,2020-03-12,0.20839,0.20998,0.13000,0.14061,325756811.03239998
1584057600,2020-03-13,0.13820,0.17224,0.11400,0.16028,281680678.57910097
1584144000,2020-03-14,0.16027,0.16050,0.14309,0.14521,50696690.93152903
1584230400,2020-03-15,0.14552,0.16468,0.14412,0.15270,71717077.34124559
1584316800,2020-03-16,0.15246,0.15282,0.12750,0.14108,217261002.39312265
1584403200,2020-03-17,0.14146,0.15294,0.13983,0.14734,178682231.87668446
1584489600,2020-03-18,0.14781,0.14981,0.14034,0.14800,155482969.29115323
1584576000,2020-03-19,0.14798,0.17349,0.14443,0.16506,212631999.62083348
1584662400,2020-03-20,0.16504,0.17595,0.14503,0.15666,129558569.43298086
1584748800,2020-03-21,0.15729,0.16216,0.15183,0.15823,95318221.69416677
1584835200,2020-03-22,0.15809,0.16200,0.14588,0.14774,66384627.93287919
1584921600,2020-03-23,0.14748,0.16200,0.14500,0.15887,161801095.01968669
1585008000,2020-03-24,0.15943,0.16493,0.15756,0.16298,186418343.66157584
1585094400,2020-03-25,0.16267,0.16576,0.15708,0.16218,163007730.03002724
1585180800,2020-03-26,0.16213,0.17809,0.15983,0.17670,206574798.09274496
1585267200,2020-03-27,0.17672,0.18867,0.16951,0.17270,187185074.42495104
1585353600,2020-03-28,0.17231,0.18038,0.16640,0.17598,82888542.64815338
1585440000,2020-03-29,0.17610,0.17695,0.16190,0.16264,59404063.48684881
1585526400,2020-03-30,0.16288,0.17601,0.16226,0.17168,126848193.09278675
1585612800,2020-03-31,0.17122,0.17851,0.17055,0.17371,139271999.29201495
1585699200,2020-04-01,0.17383,0.17664,0.16818,0.17545,189134151.35298156
1585785600,2020-04-02,0.17568,0.18707,0.17452,0.17839,184524792.06314599
1585872000,2020-04-03,0.17792,0.18320,0.17589,0.17991,157531312.34018740
1585958400,2020-04-04,0.17963,0.18433,0.17764,0.18170,83761167.77673444
1586044800,2020-04-05,0.18166,0.18249,0.17618,0.17941,30459713.60445401
1586131200,2020-04-06,0.17942,0.19888,0.17926,0.19843,156214648.92695724
1586217600,2020-04-07,0.19828,0.20570,0.18979,0.19277,184117745.43489684
1586304000,2020-04-08,0.19299,0.20300,0.19135,0.20245,166654677.85278639
1586390400,2020-04-09,0.20241,0.20261,0.19420,0.19826,158591185.87328096
1586476800,2020-04-10,0.19853,0.19908,0.18163,0.18770,150258016.90943479
1586563200,2020-04-11,0.18803,0.19257,0.18517,0.18921,67725559.01290758
1586649600,2020-04-12,0.18919,0.19634,0.18645,0.18937,44808408.85912713
1586736000,2020-04-13,0.18900,0.18996,0.18014,0.18811,103092639.05729617
1586822400,2020-04-14,0.18835,0.19039,0.18351,0.18614,137730752.19426468
1586908800,2020-04-15,0.18612,0.19016,0.18010,0.18041,179574010.64707079
1586995200,2020-04-16,0.18013,0.19368,0.17372,0.19068,224744050.11457982
1587081600,2020-04-17,0.19078,0.19207,0.18645,0.18853,185749836.22563819
1587168000,2020-04-18,0.18883,0.19740,0.18845,0.19588,68332806.79852758
1587254400,2020-04-19,0.19598,0.19648,0.18801,0.18914,30547310.13841688
1587340800,2020-04-20,0.18918,0.19485,0.17797,0.18186,207751064.83116054
1587427200,2020-04-21,0.18176,0.18726,0.18128,0.18386,145720182.10534118
1587513600,2020-04-22,0.18386,0.19000,0.18208,0.18822,173859573.34762800
1587600000,2020-04-23,0.18817,0.19990,0.18556,0.19275,205522945.91743186
1587686400,2020-04-24,0.19274,0.19718,0.19209,0.19297,178352191.21245488
1587772800,2020-04-25,0.19354,0.19791,0.19171,0.19440,52023843.36697289
1587859200,2020-04-26,0.19469,0.19870,0.19207,0.19651,55843455.38577852
1587945600,2020-04-27,0.19661,0.20000,0.19432,0.19769,146033225.03046797
1588032000,2020-04-28,0.19795,0.21864,0.19469,0.21487,194518522.82253376
1588118400,2020-04-29,0.21459,0.23179,0.21410,0.22686,174894416.35874942
1588204800,2020-04-30,0.22666,0.23612,0.20835,0.21165,199345207.46319554
1588291200,2020-05-01,0.21152,0.22464,0.21148,0.21785,195353312.11970805
1588377600,2020-05-02,0.21807,0.22574,0.21555,0.22363,77033816.85833736
1588464000,2020-05-03,0.22383,0.22672,0.21539,0.21927,55242827.35768579
1588550400,2020-05-04,0.21965,0.22068,0.20725,0.21806,137680210.97246505
1588636800,2020-05-05,0.21826,0.22272,0.21300,0.21718,167186642.69131733
1588723200,2020-05-06,0.21724,0.22281,0.21015,0.21182,181986500.92014675
1588809600,2020-05-07,0.21195,0.22125,0.20987,0.21870,164121749.60532892
1588896000,2020-05-08,0.21915,0.22235,0.21444,0.21871,157760169.89302050
1588982400,2020-05-09,0.21894,0.22504,0.21558,0.21656,92738985.25238610
1589068800,2020-05-10,0.21606,0.21643,0.17898,0.19769,126223086.07912562
1589155200,2020-05-11,0.19782,0.20039,0.18436,0.19315,161481111.92698350
1589241600,2020-05-12,0.19262,0.20025,0.19134,0.19717,153291310.61872688
1589328000,2020-05-13,0.19718,0.20452,0.19574,0.20177,136764893.70705675
1589414400,2020-05-14,0.20204,0.20649,0.19820,0.20407,203638888.19933421
1589500800,2020-05-15,0.20418,0.20484,0.19442,0.19785,199601966.74129740
1589587200,2020-05-16,0.19792,0.20213,0.19645,0.19953,61764680.85979183
1589673600,2020-05-17,0.19927,0.20464,0.19875,0.20141,38556594.37170130
1589760000,2020-05-18,0.20142,0.20800,0.20106,0.20540,150129286.36637983
1589846400,2020-05-19,0.20519,0.20679,0.20072,0.20511,183634261.60218288
1589932800,2020-05-20,0.20512,0.20622,0.19729,0.20152,171893857.82614064
1590019200,2020-05-21,0.20149,0.20311,0.18880,0.19403,190605671.92638114
1590105600,2020-05-22,0.19424,0.20259,0.19183,0.20016,175231892.21673372
1590192000,2020-05-23,0.20044,0.20227,0.19786,0.19888,55678972.33796804
1590278400,2020-05-24,0.19857,0.20125,0.19203,0.19245,28356217.30601588
1590364800,2020-05-25,0.19262,0.19727,0.17500,0.19633,142992538.78826423
1590451200,2020-05-26,0.19611,0.19703,0.19130,0.19357,173296466.98439661
1590537600,2020-05-27,0.19383,0.20060,0.19351,0.19785,175088551.66261033
1590624000,2020-05-28,0.19783,0.20101,0.19476,0.20032,179399990.45774624
1590710400,2020-05-29,0.20070,0.20300,0.19602,0.19731,163782865.11153679
1590796800,2020-05-30,0.19734,0.20827,0.19578,0.20689,69224999.14607841
1590883200,2020-05-31,0.20720,0.21350,0.20001,0.20252,40707557.84402801
1590969600,2020-06-01,0.20168,0.21299,0.20127,0.21128,147262784.33969889
1591056000,2020-06-02,0.21129,0.21447,0.19614,0.20299,206933331.73781094
1591142400,2020-06-03,0.20312,0.20477,0.20076,0.20388,166336716.52605547
1591228800,2020-06-04,0.20405,0.20715,0.20005,0.20418,173625130.57454145
1591315200,2020-06-05,0.20445,0.20580,0.20115,0.20284,138003384.95287881
1591401600,2020-06-06,0.20257,0.20477,0.20108,0.20358,27988214.28030709
1591488000,2020-06-07,0.20350,0.20497,0.19843,0.20327,28884595.96462524
1591574400,2020-06-08,0.20348,0.20465,0.20124,0.20410,47709511.25658538
1591660800,2020-06-09,0.20425,0.20544,0.17100,0.20135,67760552.07734857
1591747200,2020-06-10,0.20138,0.20409,0.19921,0.20292,52231210.92745729
1591833600,2020-06-11,0.20280,0.20384,0.18409,0.18791,78278141.33077242
1591920000,2020-06-12,0.18781,0.19500,0.18675,0.19311,58264505.24687217
1592006400,2020-06-13,0.19293,0.19379,0.19078,0.19227,25908216.02209753
1592092800,2020-06-14,0.19234,0.19234,0.18845,0.18997,23090367.01518743
1592179200,2020-06-15,0.18983,0.19357,0.18181,0.19244,76750204.35359417
1592265600,2020-06-16,0.19265,0.19435,0.18992,0.19229,47909724.25328297
1592352000,2020-06-17,0.19235,0.19880,0.18808,0.19296,78966149.18627298
1592438400,2020-06-18,0.19312,0.19312,0.18800,0.18962,54851684.97786962
1592524800,2020-06-19,0.18971,0.19013,0.18630,0.18708,61556693.14446927
1592611200,2020-06-20,0.18697,0.18878,0.18441,0.18780,31718510.84591359
1592697600,2020-06-21,0.18788,0.18833,0.18533,0.18571,24000331.14868816
1592784000,2020-06-22,0.18576,0.19051,0.18544,0.18943,55011229.10422585
1592870400,2020-06-23,0.18967,0.19049,0.18823,0.18873,40796534.65171762
1592956800,2020-06-24,0.18873,0.19003,0.18129,0.18342,70834033.50137862
1593043200,2020-06-25,0.18339,0.18387,0.17839,0.18133,63718275.59501086
1593129600,2020-06-26,0.18130,0.18678,0.17809,0.18227,83666269.74442499
1593216000,2020-06-27,0.18241,0.18336,0.16918,0.17511,62347702.54125260
1593302400,2020-06-28,0.17492,0.17978,0.17301,0.17696,41029745.75179240
1593388800,2020-06-29,0.17699,0.17924,0.17481,0.17709,65264245.20675849
1593475200,2020-06-30,0.17721,0.17776,0.17472,0.17508,69135296.71866668
1593561600,2020-07-01,0.17512,0.17832,0.17362,0.17657,57531003.65674378
1593648000,2020-07-02,0.17652,0.17760,0.17211,0.17478,73613838.01678185
1593734400,2020-07-03,0.17467,0.17861,0.17438,0.17631,56727387.19068554
1593820800,2020-07-04,0.17603,0.17968,0.17601,0.17809,27173820.29020759
1593907200,2020-07-05,0.17805,0.17888,0.17384,0.17724,25816550.05140427
1593993600,2020-07-06,0.17706,0.18925,0.17651,0.18887,79240927.02537297
1594080000,2020-07-07,0.18871,0.18969,0.18277,0.18521,65971606.37398390
1594166400,2020-07-08,0.18498,0.20683,0.18376,0.20561,145819141.65970962
1594252800,2020-07-09,0.20518,0.21155,0.19666,0.20265,133573904.99684832
1594339200,2020-07-10,0.20258,0.20275,0.19230,0.19887,81164469.13397063
1594425600,2020-07-11,0.19905,0.20459,0.19792,0.20097,45688726.87775878
1594512000,2020-07-12,0.20089,0.20402,0.19772,0.20112,33332222.95498357
1594598400,2020-07-13,0.20127,0.20640,0.19217,0.19852,75654349.72880562
1594684800,2020-07-14,0.19840,0.19975,0.19486,0.19895,53706310.65383531
1594771200,2020-07-15,0.19905,0.19987,0.19614,0.19700,44952523.67434708
1594857600,2020-07-16,0.19701,0.19744,0.18803,0.19423,59538453.96180904
1594944000,2020-07-17,0.19432,0.19795,0.19108,0.19445,42343465.71654651
1595030400,2020-07-18,0.19430,0.20206,0.19369,0.19989,38696248.00771904
1595116800,2020-07-19,0.19988,0.20205,0.19583,0.19944,31226580.49382898
1595203200,2020-07-20,0.19958,0.20012,0.19175,0.19466,51103587.45800559
1595289600,2020-07-21,0.19459,0.20105,0.19397,0.19954,54216933.25279470
1595376000,2020-07-22,0.19957,0.20478,0.19604,0.20378,54650089.25448148
1595462400,2020-07-23,0.20415,0.21056,0.20181,0.20868,76521438.43380068
1595548800,2020-07-24,0.20860,0.20874,0.20200,0.20412,55729692.56998751
1595635200,2020-07-25,0.20412,0.21777,0.20394,0.21491,54876758.44217467
1595721600,2020-07-26,0.21455,0.22505,0.21308,0.21529,84164789.46387269
1595808000,2020-07-27,0.21527,0.22948,0.20970,0.22442,139293717.42388874
1595894400,2020-07-28,0.22463,0.23492,0.21735,0.23073,158395665.02134999
1595980800,2020-07-29,0.23074,0.24993,0.22954,0.24341,157610953.09023116
1596067200,2020-07-30,0.24345,0.24987,0.23475,0.24464,108493799.53856665
1596153600,2020-07-31,0.24438,0.26069,0.24208,0.25973,83330515.88860087
1596240000,2020-08-01,0.25978,0.29800,0.25607,0.29139,137172803.17751737
1596326400,2020-08-02,0.29110,0.32655,0.25000,0.28772,166662439.75521050
1596412800,2020-08-03,0.28891,0.32037,0.28409,0.31041,109329702.15550022
1596499200,2020-08-04,0.31033,0.31950,0.29100,0.30155,87426710.64215192
1596585600,2020-08-05,0.30155,0.30837,0.29072,0.30266,75631377.39489877
1596672000,2020-08-06,0.30250,0.31154,0.29749,0.30319,73540520.75881455
1596758400,2020-08-07,0.30311,0.31042,0.27803,0.29487,82482753.57125423
1596844800,2020-08-08,0.29473,0.29900,0.29022,0.29573,39922330.37808580
1596931200,2020-08-09,0.29544,0.29858,0.28233,0.28800,42522705.61070077
1597017600,2020-08-10,0.28823,0.30078,0.28277,0.29466,78890444.14618610
1597104000,2020-08-11,0.29466,0.30776,0.27000,0.28291,105566584.58579454
1597190400,2020-08-12,0.28284,0.28750,0.27201,0.28219,59203831.45263547
1597276800,2020-08-13,0.28213,0.29580,0.27257,0.29482,76368911.60531208
1597363200,2020-08-14,0.29496,0.30761,0.29000,0.30026,83038291.50698830
1597449600,2020-08-15,0.30055,0.30529,0.29164,0.29920,47214830.92170797
1597536000,2020-08-16,0.29871,0.30471,0.29200,0.30442,34902639.96846296
1597622400,2020-08-17,0.30450,0.32911,0.29731,0.31543,102889619.65903544
1597708800,2020-08-18,0.31584,0.32180,0.29759,0.30256,64671093.71679389
1597795200,2020-08-19,0.30305,0.30624,0.27902,0.28970,78906075.85839461
1597881600,2020-08-20,0.28977,0.29480,0.28461,0.29236,48791421.12535013
1597968000,2020-08-21,0.29204,0.29592,0.27707,0.27885,67924116.87986040
1598054400,2020-08-22,0.27913,0.28669,0.27343,0.28610,40327114.62308531
1598140800,2020-08-23,0.28622,0.28809,0.27750,0.28469,23944560.99502697
1598227200,2020-08-24,0.28480,0.29200,0.28229,0.28868,38718804.70852511
1598313600,2020-08-25,0.28846,0.28972,0.27003,0.27640,53457556.21690363
1598400000,2020-08-26,0.27646,0.28120,0.27403,0.27643,41283406.50755000
1598486400,2020-08-27,0.27674,0.27851,0.25460,0.26463,64756204.98146935
1598572800,2020-08-28,0.26463,0.27333,0.26010,0.27169,54352513.70968496
1598659200,2020-08-29,0.27193,0.27712,0.26885,0.27398,22627611.23548916
1598745600,2020-08-30,0.27402,0.28383,0.27396,0.28288,25091050.40972872
1598832000,2020-08-31,0.28296,0.28450,0.27772,0.28127,44888313.40594751
1598918400,2020-09-01,0.28139,0.29902,0.27589,0.29522,69396869.82435485
1599004800,2020-09-02,0.29507,0.30400,0.26335,0.27607,80190742.11862030
1599091200,2020-09-03,0.27567,0.27682,0.23890,0.24483,100199082.24780208
1599177600,2020-09-04,0.24460,0.26599,0.24047,0.25443,101020235.27647778
1599264000,2020-09-05,0.25437,0.25964,0.23110,0.23730,71025547.25279690
1599350400,2020-09-06,0.23730,0.24335,0.23000,0.23986,48027215.25730545
1599436800,2020-09-07,0.23978,0.24295,0.22977,0.24216,49321127.42785182
1599523200,2020-09-08,0.24221,0.24360,0.23096,0.23650,57805572.02149560
1599609600,2020-09-09,0.23655,0.24300,0.23312,0.23900,46955328.03881527
1599696000,2020-09-10,0.23906,0.24886,0.23897,0.24313,57422514.92279508
1599782400,2020-09-11,0.24329,0.24464,0.23692,0.24253,46928955.17132337
1599868800,2020-09-12,0.24280,0.24875,0.24025,0.24742,23906546.98874345
1599955200,2020-09-13,0.24755,0.25332,0.23763,0.24219,32447797.13453380
1600041600,2020-09-14,0.24196,0.24863,0.23912,0.24558,45621793.84476065
1600128000,2020-09-15,0.24583,0.24920,0.24228,0.24326,51205580.98437038
1600214400,2020-09-16,0.24327,0.25125,0.23431,0.24682,61539096.40044922
1600300800,2020-09-17,0.24698,0.25849,0.24604,0.25218,59338770.98026626
1600387200,2020-09-18,0.25217,0.25532,0.24627,0.25081,41451026.14368645
1600473600,2020-09-19,0.25075,0.25493,0.24684,0.25111,29039601.70899927
1600560000,2020-09-20,0.25062,0.25110,0.24239,0.24652,19752986.34232373
1600646400,2020-09-21,0.24652,0.24802,0.22919,0.23101,60527047.88725769
1600732800,2020-09-22,0.23101,0.23443,0.22932,0.23302,51645935.15779786
1600819200,2020-09-23,0.23292,0.23521,0.22051,0.22148,47942908.20599097
1600905600,2020-09-24,0.22111,0.23406,0.21950,0.23300,58357336.41538556
1600992000,2020-09-25,0.23301,0.24489,0.22962,0.24136,70206015.77949736
1601078400,2020-09-26,0.24188,0.24579,0.23795,0.24177,25666929.98124172
1601164800,2020-09-27,0.24157,0.24476,0.23746,0.24310,23138436.79890008
1601251200,2020-09-28,0.24338,0.24847,0.23900,0.24100,47847793.22888285
1601337600,2020-09-29,0.24068,0.24665,0.23840,0.24274,42791870.15291365
1601424000,2020-09-30,0.24275,0.24275,0.23744,0.24179,40637061.14429763
1601510400,2020-10-01,0.24194,0.24452,0.23351,0.23807,51386353.99406400
1601596800,2020-10-02,0.23752,0.23946,0.22860,0.23412,56443624.56415422
1601683200,2020-10-03,0.23388,0.23500,0.23266,0.23274,15779332.96771387
1601769600,2020-10-04,0.23271,0.25000,0.23163,0.24779,46008228.82918880
1601856000,2020-10-05,0.24811,0.25422,0.24641,0.25033,57400926.75344713
1601942400,2020-10-06,0.25065,0.25924,0.24030,0.24564,93458331.19284028
1602028800,2020-10-07,0.24543,0.25133,0.24063,0.24883,56677184.95312577
1602115200,2020-10-08,0.24883,0.25299,0.24211,0.25134,50214750.86349070
1602201600,2020-10-09,0.25122,0.25671,0.24955,0.25318,49139836.78557326
1602288000,2020-10-10,0.25321,0.26000,0.25303,0.25429,33242289.10649841
1602374400,2020-10-11,0.25395,0.25824,0.25338,0.25533,16635995.21577002
1602460800,2020-10-12,0.25554,0.25843,0.24901,0.25625,35791151.67518727
1602547200,2020-10-13,0.25608,0.26000,0.25268,0.25655,53451982.53004246
1602633600,2020-10-14,0.25683,0.25845,0.24604,0.24916,55943137.72028073
1602720000,2020-10-15,0.24926,0.25024,0.24310,0.24612,53375713.48864113
1602806400,2020-10-16,0.24576,0.24791,0.23777,0.24008,51710735.62963922
1602892800,2020-10-17,0.24056,0.24311,0.23892,0.24058,22356843.63768396
1602979200,2020-10-18,0.24030,0.24382,0.24019,0.24235,18001668.28220312
1603065600,2020-10-19,0.24244,0.24952,0.23952,0.24565,48137222.10413179
1603152000,2020-10-20,0.24567,0.25028,0.24142,0.24336,49225880.40456855
1603238400,2020-10-21,0.24343,0.25603,0.24279,0.25119,79677062.53449145
1603324800,2020-10-22,0.25135,0.26397,0.25135,0.25743,77433930.16526490
1603411200,2020-10-23,0.25721,0.25949,0.25030,0.25495,50456113.11244370
1603497600,2020-10-24,0.25509,0.25788,0.25279,0.25628,22457840.13898503
1603584000,2020-10-25,0.25590,0.25730,0.25135,0.25324,21039055.17036966
1603670400,2020-10-26,0.25324,0.25927,0.24360,0.24832,51933165.26889064
1603756800,2020-10-27,0.24821,0.25420,0.24771,0.25270,58430432.67204592
1603843200,2020-10-28,0.25288,0.25684,0.24444,0.24558,64455435.51337081
1603929600,2020-10-29,0.24564,0.24730,0.23970,0.24242,66330254.15391010
1604016000,2020-10-30,0.24245,0.24745,0.23104,0.23930,87250595.81951588
1604102400,2020-10-31,0.23936,0.24383,0.23767,0.23977,35916811.63146400
1604188800,2020-11-01,0.23973,0.24148,0.23679,0.23996,18583116.42070996
1604275200,2020-11-02,0.24022,0.24498,0.23315,0.23543,54429497.47211230
1604361600,2020-11-03,0.23519,0.24401,0.22803,0.23978,78086440.18776400
1604448000,2020-11-04,0.23978,0.24067,0.23230,0.23782,63314737.99849283
1604534400,2020-11-05,0.23824,0.24751,0.22770,0.24572,94714729.48995719
1604620800,2020-11-06,0.24587,0.26169,0.24540,0.25889,95068199.16016378
1604707200,2020-11-07,0.25890,0.26768,0.24468,0.24921,66165970.27712671
1604793600,2020-11-08,0.24921,0.25711,0.24773,0.25379,32216316.28938438
1604880000,2020-11-09,0.25397,0.25620,0.24571,0.25050,68029918.63549388
1604966400,2020-11-10,0.25073,0.26471,0.24834,0.25422,81635348.64428542
1605052800,2020-11-11,0.25422,0.26019,0.25256,0.25603,63246186.36850666
1605139200,2020-11-12,0.25619,0.25839,0.25254,0.25509,65428546.27010670
1605225600,2020-11-13,0.25490,0.26600,0.25394,0.26600,72178671.86426242
1605312000,2020-11-14,0.26601,0.27754,0.26137,0.26838,89982721.98692840
1605398400,2020-11-15,0.26880,0.27704,0.26434,0.26968,52642956.09085028
1605484800,2020-11-16,0.26952,0.29000,0.26757,0.28800,82567515.19201988
1605571200,2020-11-17,0.28825,0.30528,0.28780,0.30258,119030252.11670821
1605657600,2020-11-18,0.30284,0.30852,0.28168,0.29370,138502426.70177785
1605744000,2020-11-19,0.29393,0.30700,0.28409,0.30437,115573592.19821216
1605830400,2020-11-20,0.30380,0.33116,0.29701,0.33037,133348251.56272586
1605916800,2020-11-21,0.33010,0.46950,0.32999,0.46327,233434292.94726404
1606003200,2020-11-22,0.46384,0.49668,0.40000,0.44632,232589495.54383016
1606089600,2020-11-23,0.44696,0.62000,0.43001,0.61636,277494430.56608632
1606176000,2020-11-24,0.61800,0.79000,0.56297,0.69424,387447273.54945132
1606262400,2020-11-25,0.69481,0.72298,0.57397,0.63101,243804218.24942430
1606348800,2020-11-26,0.63000,0.65224,0.45601,0.53727,372322484.90087034
1606435200,2020-11-27,0.53766,0.59259,0.50323,0.56273,181348958.48083603
1606521600,2020-11-28,0.56300,0.64935,0.53733,0.62630,153816075.05379798
1606608000,2020-11-29,0.62653,0.63791,0.58323,0.60573,108270908.17468280
1606694400,2020-11-30,0.60584,0.68000,0.59659,0.66472,164149843.77423601
1606780800,2020-12-01,0.66495,0.68133,0.56913,0.61110,158833850.45265546
1606867200,2020-12-02,0.61143,0.63726,0.59407,0.63076,98163996.94323497
1606953600,2020-12-03,0.63000,0.64225,0.61544,0.63113,68221435.70255585
1607040000,2020-12-04,0.63080,0.63447,0.54243,0.55352,141566428.33989241
1607126400,2020-12-05,0.55279,0.59715,0.54829,0.58528,63646676.88385536
1607212800,2020-12-06,0.58524,0.62900,0.57893,0.62154,111426400.95837894
1607299200,2020-12-07,0.62300,0.62365,0.59065,0.60833,105183622.23477071
1607385600,2020-12-08,0.60832,0.61076,0.54928,0.55850,133157467.28270634
1607472000,2020-12-09,0.55853,0.60527,0.50310,0.58320,192897200.77960015
1607558400,2020-12-10,0.58441,0.58863,0.55229,0.57224,115458600.25475509
1607644800,2020-12-11,0.57436,0.58830,0.52500,0.53802,155394843.12133452
1607731200,2020-12-12,0.53803,0.55099,0.48501,0.50566,142647862.92052652
1607817600,2020-12-13,0.50629,0.52810,0.48601,0.51291,66440747.94928304
1607904000,2020-12-14,0.51315,0.51863,0.48831,0.49715,52586624.30262201
1607990400,2020-12-15,0.49843,0.50722,0.46202,0.46868,80599798.53861458
1608076800,2020-12-16,0.46851,0.57500,0.43703,0.57102,180213171.43175485
1608163200,2020-12-17,0.57010,0.65990,0.53580,0.57883,260456711.22648680
1608249600,2020-12-18,0.57800,0.61399,0.55111,0.58381,92185100.34109109
1608336000,2020-12-19,0.58522,0.60482,0.56650,0.57746,66883701.92255759
1608422400,2020-12-20,0.57769,0.58698,0.52847,0.55619,73303405.70866532
1608508800,2020-12-21,0.55555,0.56983,0.49800,0.51466,94770799.96063378
1608595200,2020-12-22,0.51572,0.52211,0.40000,0.44585,238708285.74994708
1608681600,2020-12-23,0.44571,0.44776,0.20982,0.26010,659490351.39253291
1608768000,2020-12-24,0.25944,0.37800,0.24080,0.33845,428240982.68927048
1608854400,2020-12-25,0.33938,0.38510,0.27800,0.31745,455964759.14299447
1608940800,2020-12-26,0.31767,0.32760,0.28300,0.29477,191496031.60522933
1609027200,2020-12-27,0.29466,0.31160,0.26599,0.28324,214851174.91057831
1609113600,2020-12-28,0.28323,0.31000,0.23400,0.24751,173257243.95167177
1609200000,2020-12-29,0.24748,0.25669,0.17000,0.22136,524856403.63473654
1609286400,2020-12-30,0.22103,0.23644,0.19173,0.21168,303763559.80393702
1609372800,2020-12-31,0.21141,0.22934,0.20525,0.21954,160265712.64397071
1609459200,2021-01-01,0.21963,0.25130,0.21624,0.23802,206791644.66096475
1609545600,2021-01-02,0.23802,0.23866,0.20824,0.22136,140543024.94606641
1609632000,2021-01-03,0.22102,0.23825,0.21529,0.22511,134261184.60390309
1609718400,2021-01-04,0.22581,0.26260,0.21555,0.23615,239279051.80909349
1609804800,2021-01-05,0.23606,0.24263,0.21750,0.22619,198051072.67674070
1609891200,2021-01-06,0.22644,0.29500,0.22185,0.24926,328870064.08544801
1609977600,2021-01-07,0.24941,0.37211,0.24585,0.32408,428808421.32153197
1610064000,2021-01-08,0.32500,0.34695,0.28501,0.32139,198069346.42749026
1610150400,2021-01-09,0.32072,0.34066,0.30573,0.32577,83551885.92844583
1610236800,2021-01-10,0.32539,0.36900,0.28312,0.31517,137704143.72173376
1610323200,2021-01-11,0.31498,0.31558,0.25200,0.28782,206086538.36287055
1610409600,2021-01-12,0.28791,0.30998,0.27700,0.29210,95231326.32589442
1610496000,2021-01-13,0.29223,0.31016,0.28452,0.30577,92774749.79046597
1610582400,2021-01-14,0.30601,0.30916,0.28302,0.29634,89717117.08697514
1610668800,2021-01-15,0.29646,0.30300,0.26089,0.28036,116280909.27046675
1610755200,2021-01-16,0.28004,0.29652,0.27518,0.27921,90730738.74767551
1610841600,2021-01-17,0.27908,0.28557,0.26795,0.27740,76691502.97908082
1610928000,2021-01-18,0.27767,0.28868,0.27165,0.28531,107559011.79043601
1611014400,2021-01-19,0.28560,0.32934,0.28403,0.29431,125316688.86945641
1611100800,2021-01-20,0.29475,0.31271,0.27847,0.29536,85196309.28961173
1611187200,2021-01-21,0.29689,0.30901,0.26000,0.26754,99432407.21747969
1611273600,2021-01-22,0.26798,0.27846,0.24000,0.27296,126575396.69081825
1611360000,2021-01-23,0.27261,0.28400,0.26570,0.27186,78164830.22873823
1611446400,2021-01-24,0.27123,0.27801,0.26843,0.27350,88616969.75843271
1611532800,2021-01-25,0.27364,0.28530,0.26689,0.26761,92720447.64199476
1611619200,2021-01-26,0.26728,0.27114,0.25822,0.26792,77406784.46130300
1611705600,2021-01-27,0.26866,0.26895,0.24369,0.25143,113754302.17962139
1611792000,2021-01-28,0.25079,0.27082,0.24781,0.26476,91449448.43255882
1611878400,2021-01-29,0.26496,0.31730,0.26032,0.28318,224352485.12244101
1611964800,2021-01-30,0.28329,0.51754,0.27869,0.44392,469138988.86703003
1612051200,2021-01-31,0.44514,0.51000,0.38757,0.49560,329104130.54178599
1612137600,2021-02-01,0.49553,0.75500,0.35930,0.37155,728558709.22743808
1612224000,2021-02-02,0.37155,0.41203,0.34000,0.37281,236135007.88695733
1612310400,2021-02-03,0.37290,0.41960,0.37286,0.39767,114345724.02318802
1612396800,2021-02-04,0.39795,0.48197,0.38000,0.44539,190037782.13102638
1612483200,2021-02-05,0.44631,0.47255,0.42227,0.45209,131295352.28786544
1612569600,2021-02-06,0.45272,0.45781,0.42226,0.44331,78987795.20241707
1612656000,2021-02-07,0.44466,0.45168,0.39102,0.41890,112975228.06019156
1612742400,2021-02-08,0.41895,0.47000,0.41328,0.45157,117504212.32377292
1612828800,2021-02-09,0.45198,0.49088,0.44882,0.47716,128704662.57137431
1612915200,2021-02-10,0.47721,0.54298,0.44880,0.50640,207178343.78040896
1613001600,2021-02-11,0.50572,0.53586,0.50018,0.52844,118661407.33465361
1613088000,2021-02-12,0.52884,0.62108,0.51984,0.61028,160045275.11511621
1613174400,2021-02-13,0.61028,0.64312,0.53100,0.63359,142451890.40606111
1613260800,2021-02-14,0.63440,0.64088,0.56029,0.59338,108951627.78286510
1613347200,2021-02-15,0.59339,0.60430,0.51100,0.54986,131685598.49571212
1613433600,2021-02-16,0.54924,0.58039,0.48120,0.51983,119691533.75093779
1613520000,2021-02-17,0.52024,0.55739,0.49387,0.53416,104180017.65073727
1613606400,2021-02-18,0.53819,0.56000,0.51846,0.53199,83337337.23831248
1613692800,2021-02-19,0.53247,0.58190,0.51352,0.56442,95229316.78645436
1613779200,2021-02-20,0.56501,0.58208,0.47400,0.51299,143445353.77449087
1613865600,2021-02-21,0.51201,0.55842,0.50401,0.54465,40635500.38868654
1613952000,2021-02-22,0.54568,0.64900,0.51430,0.56601,218894596.62811482
1614038400,2021-02-23,0.56640,0.57101,0.36840,0.47612,210277076.42872473
1614124800,2021-02-24,0.47661,0.50006,0.45155,0.46863,80262996.79682042
1614211200,2021-02-25,0.46874,0.48253,0.42474,0.43597,72169553.92276744
1614297600,2021-02-26,0.43608,0.45124,0.41100,0.42831,78622504.49078134
1614384000,2021-02-27,0.42869,0.45900,0.42728,0.43666,61851510.62947021
1614470400,2021-02-28,0.43643,0.43901,0.39319,0.41545,65728603.85219219
1614556800,2021-03-01,0.41741,0.45518,0.41299,0.44566,70090345.52811494
1614643200,2021-03-02,0.44556,0.45612,0.42060,0.43615,51600196.39806602
1614729600,2021-03-03,0.43567,0.46823,0.43062,0.44861,49946986.47982315
1614816000,2021-03-04,0.44832,0.49498,0.43500,0.48122,78561509.65724643
1614902400,2021-03-05,0.48181,0.48427,0.44595,0.45498,56640705.14398898
1614988800,2021-03-06,0.45496,0.47063,0.44946,0.46294,41925998.98617049
1615075200,2021-03-07,0.46347,0.46919,0.45676,0.46549,38786465.91148630
1615161600,2021-03-08,0.46650,0.48992,0.45456,0.47373,56666194.28046389
1615248000,2021-03-09,0.47449,0.48727,0.47140,0.48580,56251509.95453344
1615334400,2021-03-10,0.48582,0.48848,0.45503,0.46207,67926932.72979031
1615420800,2021-03-11,0.46137,0.46439,0.44036,0.45218,64074886.83598198
1615507200,2021-03-12,0.45218,0.46497,0.42320,0.43961,60782330.25208418
1615593600,2021-03-13,0.43895,0.46653,0.43225,0.45776,57914198.66883248
1615680000,2021-03-14,0.45858,0.46155,0.43623,0.43926,39777188.89759525
1615766400,2021-03-15,0.43884,0.44807,0.42230,0.43599,42010488.53582201
1615852800,2021-03-16,0.43646,0.52000,0.42725,0.46030,88423432.23456216
1615939200,2021-03-17,0.46126,0.48200,0.45324,0.46957,41650320.65852745
1616025600,2021-03-18,0.47047,0.49012,0.46600,0.46966,39995889.92673900
1616112000,2021-03-19,0.46863,0.47543,0.45858,0.46675,30970867.30053107
1616198400,2021-03-20,0.46652,0.55000,0.46443,0.52558,94292581.78298138
1616284800,2021-03-21,0.52623,0.54614,0.49575,0.51679,52618374.87455629
1616371200,2021-03-22,0.51654,0.60000,0.50143,0.54451,104812230.74560231
1616457600,2021-03-23,0.54468,0.59620,0.53450,0.54993,62318767.09902974
1616544000,2021-03-24,0.54863,0.56290,0.45230,0.48049,70268664.37768690
1616630400,2021-03-25,0.48011,0.52646,0.45657,0.51116,72534025.56192248
1616716800,2021-03-26,0.51085,0.57654,0.51085,0.56362,65546566.05889084
1616803200,2021-03-27,0.56401,0.57460,0.53367,0.54804,41317051.41978936
1616889600,2021-03-28,0.54764,0.56036,0.53913,0.54594,30185110.13795435
1616976000,2021-03-29,0.54553,0.57026,0.54354,0.56531,50927389.48425664
1617062400,2021-03-30,0.56514,0.58647,0.55887,0.56255,48414901.85344424
1617148800,2021-03-31,0.56233,0.57637,0.52700,0.57009,69714916.29114991
1617235200,2021-04-01,0.57022,0.59500,0.54846,0.57026,50975980.43884970
1617321600,2021-04-02,0.57071,0.60937,0.56519,0.60661,58900219.98007165
1617408000,2021-04-03,0.60756,0.64191,0.57342,0.57900,72402388.49713266
1617494400,2021-04-04,0.57865,0.63555,0.56623,0.63491,44748657.40171790
1617580800,2021-04-05,0.63541,0.93884,0.61946,0.91281,206674611.78395889
1617667200,2021-04-06,0.91509,1.11779,0.80200,1.09542,218991348.99696683
1617753600,2021-04-07,1.09848,1.10827,0.85534,0.91623,124478070.14631469
1617840000,2021-04-08,0.91636,1.07163,0.90082,1.05561,78538193.23355659
1617926400,2021-04-09,1.05712,1.08400,0.98129,1.01870,65915618.04643111
1618012800,2021-04-10,1.01762,1.40000,1.00601,1.37173,182078451.82988961
1618099200,2021-04-11,1.37582,1.49623,1.30407,1.35068,135137816.29551633
1618185600,2021-04-12,1.35118,1.47620,1.31777,1.46792,95414057.67165326
1618272000,2021-04-13,1.46900,1.88982,1.41769,1.79604,226029397.58785190
1618358400,2021-04-14,1.79693,1.96695,1.56077,1.83375,174582205.30176519
1618444800,2021-04-15,1.83640,1.88545,1.65108,1.75857,96878066.43604432
1618531200,2021-04-16,1.76186,1.81175,1.41251,1.55026,152078225.95791487
1618617600,2021-04-17,1.55183,1.74463,1.52117,1.54020,64152883.31346488
1618704000,2021-04-18,1.54140,1.56380,1.12899,1.41176,202344329.21379032
1618790400,2021-04-19,1.41164,1.53529,1.24955,1.30976,113219548.11704348
1618876800,2021-04-20,1.31193,1.44870,1.18079,1.38680,110885460.71576508
1618963200,2021-04-21,1.38736,1.46546,1.27600,1.29034,84353374.78115354
1619049600,2021-04-22,1.29076,1.42000,1.08677,1.15582,116027182.58839066
1619136000,2021-04-23,1.15456,1.19726,0.91500,1.17225,165621834.47349015
1619222400,2021-04-24,1.17044,1.17181,1.02200,1.05210,77393902.38973744
1619308800,2021-04-25,1.05214,1.15896,0.94163,1.03373,88521522.13543228
1619395200,2021-04-26,1.03514,1.37553,1.01650,1.36707,124338765.86033711
1619481600,2021-04-27,1.36559,1.46479,1.33207,1.40351,95559205.57212643
1619568000,2021-04-28,1.40795,1.44916,1.28356,1.35890,88009137.46461968
1619654400,2021-04-29,1.35898,1.41935,1.32775,1.39920,73380323.09124626
1619740800,2021-04-30,1.39822,1.64149,1.37479,1.60063,102673496.84863439
1619827200,2021-05-01,1.60069,1.66739,1.51256,1.65200,63967158.95280966
1619913600,2021-05-02,1.65343,1.65840,1.52569,1.56195,56357943.14957510
1620000000,2021-05-03,1.56179,1.62351,1.43800,1.55586,63905402.52953293
1620086400,2021-05-04,1.55589,1.55938,1.32106,1.38917,113638665.36914018
1620172800,2021-05-05,1.38783,1.62622,1.36800,1.61388,94876025.66658728
1620259200,2021-05-06,1.61401,1.76355,1.51484,1.60295,132879069.23154004
1620345600,2021-05-07,1.60452,1.69573,1.50587,1.58152,72018140.46918895
1620432000,2021-05-08,1.58066,1.62926,1.54300,1.56441,32255716.75998167
1620518400,2021-05-09,1.56470,1.59841,1.43500,1.53564,63054763.89564366
1620604800,2021-05-10,1.53653,1.62799,1.23500,1.39241,96777162.02209499
1620691200,2021-05-11,1.39363,1.49000,1.35694,1.48162,58018981.43586265
1620777600,2021-05-12,1.48085,1.54798,1.23789,1.26779,85837030.37187823
1620864000,2021-05-13,1.26851,1.39087,1.20064,1.36500,102993369.17931058
1620950400,2021-05-14,1.36414,1.44973,1.32356,1.40134,61621232.41922509
1621036800,2021-05-15,1.40092,1.58417,1.32211,1.48769,95035837.91670895
1621123200,2021-05-16,1.49199,1.61176,1.34000,1.45076,75335342.12649673
1621209600,2021-05-17,1.45018,1.56292,1.32549,1.49613,81006549.61280723
1621296000,2021-05-18,1.49732,1.70500,1.47201,1.59314,82422474.05434581
1621382400,2021-05-19,1.59593,1.64494,0.93850,1.06058,190371716.66706136
1621468800,2021-05-20,1.06564,1.29990,0.93363,1.18272,105550480.09709897
1621555200,2021-05-21,1.18260,1.22025,0.86880,1.00798,101920899.55758962
1621641600,2021-05-22,1.00649,1.01765,0.81956,0.90632,98099197.14706130
1621728000,2021-05-23,0.90662,0.96812,0.65100,0.79148,117642149.37352524
1621814400,2021-05-24,0.79129,0.99885,0.75391,0.99557,95236773.89704993
1621900800,2021-05-25,0.99510,1.06000,0.88178,0.97201,97762925.24552141
1621987200,2021-05-26,0.97650,1.07105,0.94657,1.03363,55546976.32720294
1622073600,2021-05-27,1.03255,1.04393,0.93140,0.97129,47229845.87840900
1622160000,2021-05-28,0.96762,0.98524,0.84609,0.89997,58672988.29528170
1622246400,2021-05-29,0.89870,0.94150,0.79346,0.83216,58864742.29644564
1622332800,2021-05-30,0.83354,0.93401,0.79788,0.90654,52943132.96795382
1622419200,2021-05-31,0.90618,1.05000,0.88103,1.04403,68214253.55762188
1622505600,2021-06-01,1.04233,1.10000,0.97506,1.00898,69905602.65373894
1622592000,2021-06-02,1.01089,1.04900,0.97937,1.02431,43714270.54880075
1622678400,2021-06-03,1.02364,1.07797,1.00686,1.04482,47608048.99450427
1622764800,2021-06-04,1.04589,1.04589,0.91500,0.96886,66608391.13841063
1622851200,2021-06-05,0.96951,0.99751,0.89215,0.92325,44839852.33453922
1622937600,2021-06-06,0.92371,0.95000,0.91710,0.94692,25316083.87315394
1623024000,2021-06-07,0.94640,0.97559,0.84006,0.86280,38765273.31173314
1623110400,2021-06-08,0.85958,0.88639,0.78363,0.87607,64462533.09966612
1623196800,2021-06-09,0.87298,0.92240,0.83051,0.92240,52269097.19123587
1623283200,2021-06-10,0.92300,0.92991,0.85287,0.86900,37397502.29435950
1623369600,2021-06-11,0.86936,0.87900,0.83394,0.84725,34929238.72432528
1623456000,2021-06-12,0.84725,0.84725,0.80565,0.83107,28161890.71870692
1623542400,2021-06-13,0.83365,0.88795,0.81722,0.88418,24269938.13397091
1623628800,2021-06-14,0.88420,0.93000,0.86288,0.89091,34823706.43405472
1623715200,2021-06-15,0.89066,0.90230,0.85538,0.86637,23506694.68839705
1623801600,2021-06-16,0.86442,0.87282,0.82572,0.83133,34272118.44835642
1623888000,2021-06-17,0.83125,0.86159,0.82316,0.84163,24676606.62831922
1623974400,2021-06-18,0.84055,0.84459,0.77000,0.79731,32100046.73589997
1624060800,2021-06-19,0.79455,0.80574,0.75638,0.75787,21504253.09406596
1624147200,2021-06-20,0.75911,0.78487,0.69694,0.77388,30768071.47876928
1624233600,2021-06-21,0.77544,0.77990,0.60334,0.60700,65899165.02336563
1624320000,2021-06-22,0.61022,0.64926,0.50969,0.54709,88119123.74636177
1624406400,2021-06-23,0.54766,0.66557,0.52106,0.63865,69391326.24906134
1624492800,2021-06-24,0.63905,0.69285,0.61629,0.67179,47476798.68320397
1624579200,2021-06-25,0.67321,0.68847,0.60127,0.61339,52890162.30745960
1624665600,2021-06-26,0.61109,0.63238,0.58153,0.61619,40057533.27421854
1624752000,2021-06-27,0.61549,0.65246,0.59644,0.64824,28354100.22796432
1624838400,2021-06-28,0.64845,0.65712,0.62486,0.64385,30370328.86730425
1624924800,2021-06-29,0.64435,0.73314,0.64213,0.70543,45174733.29180114
1625011200,2021-06-30,0.70520,0.71405,0.64777,0.70629,40316154.89294385
1625097600,2021-07-01,0.70643,0.70643,0.64000,0.65945,28818597.38014083
1625184000,2021-07-02,0.65933,0.66767,0.63297,0.65703,23599574.00891959
1625270400,2021-07-03,0.65632,0.68471,0.64360,0.67301,15753496.58914883
1625356800,2021-07-04,0.67270,0.70911,0.66583,0.69559,10618501.81105870
1625443200,2021-07-05,0.69540,0.69586,0.64482,0.65231,40333566.79690656
1625529600,2021-07-06,0.65230,0.67968,0.65165,0.66506,22746497.82666854
1625616000,2021-07-07,0.66383,0.67353,0.65012,0.65163,19693920.13744737
1625702400,2021-07-08,0.65025,0.65454,0.61049,0.62180,25843205.83391805
1625788800,2021-07-09,0.62155,0.64521,0.59201,0.63630,25711108.98379556
1625875200,2021-07-10,0.63667,0.64904,0.61301,0.62518,17321669.81391311
1625961600,2021-07-11,0.62624,0.64452,0.61720,0.63540,11352355.18885516
1626048000,2021-07-12,0.63622,0.65745,0.61795,0.62980,22656017.66531163
1626134400,2021-07-13,0.62851,0.64317,0.60878,0.61959,14562593.42929631
1626220800,2021-07-14,0.61955,0.62500,0.58593,0.62016,18514450.22635699
1626307200,2021-07-15,0.61931,0.62638,0.58800,0.59538,22417091.95642003
1626393600,2021-07-16,0.59820,0.61941,0.58730,0.58933,20280362.24336025
1626480000,2021-07-17,0.58983,0.59756,0.56016,0.58177,16237934.52583175
1626566400,2021-07-18,0.58163,0.60136,0.57201,0.58877,10585688.41514600
1626652800,2021-07-19,0.58540,0.58899,0.55327,0.55686,22642337.40947844
1626739200,2021-07-20,0.55824,0.56904,0.51622,0.52874,28489625.29401104
1626825600,2021-07-21,0.52741,0.58410,0.51984,0.57220,31256951.69749567
1626912000,2021-07-22,0.57104,0.60330,0.56169,0.59200,30485303.45112751
1626998400,2021-07-23,0.59246,0.61039,0.57539,0.60962,31817393.68862663
1627084800,2021-07-24,0.61007,0.62093,0.60034,0.60932,16710917.34124688
1627171200,2021-07-25,0.60871,0.61197,0.59108,0.60664,12297287.67109922
1627257600,2021-07-26,0.60726,0.67905,0.60581,0.62472,50240923.46046729
1627344000,2021-07-27,0.62441,0.65298,0.61288,0.64554,31744261.64161460
1627430400,2021-07-28,0.64483,0.75377,0.63080,0.73458,67604911.66687338
1627516800,2021-07-29,0.73290,0.76665,0.69758,0.74978,36732335.02111440
1627603200,2021-07-30,0.74956,0.76986,0.71235,0.75271,37850745.67132879
1627689600,2021-07-31,0.75271,0.75908,0.73781,0.74442,16520016.27087488
1627776000,2021-08-01,0.74696,0.77811,0.70163,0.72478,18397173.83937454
1627862400,2021-08-02,0.72510,0.77358,0.71555,0.73919,24730563.68583711
1627948800,2021-08-03,0.73713,0.74479,0.70083,0.71290,27854692.22490773
1628035200,2021-08-04,0.71292,0.73959,0.69501,0.73072,25826614.33017403
1628121600,2021-08-05,0.73075,0.73955,0.70064,0.73382,18569411.78505611
1628208000,2021-08-06,0.73341,0.75323,0.72243,0.74721,21272364.67801167
1628294400,2021-08-07,0.74771,0.81925,0.74224,0.81666,33257092.25559847
1628380800,2021-08-08,0.81659,0.84161,0.77205,0.77979,32700076.58351941
1628467200,2021-08-09,0.77986,0.82851,0.75947,0.81763,45616979.62694168
1628553600,2021-08-10,0.81628,0.86202,0.80021,0.85179,35156141.97726152
1628640000,2021-08-11,0.85125,1.09186,0.84805,1.01209,79622875.91022271
1628726400,2021-08-12,1.01094,1.04400,0.91369,0.96431,53872172.52742612
1628812800,2021-08-13,0.96600,1.09731,0.95196,1.08986,50597812.72641511
1628899200,2021-08-14,1.09103,1.31159,1.07099,1.28114,73494563.48234438
1628985600,2021-08-15,1.28042,1.34999,1.22579,1.28443,63758141.91388824
1629072000,2021-08-16,1.28602,1.32926,1.13844,1.18570,66499390.83634527
1629158400,2021-08-17,1.18919,1.22500,1.08654,1.09782,56061644.03846853
1629244800,2021-08-18,1.09697,1.19999,1.05200,1.14250,51665196.61036723
1629331200,2021-08-19,1.14548,1.23532,1.08878,1.23482,38718660.36941725
1629417600,2021-08-20,1.23507,1.28981,1.19916,1.26374,37721568.71471908
1629504000,2021-08-21,1.26365,1.28348,1.20365,1.21726,28358062.92934982
1629590400,2021-08-22,1.21684,1.25600,1.17543,1.22629,24425622.32876729
1629676800,2021-08-23,1.22754,1.30441,1.20600,1.24817,42565600.17565946
1629763200,2021-08-24,1.24522,1.26660,1.12280,1.13520,40472666.73993377
1629849600,2021-08-25,1.13584,1.17807,1.10712,1.17510,40851832.12386670
1629936000,2021-08-26,1.17340,1.18718,1.06272,1.07261,45953659.83647001
1630022400,2021-08-27,1.07226,1.19300,1.05137,1.19300,36148829.54694415
1630108800,2021-08-28,1.19111,1.19825,1.13350,1.14513,25580369.01496054
1630195200,2021-08-29,1.14781,1.16840,1.11267,1.13982,25708622.31854207
1630281600,2021-08-30,1.14145,1.15098,1.09475,1.10019,31479927.34074356
1630368000,2021-08-31,1.09870,1.24368,1.09200,1.18700,50183870.20519687
1630454400,2021-09-01,1.18260,1.23800,1.15896,1.23727,25501697.92128404
1630540800,2021-09-02,1.23517,1.29584,1.22233,1.25400,27867516.84412585
1630627200,2021-09-03,1.25356,1.32325,1.22100,1.29213,33150213.67862087
1630713600,2021-09-04,1.28801,1.29777,1.23527,1.25559,11650605.40498757
1630800000,2021-09-05,1.25655,1.31307,1.23736,1.30691,10836381.31789655
1630886400,2021-09-06,1.30830,1.41620,1.30830,1.39079,40053809.78238194
1630972800,2021-09-07,1.39086,1.39322,0.95003,1.12807,93123083.03770687
1631059200,2021-09-08,1.13079,1.14800,1.01488,1.09921,35315513.01353103
1631145600,2021-09-09,1.10047,1.13800,1.07304,1.08703,24200643.44629284
1631232000,2021-09-10,1.08726,1.24400,1.02978,1.05553,44316346.77202626
1631318400,2021-09-11,1.05563,1.11273,1.05200,1.07825,14508949.61197683
1631404800,2021-09-12,1.07833,1.12660,1.05800,1.11829,14038400.11602314
1631491200,2021-09-13,1.11854,1.12594,1.02355,1.06449,28345234.09338761
1631577600,2021-09-14,1.06517,1.09816,1.05758,1.09621,17966670.42549029
1631664000,2021-09-15,1.09546,1.13048,1.07952,1.12193,17623478.98805603
1631750400,2021-09-16,1.12090,1.13012,1.06681,1.09161,13461772.59470855
1631836800,2021-09-17,1.08892,1.10277,1.05148,1.06619,18296109.36911722
1631923200,2021-09-18,1.06638,1.09468,1.05713,1.07558,7560689.40906255
1632009600,2021-09-19,1.07491,1.08370,1.03856,1.04839,6573652.83224779
1632096000,2021-09-20,1.04839,1.04908,0.87500,0.91950,55151433.56247152
1632182400,2021-09-21,0.92160,0.95923,0.85770,0.87138,33416420.95246599
1632268800,2021-09-22,0.87348,1.00948,0.86811,1.00413,31072630.22337226
1632355200,2021-09-23,1.00454,1.01783,0.96860,1.00138,18948622.04943977
1632441600,2021-09-24,1.00207,1.00366,0.88600,0.94492,34335326.91970907
1632528000,2021-09-25,0.94462,0.95660,0.91680,0.94052,10958579.85503183
1632614400,2021-09-26,0.93998,0.95731,0.89268,0.94472,14209519.77295848
1632700800,2021-09-27,0.94319,0.98156,0.92013,0.92157,22274281.03902409
1632787200,2021-09-28,0.92209,0.94323,0.89000,0.89249,22077234.59255074
1632873600,2021-09-29,0.89141,0.99362,0.88672,0.92744,27073707.42905352
1632960000,2021-09-30,0.92702,0.96323,0.92129,0.95174,21319971.43367638
1633046400,2021-10-01,0.95407,1.06802,0.94440,1.04213,31225371.49338875
1633132800,2021-10-02,1.04166,1.07270,1.00829,1.03586,15410785.94508541
1633219200,2021-10-03,1.03703,1.08864,1.02100,1.05469,15024451.95799519
1633305600,2021-10-04,1.05469,1.06078,1.00694,1.04225,26060505.80088537
1633392000,2021-10-05,1.04372,1.08886,1.03817,1.08404,27810164.18959501
1633478400,2021-10-06,1.08343,1.10735,1.01800,1.07721,30570496.14060546
1633564800,2021-10-07,1.07797,1.09437,1.04400,1.06728,19246192.51821141
1633651200,2021-10-08,1.06751,1.09225,1.04573,1.06249,19243347.00175621
1633737600,2021-10-09,1.06386,1.20913,1.05747,1.15975,33218959.22649274
1633824000,2021-10-10,1.16107,1.23000,1.12699,1.13588,32043619.63403741
1633910400,2021-10-11,1.13588,1.18202,1.10260,1.13586,25038440.77277694
1633996800,2021-10-12,1.13586,1.13586,1.06500,1.10168,26359531.60157182
1634083200,2021-10-13,1.10155,1.13852,1.07480,1.12887,22631761.98919144
1634169600,2021-10-14,1.12770,1.15779,1.11739,1.13417,17776021.24900270
1634256000,2021-10-15,1.13353,1.16665,1.09197,1.14075,37048001.15672055
1634342400,2021-10-16,1.14115,1.18600,1.12948,1.13357,18074944.25156714
1634428800,2021-10-17,1.13477,1.14023,1.02200,1.09328,19836782.37017629
1634515200,2021-10-18,1.09513,1.10622,1.06400,1.08361,27943231.11170551
1634601600,2021-10-19,1.08333,1.10065,1.06400,1.09114,16423311.44357433
1634688000,2021-10-20,1.09159,1.15305,1.08716,1.14587,24725722.90728248
1634774400,2021-10-21,1.14673,1.16792,1.08500,1.08847,42879123.28428092
1634860800,2021-10-22,1.08881,1.12733,1.07100,1.08837,21393971.73529130
1634947200,2021-10-23,1.08898,1.10155,1.07558,1.09389,13166221.79824805
1635033600,2021-10-24,1.09452,1.09601,1.05290,1.08192,14223630.42935685
1635120000,2021-10-25,1.08218,1.10300,1.07837,1.09474,16133743.28451613
1635206400,2021-10-26,1.09456,1.16000,1.09020,1.10719,26831609.37518766
1635292800,2021-10-27,1.10690,1.12490,0.96000,0.99535,57906478.24560147
1635379200,2021-10-28,0.99817,1.08178,0.98168,1.05751,42082448.51425695
1635465600,2021-10-29,1.06088,1.09107,1.05329,1.08159,30453720.77079324
1635552000,2021-10-30,1.08265,1.11696,1.06200,1.08538,20286229.07425456
1635638400,2021-10-31,1.08486,1.15519,1.06933,1.11333,30033939.23228717
1635724800,2021-11-01,1.11480,1.13300,1.07047,1.09220,31289284.49842635
1635811200,2021-11-02,1.09354,1.14776,1.08674,1.13496,33709420.90401815
1635897600,2021-11-03,1.13623,1.23623,1.12700,1.21022,42308072.83002322
1635984000,2021-11-04,1.21139,1.25818,1.16356,1.20174,41174457.26036579
1636070400,2021-11-05,1.20130,1.20130,1.13300,1.15920,28992376.29829531
1636156800,2021-11-06,1.15810,1.17811,1.10000,1.15206,15927607.35902384
1636243200,2021-11-07,1.15159,1.23862,1.14609,1.21950,28621176.99603736
1636329600,2021-11-08,1.22137,1.29715,1.21975,1.28205,42570594.64678075
1636416000,2021-11-09,1.28101,1.28833,1.22477,1.25724,53735124.38306327
1636502400,2021-11-10,1.25693,1.34940,1.12000,1.19358,70001631.63172774
1636588800,2021-11-11,1.18797,1.25410,1.17731,1.21529,24814855.73350559
1636675200,2021-11-12,1.21451,1.23318,1.15331,1.18933,42160090.60404302
1636761600,2021-11-13,1.18882,1.20394,1.16789,1.18945,26696644.49290633
1636848000,2021-11-14,1.18920,1.19919,1.16850,1.18843,23389535.92822836
1636934400,2021-11-15,1.18883,1.22098,1.16524,1.17169,18706082.73306485
1637020800,2021-11-16,1.17227,1.17227,1.04092,1.08897,67375265.94781971
1637107200,2021-11-17,1.08957,1.11305,1.05901,1.09606,27302018.74059316
1637193600,2021-11-18,1.09594,1.16131,1.01569,1.04053,43667427.02868095
1637280000,2021-11-19,1.04149,1.10521,1.01847,1.09019,51655441.12015676
1637366400,2021-11-20,1.09288,1.10252,1.06200,1.09689,13825364.70314075
1637452800,2021-11-21,1.09739,1.09844,1.05674,1.06179,11624524.90963583
1637539200,2021-11-22,1.05996,1.07304,1.02675,1.03713,31932973.31817263
1637625600,2021-11-23,1.03643,1.07374,1.02025,1.06718,29150677.42098099
1637712000,2021-11-24,1.06726,1.07352,1.00661,1.03382,32670530.46584040
1637798400,2021-11-25,1.03324,1.06506,1.02238,1.04419,29354824.12141162
1637884800,2021-11-26,1.04434,1.04695,0.91024,0.94076,62662634.36550097
1637971200,2021-11-27,0.94023,0.96611,0.93400,0.94588,16455383.29349533
1638057600,2021-11-28,0.94459,0.96970,0.88567,0.96928,32572681.97763683
1638144000,2021-11-29,0.97020,1.00305,0.96397,0.99115,35516970.19181794
1638230400,2021-11-30,0.99099,1.03105,0.97114,0.99937,29054097.13555559
1638316800,2021-12-01,0.99888,1.01824,0.98045,0.99029,28169931.48296470
1638403200,2021-12-02,0.99005,0.99014,0.95590,0.97294,25236513.03528614
1638489600,2021-12-03,0.97218,0.98471,0.89197,0.92216,35354805.84693620
1638576000,2021-12-04,0.92163,0.92498,0.65200,0.84778,96156447.83902794
1638662400,2021-12-05,0.84699,0.86421,0.77108,0.80581,42444845.75961236
1638748800,2021-12-06,0.80581,0.83138,0.74865,0.82866,50058613.74249123
1638835200,2021-12-07,0.82923,0.84623,0.80500,0.81609,29097235.52611096
1638921600,2021-12-08,0.81712,0.88506,0.80423,0.86309,29261532.09840424
1639008000,2021-12-09,0.86516,0.93523,0.83201,0.85834,57518498.56431396
1639094400,2021-12-10,0.85926,0.88299,0.79260,0.79905,34596814.27959773
1639180800,2021-12-11,0.80010,0.84594,0.78445,0.83816,18588431.01552519
1639267200,2021-12-12,0.84025,0.85723,0.80951,0.84035,12902410.28797562
1639353600,2021-12-13,0.83947,0.84462,0.76123,0.78130,32362517.55215248
1639440000,2021-12-14,0.78247,0.82225,0.77223,0.81159,35755805.18587918
1639526400,2021-12-15,0.80966,0.84027,0.77723,0.82820,29935774.11172373
1639612800,2021-12-16,0.82712,0.83665,0.80347,0.80543,23698135.81057083
1639699200,2021-12-17,0.80465,0.83259,0.77623,0.79699,43309200.36029809
1639785600,2021-12-18,0.79711,0.83423,0.79190,0.82613,11907363.56975027
1639872000,2021-12-19,0.82616,0.84963,0.81988,0.83533,13026673.04565455
1639958400,2021-12-20,0.83535,0.91523,0.82500,0.87813,57541551.97327081
1640044800,2021-12-21,0.88163,0.96124,0.85269,0.94695,42716425.66735510
1640131200,2021-12-22,0.94760,0.97344,0.92323,0.95389,34168654.97597218
1640217600,2021-12-23,0.95431,1.02000,0.93799,0.99421,44206997.47751496
1640304000,2021-12-24,0.99514,0.99753,0.89729,0.91186,32213434.87402900
1640390400,2021-12-25,0.91196,0.93487,0.89923,0.92600,8170687.82966529
1640476800,2021-12-26,0.92512,0.93335,0.90556,0.92062,6617886.03443707
1640563200,2021-12-27,0.92124,0.95588,0.91458,0.92648,16677250.86285302
1640649600,2021-12-28,0.92670,0.92670,0.84608,0.85154,25248023.03976832
1640736000,2021-12-29,0.85183,0.86430,0.81114,0.81629,24429679.78701103
1640822400,2021-12-30,0.81736,0.86023,0.80243,0.83904,21663655.90447471
1640908800,2021-12-31,0.83826,0.85377,0.80282,0.82942,32132568.74235692
1640995200,2022-01-01,0.83017,0.85663,0.83016,0.85090,11470001.93377532
1641081600,2022-01-02,0.85096,0.86683,0.83750,0.85926,7368749.96468602
1641168000,2022-01-03,0.85870,0.85870,0.82134,0.83239,21056781.20240546
1641254400,2022-01-04,0.83307,0.84523,0.81500,0.82290,36598114.31966685
1641340800,2022-01-05,0.82296,0.83414,0.70923,0.77173,33113359.15580211
1641427200,2022-01-06,0.77224,0.79050,0.73800,0.78082,32565788.56740602
1641513600,2022-01-07,0.77872,0.77960,0.72847,0.76311,38061909.50922180
1641600000,2022-01-08,0.76488,0.77623,0.72300,0.74497,16815452.44249451
1641686400,2022-01-09,0.74497,0.76697,0.73827,0.75268,12227884.54757219
1641772800,2022-01-10,0.75281,0.75836,0.69592,0.74006,29545534.98792876
1641859200,2022-01-11,0.74054,0.77720,0.73039,0.77019,24322583.04906453
1641945600,2022-01-12,0.77084,0.80768,0.75723,0.79894,29776552.88565347
1642032000,2022-01-13,0.79777,0.80269,0.76123,0.76721,26907726.93624269
1642118400,2022-01-14,0.76841,0.79023,0.75195,0.77314,40792122.14200706
1642204800,2022-01-15,0.77472,0.78963,0.76868,0.77924,7808713.65154907
1642291200,2022-01-16,0.77961,0.78446,0.76813,0.77833,9053861.18554538
1642377600,2022-01-17,0.77915,0.78064,0.75016,0.76267,22687882.16478172
1642464000,2022-01-18,0.76243,0.76849,0.73623,0.75246,23027701.62564024
1642550400,2022-01-19,0.75134,0.75348,0.72365,0.73824,26331395.94219598
1642636800,2022-01-20,0.73950,0.76188,0.71623,0.71898,20875780.43547413
1642723200,2022-01-21,0.71907,0.72861,0.61300,0.63766,49970530.26457200
1642809600,2022-01-22,0.63604,0.65368,0.54614,0.59695,41941157.49605524
1642896000,2022-01-23,0.59614,0.63523,0.59012,0.62861,25420782.87396484
1642982400,2022-01-24,0.62888,0.62889,0.54889,0.61189,63205710.79317830
1643068800,2022-01-25,0.61266,0.62460,0.58740,0.61708,35967745.61771437
1643155200,2022-01-26,0.61805,0.66000,0.60532,0.62001,33297859.75201273
1643241600,2022-01-27,0.61718,0.62492,0.58966,0.60815,28516708.38210361
1643328000,2022-01-28,0.60773,0.61344,0.59151,0.61111,31378320.03775618
1643414400,2022-01-29,0.61106,0.62545,0.60918,0.61706,12443723.93354763
1643500800,2022-01-30,0.61603,0.62338,0.59753,0.60226,10247638.97689367
1643587200,2022-01-31,0.60100,0.62476,0.58036,0.61740,42736965.63602803
1643673600,2022-02-01,0.61723,0.63101,0.61186,0.62794,22921643.07395471
1643760000,2022-02-02,0.62939,0.63161,0.59437,0.60129,19316016.90244738
1643846400,2022-02-03,0.60170,0.61101,0.58921,0.61014,21226141.48917893
1643932800,2022-02-04,0.61069,0.65957,0.60421,0.65537,44832329.72570895
1644019200,2022-02-05,0.65699,0.68701,0.65028,0.66642,19898031.59126943
1644105600,2022-02-06,0.66740,0.68767,0.64250,0.68410,14562159.49963245
1644192000,2022-02-07,0.68521,0.83894,0.67201,0.83213,44971060.67675502
1644278400,2022-02-08,0.83423,0.91506,0.79286,0.87457,76533580.32639080
1644364800,2022-02-09,0.87735,0.91723,0.84479,0.87080,45591685.96283724
1644451200,2022-02-10,0.87223,0.89723,0.82079,0.82543,36871856.16451039
1644537600,2022-02-11,0.82557,0.83364,0.75100,0.75940,38742995.50600292
1644624000,2022-02-12,0.75983,0.85340,0.74602,0.82225,21392584.99203853
1644710400,2022-02-13,0.82050,0.84723,0.79097,0.80533,13408967.56327368
1644796800,2022-02-14,0.80814,0.81297,0.77777,0.80187,26306135.33326187
1644883200,2022-02-15,0.80202,0.86023,0.79626,0.84971,23448354.09546923
1644969600,2022-02-16,0.85181,0.85438,0.80887,0.83820,19581821.00475975
1645056000,2022-02-17,0.83778,0.84500,0.75423,0.76760,28122965.47801319
1645142400,2022-02-18,0.76873,0.80523,0.75623,0.78463,33385059.24491432
1645228800,2022-02-19,0.78360,0.85423,0.77023,0.82086,20881310.79098516
1645315200,2022-02-20,0.82289,0.82354,0.76500,0.77571,23208645.16070153
1645401600,2022-02-21,0.77988,0.80146,0.69588,0.70254,35824083.98797227
1645488000,2022-02-22,0.70303,0.72720,0.66888,0.72110,42593672.88840266
1645574400,2022-02-23,0.72192,0.74426,0.69300,0.69571,34091461.80691749
1645660800,2022-02-24,0.69641,0.72500,0.62158,0.69622,54040467.32607382
1645747200,2022-02-25,0.69692,0.78123,0.68262,0.76900,39318440.37579171
1645833600,2022-02-26,0.77078,0.79700,0.74123,0.75094,17856930.91642160
1645920000,2022-02-27,0.75038,0.76723,0.70423,0.72121,27027685.82525163
1646006400,2022-02-28,0.71698,0.79482,0.70823,0.78182,41091818.56742673
1646092800,2022-03-01,0.78158,0.80384,0.75669,0.78446,35745243.17425628
1646179200,2022-03-02,0.78293,0.78495,0.75619,0.76885,31292939.86227248
1646265600,2022-03-03,0.76941,0.78918,0.73384,0.75150,33707390.70479771
1646352000,2022-03-04,0.75069,0.75403,0.69454,0.71237,31375721.78341883
1646438400,2022-03-05,0.71238,0.76907,0.70534,0.75404,13719840.63354926
1646524800,2022-03-06,0.75294,0.75877,0.72112,0.72435,14708877.30668934
1646611200,2022-03-07,0.72440,0.75423,0.70323,0.72000,39714029.12219874
1646697600,2022-03-08,0.71923,0.73055,0.71264,0.72058,34222573.67453132
1646784000,2022-03-09,0.71967,0.77528,0.71967,0.76568,33472641.51407177
1646870400,2022-03-10,0.76572,0.77923,0.72200,0.73624,28223088.68398642
1646956800,2022-03-11,0.73594,0.81412,0.72511,0.80262,44089544.60212187
1647043200,2022-03-12,0.80342,0.84934,0.77873,0.78575,20074731.49731235
1647129600,2022-03-13,0.78480,0.80438,0.75150,0.76084,15233322.82636844
1647216000,2022-03-14,0.75834,0.77816,0.74560,0.77491,31363431.86720028
1647302400,2022-03-15,0.77426,0.77604,0.74140,0.76588,30487485.63724258
1647388800,2022-03-16,0.76652,0.79433,0.75763,0.79308,38151130.22285066
1647475200,2022-03-17,0.79190,0.80139,0.78300,0.79434,18957488.08341480
1647561600,2022-03-18,0.79373,0.80034,0.77623,0.79716,35416782.47562276
1647648000,2022-03-19,0.79716,0.82674,0.79221,0.81983,14639536.21080794
1647734400,2022-03-20,0.81930,0.82256,0.79598,0.80484,18862016.38573830
1647820800,2022-03-21,0.80524,0.85480,0.78786,0.83897,43818445.04102171
1647907200,2022-03-22,0.83762,0.86500,0.82823,0.83692,34253827.89408682
1647993600,2022-03-23,0.83665,0.84623,0.81750,0.83754,31737367.88056225
1648080000,2022-03-24,0.83731,0.85000,0.82735,0.84254,36185291.98575620
1648166400,2022-03-25,0.84290,0.84579,0.81923,0.82464,46914878.35503890
1648252800,2022-03-26,0.82441,0.83493,0.82080,0.83262,11560603.13567052
1648339200,2022-03-27,0.83243,0.85823,0.82827,0.85764,12185219.04027384
1648425600,2022-03-28,0.85746,0.91211,0.85348,0.86357,41991057.80730362
1648512000,2022-03-29,0.86371,0.88530,0.84315,0.85812,27746011.94293037
1648598400,2022-03-30,0.85765,0.87177,0.84608,0.86063,27407479.50016365
1648684800,2022-03-31,0.86128,0.87310,0.78016,0.81499,27160865.58055591
1648771200,2022-04-01,0.81623,0.83415,0.80665,0.82769,48831998.49506091
1648857600,2022-04-02,0.82722,0.85000,0.81972,0.82427,6628307.39024431
1648944000,2022-04-03,0.82440,0.85253,0.81500,0.84272,7798675.51534528
1649030400,2022-04-04,0.84180,0.84180,0.80500,0.82636,32826783.81721378
1649116800,2022-04-05,0.82637,0.83623,0.81500,0.81743,36203266.93866746
1649203200,2022-04-06,0.81743,0.81873,0.75674,0.76028,30792148.15463799
1649289600,2022-04-07,0.76414,0.79023,0.75283,0.78782,32425058.12660064
1649376000,2022-04-08,0.78756,0.79361,0.74723,0.75489,54017748.87190659
1649462400,2022-04-09,0.75564,0.76644,0.75370,0.76187,8379963.85973849
1649548800,2022-04-10,0.76149,0.77328,0.75321,0.75478,11675144.75610839
1649635200,2022-04-11,0.75396,0.75527,0.68086,0.69492,54111209.58161793
1649721600,2022-04-12,0.69515,0.72623,0.69137,0.71523,53911103.97279664
1649808000,2022-04-13,0.71513,0.72500,0.70174,0.72368,48838779.39662954
1649894400,2022-04-14,0.72282,0.74116,0.70852,0.72600,17194514.97628481
1649980800,2022-04-15,0.72655,0.79723,0.72650,0.78472,18086915.33738003
1650067200,2022-04-16,0.78627,0.79923,0.76682,0.78068,12136114.40614996
1650153600,2022-04-17,0.78198,0.78597,0.74823,0.75248,10306078.54669544
1650240000,2022-04-18,0.75205,0.77022,0.72818,0.77022,31488700.61419015
1650326400,2022-04-19,0.76949,0.78223,0.75874,0.77519,28883327.24667762
1650412800,2022-04-20,0.77433,0.77521,0.74220,0.75211,28790483.50692230
1650499200,2022-04-21,0.75140,0.76823,0.71823,0.73257,32436667.11798643
1650585600,2022-04-22,0.73256,0.73846,0.71408,0.71766,27707316.54541917
1650672000,2022-04-23,0.71826,0.72677,0.70265,0.70560,9026599.38752666
1650758400,2022-04-24,0.70591,0.71195,0.69500,0.69795,10552043.16215085
1650844800,2022-04-25,0.69832,0.69939,0.64567,0.69331,45861029.50758454
1650931200,2022-04-26,0.69338,0.70613,0.62788,0.64230,43491888.06258841
1651017600,2022-04-27,0.64229,0.66275,0.63643,0.65193,35472828.81490121
1651104000,2022-04-28,0.65225,0.65701,0.63279,0.64296,35853745.44297492
1651190400,2022-04-29,0.64294,0.64679,0.59950,0.61149,55607221.57978159
1651276800,2022-04-30,0.61225,0.62859,0.56646,0.58509,15209027.75306961
1651363200,2022-05-01,0.58401,0.61234,0.57601,0.60808,13010459.10479128
1651449600,2022-05-02,0.60613,0.63094,0.59815,0.61434,47538176.98447454
1651536000,2022-05-03,0.61575,0.62776,0.59575,0.60454,28635994.43052590
1651622400,2022-05-04,0.60463,0.65006,0.60463,0.64592,37458148.49552806
1651708800,2022-05-05,0.64532,0.65701,0.58000,0.59843,40380752.81420766
1651795200,2022-05-06,0.59785,0.61612,0.58707,0.60192,68489253.47586797
1651881600,2022-05-07,0.60244,0.60415,0.56931,0.58045,7081683.13081135
1651968000,2022-05-08,0.58026,0.58235,0.55723,0.56609,12115226.54604456
1652054400,2022-05-09,0.56568,0.57835,0.46842,0.48694,46447279.19626044
1652140800,2022-05-10,0.49015,0.53612,0.47254,0.51313,43438955.87070629
1652227200,2022-05-11,0.51300,0.52255,0.36444,0.41464,70612598.38508041
1652313600,2022-05-12,0.41543,0.42771,0.33362,0.38442,104593528.67232516
1652400000,2022-05-13,0.38467,0.46391,0.38055,0.42153,124228345.66014180
1652486400,2022-05-14,0.42334,0.43995,0.39500,0.42568,26302666.88329778
1652572800,2022-05-15,0.42280,0.44893,0.41452,0.44757,16791773.02110926
1652659200,2022-05-16,0.44625,0.44625,0.40800,0.42105,54635122.34461349
1652745600,2022-05-17,0.42283,0.43964,0.41670,0.43704,56094281.69997289
1652832000,2022-05-18,0.43920,0.44175,0.40308,0.40437,49297520.25910289
1652918400,2022-05-19,0.40657,0.42342,0.39000,0.42010,48071087.79743330
1653004800,2022-05-20,0.41917,0.44000,0.40071,0.41037,87839845.28511583
1653091200,2022-05-21,0.40991,0.41729,0.40322,0.41393,9866474.78179265
1653177600,2022-05-22,0.41406,0.42451,0.40948,0.42133,14860138.72208781
1653264000,2022-05-23,0.42080,0.42805,0.40000,0.40408,48188365.79938376
1653350400,2022-05-24,0.40407,0.41308,0.39032,0.40800,56626324.03190039
1653436800,2022-05-25,0.40813,0.41243,0.39409,0.40519,52623081.67584659
1653523200,2022-05-26,0.40628,0.41037,0.37501,0.39180,62303296.66857527
1653609600,2022-05-27,0.39259,0.40221,0.37553,0.38121,107592873.50473937
1653696000,2022-05-28,0.38166,0.38812,0.38000,0.38592,16521040.70534058
1653782400,2022-05-29,0.38628,0.38979,0.37936,0.38850,16577742.40324330
1653868800,2022-05-30,0.38886,0.41947,0.38657,0.41827,57969691.50914564
1653955200,2022-05-31,0.41785,0.43282,0.40605,0.42073,53856966.12477760
1654041600,2022-06-01,0.42091,0.42600,0.38854,0.39777,62167685.56608615
1654128000,2022-06-02,0.39699,0.40664,0.38951,0.40479,56454535.45915988
1654214400,2022-06-03,0.40468,0.40974,0.38255,0.38965,82024562.84332488
1654300800,2022-06-04,0.39027,0.39390,0.38429,0.39226,8678095.53530875
1654387200,2022-06-05,0.39223,0.39918,0.38931,0.39510,12981517.77714735
1654473600,2022-06-06,0.39495,0.40873,0.39384,0.40263,57856592.78099322
1654560000,2022-06-07,0.40071,0.41657,0.38367,0.40746,60688262.12350181
1654646400,2022-06-08,0.40765,0.40988,0.39422,0.39999,50760733.26029345
1654732800,2022-06-09,0.40050,0.40347,0.39554,0.39963,41751585.31322263
1654819200,2022-06-10,0.39963,0.41104,0.37554,0.38106,87633340.60726210
1654905600,2022-06-11,0.38088,0.38804,0.35515,0.35960,16352568.27289203
1654992000,2022-06-12,0.35962,0.36486,0.33935,0.34278,25572316.87922682
1655078400,2022-06-13,0.34330,0.35004,0.30070,0.31072,93145451.00990675
1655164800,2022-06-14,0.31133,0.32554,0.29338,0.32108,81476593.54301007
1655251200,2022-06-15,0.32101,0.34654,0.29733,0.34371,90279376.90886310
1655337600,2022-06-16,0.34290,0.34704,0.30689,0.31261,72671109.47101330
1655424000,2022-06-17,0.31267,0.33918,0.31025,0.32064,87781219.90662104
1655510400,2022-06-18,0.32040,0.32579,0.28704,0.30752,28010184.63114847
1655596800,2022-06-19,0.30777,0.33200,0.29781,0.32585,34179639.64751138
1655683200,2022-06-20,0.32570,0.32804,0.31304,0.32214,63663897.24872299
1655769600,2022-06-21,0.32209,0.33692,0.31804,0.32842,55811948.53155555
1655856000,2022-06-22,0.32757,0.32918,0.31803,0.32198,53641051.26400005
1655942400,2022-06-23,0.32240,0.33641,0.32100,0.33526,52087736.77611105
1656028800,2022-06-24,0.33526,0.38709,0.33523,0.36673,117787764.85939205
1656115200,2022-06-25,0.36710,0.37354,0.35404,0.36716,13249076.05521113
1656201600,2022-06-26,0.36659,0.37454,0.35754,0.35866,20361039.35352812
1656288000,2022-06-27,0.35872,0.36680,0.34701,0.35303,69133145.08897442
1656374400,2022-06-28,0.35344,0.35545,0.33499,0.33700,84966396.82824968
1656460800,2022-06-29,0.33715,0.34093,0.31979,0.32881,82241070.92518584
1656547200,2022-06-30,0.32884,0.33304,0.30557,0.33233,83036794.88920243
1656633600,2022-07-01,0.33240,0.33559,0.30929,0.31234,117801763.21375027
1656720000,2022-07-02,0.31352,0.31739,0.30891,0.31506,21942533.34413727
1656806400,2022-07-03,0.31533,0.32517,0.30830,0.32104,23512494.59762082
1656892800,2022-07-04,0.32112,0.32929,0.31392,0.32793,61957133.70562096
1656979200,2022-07-05,0.32808,0.33043,0.31182,0.32493,72435567.93336349
1657065600,2022-07-06,0.32546,0.33354,0.31839,0.33200,79850756.48680994
1657152000,2022-07-07,0.33205,0.34504,0.32585,0.34180,68052029.57093485
1657238400,2022-07-08,0.34215,0.35853,0.33462,0.33927,104874226.74211915
1657324800,2022-07-09,0.33989,0.34738,0.33910,0.34509,13109030.82821061
1657411200,2022-07-10,0.34458,0.34458,0.31915,0.32484,22489695.41693215
1657497600,2022-07-11,0.32518,0.32861,0.31054,0.31500,63280443.50671185
1657584000,2022-07-12,0.31450,0.31757,0.30725,0.31118,59219882.37315655
1657670400,2022-07-13,0.31012,0.32553,0.30200,0.32353,64414086.68927620
1657756800,2022-07-14,0.32358,0.33360,0.31193,0.33349,59155041.58977915
1657843200,2022-07-15,0.33340,0.34846,0.32660,0.33386,93657491.37696743
1657929600,2022-07-16,0.33412,0.35610,0.33115,0.35041,22064999.29906069
1658016000,2022-07-17,0.35089,0.36104,0.34080,0.34282,17085488.49194388
1658102400,2022-07-18,0.34330,0.36965,0.34282,0.36553,58881287.78976880
1658188800,2022-07-19,0.36552,0.37654,0.35130,0.37330,56490102.97535143
1658275200,2022-07-20,0.37266,0.38158,0.35743,0.36331,48560664.31062071
1658361600,2022-07-21,0.36175,0.36840,0.34811,0.36661,44788995.29499859
1658448000,2022-07-22,0.36602,0.37128,0.35404,0.35836,55334263.57980179
1658534400,2022-07-23,0.35786,0.36249,0.34983,0.35946,5529495.48219813
1658620800,2022-07-24,0.35950,0.36664,0.35602,0.35894,8304124.03517667
1658707200,2022-07-25,0.35874,0.35979,0.33504,0.33625,55788524.34287905
1658793600,2022-07-26,0.33553,0.33804,0.32535,0.33804,51519050.91160545
1658880000,2022-07-27,0.33740,0.35965,0.33029,0.35929,48031328.64044792
1658966400,2022-07-28,0.35977,0.37904,0.34891,0.37395,49429958.56300611
1659052800,2022-07-29,0.37399,0.37985,0.35920,0.36796,90780559.11493140
1659139200,2022-07-30,0.36857,0.40985,0.36354,0.38770,19371444.08273458
1659225600,2022-07-31,0.38820,0.39885,0.37826,0.37952,12935028.95519049
1659312000,2022-08-01,0.37869,0.38597,0.37100,0.37965,55878258.46999425
1659398400,2022-08-02,0.37947,0.39404,0.36654,0.37146,52692560.37992700
1659484800,2022-08-03,0.37086,0.37711,0.36268,0.36957,51063439.41698000
1659571200,2022-08-04,0.36981,0.37489,0.36400,0.37120,41204328.20607460
1659657600,2022-08-05,0.37133,0.37887,0.36654,0.37647,87997297.20706320
1659744000,2022-08-06,0.37674,0.37833,0.37054,0.37129,4582235.83524585
1659830400,2022-08-07,0.37150,0.37703,0.36815,0.37240,12384369.67651943
1659916800,2022-08-08,0.37208,0.38447,0.37110,0.37891,50562360.64067107
1660003200,2022-08-09,0.37864,0.37983,0.36089,0.36796,34860579.20316595
1660089600,2022-08-10,0.36686,0.38133,0.35823,0.38126,44374946.77379339
1660176000,2022-08-11,0.38141,0.38554,0.37698,0.38014,44588618.05044949
1660262400,2022-08-12,0.38036,0.38043,0.37000,0.37990,95795825.09986722
1660348800,2022-08-13,0.37998,0.38754,0.37652,0.37745,8513474.22316880
1660435200,2022-08-14,0.37804,0.39191,0.37404,0.37531,16808744.56299207
1660521600,2022-08-15,0.37549,0.38465,0.36604,0.37485,46945901.23942120
1660608000,2022-08-16,0.37539,0.37805,0.36653,0.37708,58156375.75039432
1660694400,2022-08-17,0.37749,0.39204,0.36780,0.37899,58028325.35666735
1660780800,2022-08-18,0.37979,0.38104,0.36908,0.37025,68802220.89930785
1660867200,2022-08-19,0.37047,0.37048,0.33100,0.33458,108634228.20902608
1660953600,2022-08-20,0.33479,0.34257,0.33230,0.33727,6199026.24679100
1661040000,2022-08-21,0.33702,0.34862,0.33583,0.34457,11635396.50850394
1661126400,2022-08-22,0.34465,0.34504,0.33136,0.34392,76180422.67395261
1661212800,2022-08-23,0.34371,0.34777,0.33228,0.34679,60449948.65746501
1661299200,2022-08-24,0.34728,0.35231,0.33855,0.34542,58962597.40896785
1661385600,2022-08-25,0.34570,0.35188,0.34321,0.34964,51500341.20490838
1661472000,2022-08-26,0.34873,0.37118,0.33271,0.33855,92042781.70643348
1661558400,2022-08-27,0.33867,0.34476,0.32854,0.33467,10010477.18404488
1661644800,2022-08-28,0.33424,0.33730,0.32136,0.32167,17045358.82498265
1661731200,2022-08-29,0.32233,0.33420,0.31837,0.33371,97048143.08323631
1661817600,2022-08-30,0.33382,0.33566,0.31960,0.32646,88689507.50895716
1661904000,2022-08-31,0.32736,0.33354,0.32284,0.32772,56921147.82286763
1661990400,2022-09-01,0.32769,0.33333,0.32131,0.33295,60248790.21797710
1662076800,2022-09-02,0.33325,0.33515,0.32498,0.33123,116982609.64111691
1662163200,2022-09-03,0.33169,0.33704,0.32660,0.32952,5692671.37671221
1662249600,2022-09-04,0.32977,0.33254,0.32742,0.33158,11910400.68579249
1662336000,2022-09-05,0.33191,0.33364,0.32208,0.33288,83993835.47433291
1662422400,2022-09-06,0.33286,0.34304,0.31780,0.32096,106119080.68186382
1662508800,2022-09-07,0.32110,0.33854,0.31233,0.33691,68667995.73025680
1662595200,2022-09-08,0.33696,0.34336,0.32820,0.33949,70993476.10012562
1662681600,2022-09-09,0.33976,0.35954,0.33944,0.35732,119555205.77478881
1662768000,2022-09-10,0.35685,0.36200,0.35163,0.35746,16651005.68557509
1662854400,2022-09-11,0.35748,0.36030,0.34904,0.35517,25772738.26749193
1662940800,2022-09-12,0.35462,0.36000,0.34773,0.35985,103645349.76473983
1663027200,2022-09-13,0.36000,0.36027,0.33077,0.33257,84654887.71927759
1663113600,2022-09-14,0.33251,0.34404,0.33137,0.34161,58719212.30729181
1663200000,2022-09-15,0.34165,0.34264,0.32441,0.32620,141660126.62680443
1663286400,2022-09-16,0.32592,0.35807,0.32127,0.35508,44807003.25817634
1663372800,2022-09-17,0.35513,0.38039,0.34627,0.37617,23571005.27228134
1663459200,2022-09-18,0.37632,0.39754,0.35572,0.35783,41050602.65439016
1663545600,2022-09-19,0.35790,0.39287,0.33980,0.38471,115520840.29320849
1663632000,2022-09-20,0.38560,0.42304,0.36949,0.41558,107585949.53034633
1663718400,2022-09-21,0.41278,0.43350,0.38055,0.39587,84388246.05978971
1663804800,2022-09-22,0.39340,0.49954,0.39279,0.48468,81310225.41048607
1663891200,2022-09-23,0.48654,0.55829,0.45649,0.50676,154337494.36468821
1663977600,2022-09-24,0.50644,0.51940,0.47204,0.48790,30410992.03658554
1664064000,2022-09-25,0.48782,0.52053,0.47581,0.49174,38592205.66417613
1664150400,2022-09-26,0.49228,0.50156,0.45754,0.46839,123858396.53908023
1664236800,2022-09-27,0.46851,0.48744,0.43500,0.44554,88795508.49159322
1664323200,2022-09-28,0.44604,0.45504,0.41704,0.44905,73242904.68858523
1664409600,2022-09-29,0.44886,0.50952,0.42642,0.48590,74442132.48914605
1664496000,2022-09-30,0.48754,0.49854,0.46906,0.47947,94190048.31572421
1664582400,2022-10-01,0.47918,0.48604,0.46704,0.47535,9576568.15227902
1664668800,2022-10-02,0.47517,0.47850,0.44354,0.44810,20974416.45367137
1664755200,2022-10-03,0.44753,0.46930,0.43754,0.46238,91254276.62226504
1664841600,2022-10-04,0.46261,0.48557,0.45148,0.47948,72892272.83813536
1664928000,2022-10-05,0.47947,0.50154,0.47183,0.48940,65404181.94217970
1665014400,2022-10-06,0.48874,0.50590,0.48860,0.49288,48099864.36122714
1665100800,2022-10-07,0.49238,0.53331,0.48203,0.51938,50617639.63013671
1665187200,2022-10-08,0.51657,0.52900,0.51178,0.51638,7102822.89478274
1665273600,2022-10-09,0.51580,0.54800,0.50646,0.53189,11795976.41447534
1665360000,2022-10-10,0.53171,0.53780,0.49354,0.49354,78837817.07900925
1665446400,2022-10-11,0.49304,0.50205,0.47600,0.48601,66473818.44017547
1665532800,2022-10-12,0.48602,0.49597,0.47792,0.48863,31751517.47629766
1665619200,2022-10-13,0.48791,0.48937,0.43804,0.47920,57614202.81119041
1665705600,2022-10-14,0.48017,0.51176,0.47854,0.48844,44534177.69375714
1665792000,2022-10-15,0.48864,0.49012,0.47790,0.48140,3555500.18685331
1665878400,2022-10-16,0.48190,0.48719,0.46823,0.47677,6455915.01996543
1665964800,2022-10-17,0.47653,0.48225,0.46282,0.47963,63167389.16558627
1666051200,2022-10-18,0.48132,0.48411,0.45737,0.46587,49118020.03037803
1666137600,2022-10-19,0.46583,0.46648,0.44730,0.45068,34260510.42391086
1666224000,2022-10-20,0.45036,0.46452,0.42254,0.44669,41676766.66548673
1666310400,2022-10-21,0.44655,0.46177,0.43489,0.46174,45122248.46469820
1666396800,2022-10-22,0.46201,0.47054,0.45641,0.46521,4185897.40808060
1666483200,2022-10-23,0.46591,0.47240,0.45194,0.46889,7575811.04291861
1666569600,2022-10-24,0.46900,0.47282,0.44817,0.45333,67307742.08329800
1666656000,2022-10-25,0.45296,0.47281,0.44312,0.46073,51560001.93564130
1666742400,2022-10-26,0.46136,0.47136,0.45654,0.46893,28121650.72864836
1666828800,2022-10-27,0.46859,0.48211,0.45876,0.46360,13714851.26317112
1666915200,2022-10-28,0.46159,0.47554,0.45646,0.47441,13752395.84896038
1667001600,2022-10-29,0.47456,0.48380,0.46651,0.47046,15154355.01748669
1667088000,2022-10-30,0.47045,0.47327,0.45390,0.45835,18081462.17401494
1667174400,2022-10-31,0.45833,0.46739,0.44751,0.46474,52874499.47356925
1667260800,2022-11-01,0.46389,0.46692,0.45430,0.46355,24752684.62630005
1667347200,2022-11-02,0.46362,0.46562,0.44550,0.45006,12955022.76787646
1667433600,2022-11-03,0.44983,0.45953,0.44915,0.45502,12580639.07707743
1667520000,2022-11-04,0.45461,0.50739,0.45338,0.50664,32791804.40309902
1667606400,2022-11-05,0.50638,0.50970,0.48924,0.49315,10278251.28877126
1667692800,2022-11-06,0.49212,0.49457,0.46818,0.47115,14729094.40729979
1667779200,2022-11-07,0.47093,0.47993,0.45876,0.46498,70532230.26803002
1667865600,2022-11-08,0.46471,0.46672,0.33604,0.40624,164171936.00323919
1667952000,2022-11-09,0.40598,0.41141,0.31488,0.33137,116562296.12253721
1668038400,2022-11-10,0.33176,0.40155,0.32930,0.39339,93067806.18761992
1668124800,2022-11-11,0.39247,0.39709,0.36554,0.38323,27493340.60259651
1668211200,2022-11-12,0.38340,0.38381,0.35911,0.36328,11562584.45301405
1668297600,2022-11-13,0.36251,0.36877,0.33261,0.34049,26014499.70727060
1668384000,2022-11-14,0.33973,0.37854,0.32021,0.37720,152687879.94655733
1668470400,2022-11-15,0.37680,0.39698,0.36604,0.38817,79781350.52760351
1668556800,2022-11-16,0.38770,0.39060,0.36129,0.37499,47644529.89479743
1668643200,2022-11-17,0.37498,0.38673,0.36863,0.38142,46642781.56475312
1668729600,2022-11-18,0.38148,0.38767,0.37382,0.38234,29351701.28106375
1668816000,2022-11-19,0.38260,0.38787,0.37516,0.38396,7717973.34889378
1668902400,2022-11-20,0.38357,0.39570,0.35860,0.36086,28109429.43119652
1668988800,2022-11-21,0.36075,0.36790,0.34359,0.36413,121969497.53661902
1669075200,2022-11-22,0.36307,0.37722,0.34797,0.37525,80475124.32957613
1669161600,2022-11-23,0.37535,0.38151,0.36704,0.38119,67191492.15136173
1669248000,2022-11-24,0.38118,0.40437,0.37367,0.40137,26253459.70951045
1669334400,2022-11-25,0.39917,0.41832,0.38858,0.40732,26294647.83575223
1669420800,2022-11-26,0.40763,0.41373,0.39304,0.39601,7503587.29657617
1669507200,2022-11-27,0.39673,0.40904,0.39452,0.39666,7809617.06770137
1669593600,2022-11-28,0.39640,0.39869,0.37192,0.38875,117835591.88558315
1669680000,2022-11-29,0.38864,0.40354,0.38188,0.39808,68001949.11437950
1669766400,2022-11-30,0.39780,0.41124,0.39254,0.40789,42165295.86174116
1669852800,2022-12-01,0.40769,0.40929,0.39432,0.39684,35346447.71574628
1669939200,2022-12-02,0.39673,0.39740,0.38366,0.39583,38380817.79619629
1670025600,2022-12-03,0.39579,0.39695,0.38536,0.38716,7263277.46101233
1670112000,2022-12-04,0.38774,0.39317,0.38633,0.38952,19547696.55928546
1670198400,2022-12-05,0.38942,0.39528,0.38004,0.38955,57598301.85517168
1670284800,2022-12-06,0.38928,0.39236,0.38015,0.39138,55215676.11062914
1670371200,2022-12-07,0.39131,0.39236,0.37363,0.38346,56051051.82497416
1670457600,2022-12-08,0.38329,0.39617,0.38271,0.39432,31624812.56331362
1670544000,2022-12-09,0.39449,0.39505,0.38455,0.38885,63733437.11514060
1670630400,2022-12-10,0.38893,0.38903,0.38568,0.38664,3659013.98641548
1670716800,2022-12-11,0.38654,0.38857,0.37821,0.38084,16320077.51818750
1670803200,2022-12-12,0.38060,0.38976,0.37076,0.38712,82006573.79241082
1670889600,2022-12-13,0.38738,0.39853,0.37740,0.39507,120985901.28353481
1670976000,2022-12-14,0.39518,0.39547,0.37751,0.38510,103836579.55405462
1671062400,2022-12-15,0.38521,0.38669,0.37376,0.37850,110304500.90214269
1671148800,2022-12-16,0.37848,0.38064,0.34584,0.35171,182204631.60059208
1671235200,2022-12-17,0.35112,0.35704,0.34700,0.35469,32454726.33415133
1671321600,2022-12-18,0.35478,0.35554,0.34755,0.35005,12150792.79288919
1671408000,2022-12-19,0.35036,0.35328,0.33219,0.33916,195228768.73138607
1671494400,2022-12-20,0.33907,0.35322,0.33600,0.34800,160195456.39542387
1671580800,2022-12-21,0.34814,0.35028,0.33706,0.34498,118805901.33962534
1671667200,2022-12-22,0.34484,0.35049,0.34134,0.34961,99115283.62693645
1671753600,2022-12-23,0.34942,0.35495,0.34693,0.35452,82270814.23342748
1671840000,2022-12-24,0.35449,0.35451,0.35095,0.35203,6923976.30403026
1671926400,2022-12-25,0.35174,0.35177,0.34410,0.34558,13095333.96493309
1672012800,2022-12-26,0.34558,0.36999,0.34543,0.36613,68396105.75564652
1672099200,2022-12-27,0.36553,0.37303,0.35836,0.36734,83402962.80623659
1672185600,2022-12-28,0.36734,0.36850,0.35472,0.35596,72512708.23914838
1672272000,2022-12-29,0.35588,0.35761,0.33667,0.34240,93572001.44221153
1672358400,2022-12-30,0.34183,0.34604,0.33351,0.34536,51543307.12189230
1672444800,2022-12-31,0.34427,0.34472,0.33879,0.33902,8419436.52072773
1672531200,2023-01-01,0.33854,0.33991,0.33510,0.33839,9144698.99326773
1672617600,2023-01-02,0.33881,0.35504,0.30000,0.34832,82759255.73392282
1672704000,2023-01-03,0.34812,0.35202,0.34074,0.34358,119143897.52918094
1672790400,2023-01-04,0.34365,0.35226,0.34202,0.34794,66188069.27853099
1672876800,2023-01-05,0.34719,0.34864,0.33400,0.33789,52200091.14285753
1672963200,2023-01-06,0.33805,0.34600,0.33106,0.34435,59143664.58330120
1673049600,2023-01-07,0.34432,0.34556,0.34139,0.34449,4178470.55351620
1673136000,2023-01-08,0.34446,0.34684,0.33663,0.34451,10949920.19558021
1673222400,2023-01-09,0.34503,0.35750,0.34338,0.34924,145020102.04722445
1673308800,2023-01-10,0.34891,0.35413,0.34315,0.35124,99992440.58725489
1673395200,2023-01-11,0.35061,0.37804,0.34777,0.37284,77290163.32013875
1673481600,2023-01-12,0.37299,0.38110,0.35855,0.37477,57018010.61513220
1673568000,2023-01-13,0.37466,0.38683,0.36854,0.38622,55237019.36021019
1673654400,2023-01-14,0.38595,0.40860,0.37682,0.39479,21079586.58526828
1673740800,2023-01-15,0.39563,0.39659,0.37988,0.38483,9561616.18051925
1673827200,2023-01-16,0.38466,0.40642,0.37734,0.38627,114247659.68603047
1673913600,2023-01-17,0.38549,0.39873,0.37913,0.38702,76241565.01499019
1674000000,2023-01-18,0.38726,0.39617,0.36792,0.37897,63847401.15716204
1674086400,2023-01-19,0.37862,0.39590,0.37647,0.39299,55309751.21354784
1674172800,2023-01-20,0.39325,0.41404,0.38600,0.41307,50597401.64396733
1674259200,2023-01-21,0.41262,0.41640,0.39745,0.40336,17823844.79909768
1674345600,2023-01-22,0.40293,0.41206,0.39665,0.40120,10982586.67387772
1674432000,2023-01-23,0.40048,0.43285,0.39969,0.42343,119382250.29698460
1674518400,2023-01-24,0.42365,0.43119,0.40304,0.40785,60917930.72227467
1674604800,2023-01-25,0.40762,0.42434,0.39743,0.41704,35894435.07418012
1674691200,2023-01-26,0.41744,0.41792,0.40549,0.40950,32613912.26920762
1674777600,2023-01-27,0.40913,0.41360,0.39904,0.41291,27967926.04809146
1674864000,2023-01-28,0.41276,0.41670,0.40576,0.40809,6016330.53176960
1674950400,2023-01-29,0.40764,0.41737,0.40672,0.41317,8921945.47990207
1675036800,2023-01-30,0.41318,0.42212,0.38593,0.39318,106140505.31672979
1675123200,2023-01-31,0.39325,0.41129,0.38784,0.40575,68677228.84172207
1675209600,2023-02-01,0.40556,0.41570,0.39659,0.41394,39434259.35524620
1675296000,2023-02-02,0.41325,0.41914,0.40800,0.40959,36978518.34241494
1675382400,2023-02-03,0.41012,0.41369,0.40535,0.41190,35724176.09799467
1675468800,2023-02-04,0.41173,0.42031,0.40767,0.41055,8807703.20922473
1675555200,2023-02-05,0.41067,0.41184,0.39500,0.39856,13811961.82566756
1675641600,2023-02-06,0.39856,0.40377,0.39104,0.39214,99630844.75096859
1675728000,2023-02-07,0.39168,0.40486,0.39022,0.40379,58290580.52057408
1675814400,2023-02-08,0.40360,0.40604,0.39401,0.39775,29153797.10255169
1675900800,2023-02-09,0.39759,0.40895,0.37288,0.38175,56713367.59456652
1675987200,2023-02-10,0.38181,0.38782,0.37750,0.38214,26440468.95990829
1676073600,2023-02-11,0.38156,0.38416,0.38012,0.38367,5572851.43639092
1676160000,2023-02-12,0.38329,0.38504,0.37176,0.37448,11436083.54561577
1676246400,2023-02-13,0.37449,0.37839,0.36198,0.37047,198776624.43338788
1676332800,2023-02-14,0.37032,0.38410,0.36500,0.38234,150091602.08189603
1676419200,2023-02-15,0.38210,0.40239,0.37665,0.40127,34052273.99119336
1676505600,2023-02-16,0.40126,0.40466,0.38424,0.38499,44631320.15273685
1676592000,2023-02-17,0.38427,0.40006,0.38112,0.39507,38541986.25119687
1676678400,2023-02-18,0.39501,0.39754,0.39154,0.39443,4956612.11976957
1676764800,2023-02-19,0.39421,0.39809,0.38484,0.38619,11620905.95427071
1676851200,2023-02-20,0.38616,0.40898,0.37738,0.39842,143554182.89692013
1676937600,2023-02-21,0.39850,0.40244,0.38747,0.39217,85942308.15387177
1677024000,2023-02-22,0.39204,0.39754,0.38293,0.39539,23738003.05786543
1677110400,2023-02-23,0.39542,0.39800,0.38541,0.38851,41868359.15899761
1677196800,2023-02-24,0.38837,0.39093,0.37250,0.37859,40882366.69170197
1677283200,2023-02-25,0.37875,0.37938,0.36909,0.37795,6359469.68505826
1677369600,2023-02-26,0.37788,0.38052,0.37472,0.37804,8927742.33184230
1677456000,2023-02-27,0.37792,0.38029,0.36956,0.37880,143906201.06856472
1677542400,2023-02-28,0.37869,0.38268,0.37146,0.37663,98247221.03563655
1677628800,2023-03-01,0.37617,0.38475,0.37237,0.38363,56472355.01395863
1677715200,2023-03-02,0.38362,0.38453,0.37368,0.37732,62282672.94109334
1677801600,2023-03-03,0.37733,0.38054,0.35460,0.37729,54787507.65015493
1677888000,2023-03-04,0.37718,0.37993,0.36816,0.37356,8603743.74795845
1677974400,2023-03-05,0.37321,0.37735,0.36554,0.36690,12728001.37815367
1678060800,2023-03-06,0.36680,0.37418,0.35914,0.36976,158891461.98579172
1678147200,2023-03-07,0.36946,0.38445,0.36689,0.38020,113731524.70927415
1678233600,2023-03-08,0.38023,0.40129,0.37231,0.38840,55970214.79093861
1678320000,2023-03-09,0.38899,0.39732,0.36404,0.37073,77512987.01749959
1678406400,2023-03-10,0.37062,0.37518,0.35740,0.37126,76061201.41770440
1678492800,2023-03-11,0.37125,0.37782,0.36078,0.36642,60520942.82787774
1678579200,2023-03-12,0.36641,0.37404,0.35154,0.37403,41662931.43588881
1678665600,2023-03-13,0.37412,0.38104,0.35500,0.37372,182830666.90695556
1678752000,2023-03-14,0.37355,0.38843,0.36667,0.37306,52128603.56577684
1678838400,2023-03-15,0.37292,0.37739,0.35700,0.36039,32961558.01855727
1678924800,2023-03-16,0.36018,0.36770,0.35777,0.36555,19289850.41141231
1679011200,2023-03-17,0.36527,0.38300,0.36308,0.38095,28524324.22234932
1679097600,2023-03-18,0.38063,0.39032,0.37036,0.37470,10572195.32523196
1679184000,2023-03-19,0.37486,0.40105,0.37483,0.38697,12767186.17278321
1679270400,2023-03-20,0.38704,0.39231,0.37216,0.37477,34382108.43603378
1679356800,2023-03-21,0.37456,0.49400,0.37444,0.47030,73929716.41451340
1679443200,2023-03-22,0.47044,0.47604,0.41011,0.42215,62204586.64437228
1679529600,2023-03-23,0.42235,0.45633,0.41261,0.44507,46349117.15156270
1679616000,2023-03-24,0.44475,0.44475,0.41466,0.42637,55780202.90664750
1679702400,2023-03-25,0.42654,0.46504,0.42344,0.44384,23095611.58545201
1679788800,2023-03-26,0.44355,0.46385,0.44145,0.44832,20030553.63415876
1679875200,2023-03-27,0.44825,0.48885,0.44281,0.48001,59735112.80616292
1679961600,2023-03-28,0.47922,0.53411,0.46690,0.51452,88993466.52224597
1680048000,2023-03-29,0.51452,0.58482,0.51452,0.54293,68739566.70206241
1680134400,2023-03-30,0.54258,0.55758,0.52182,0.53250,24295435.98259301
1680220800,2023-03-31,0.53190,0.54894,0.52696,0.53800,20251125.50223738
1680307200,2023-04-01,0.53650,0.53723,0.49800,0.50951,15696949.77184872
1680393600,2023-04-02,0.50985,0.52902,0.50200,0.51857,8981635.03085780
1680480000,2023-04-03,0.51747,0.52513,0.48240,0.49644,28226802.46157201
1680566400,2023-04-04,0.49622,0.50796,0.48745,0.50271,27725336.79558475
1680652800,2023-04-05,0.50230,0.52698,0.49887,0.50607,25695980.29066749
1680739200,2023-04-06,0.50563,0.50988,0.49165,0.50292,16085546.31877339
1680825600,2023-04-07,0.50303,0.51501,0.49776,0.51330,10903642.20160064
1680912000,2023-04-08,0.51278,0.51313,0.50276,0.50532,5391599.69811338
1680998400,2023-04-09,0.50544,0.50951,0.49900,0.50571,4013103.34629552
1681084800,2023-04-10,0.50557,0.52047,0.50023,0.51794,15268561.30972553
1681171200,2023-04-11,0.51782,0.52869,0.51162,0.51727,22485873.65755177
1681257600,2023-04-12,0.51717,0.51834,0.49914,0.50507,18804778.78928421
1681344000,2023-04-13,0.50516,0.51606,0.50190,0.51296,11045267.31748114
1681430400,2023-04-14,0.51298,0.54711,0.51179,0.52311,22946533.44516651
1681516800,2023-04-15,0.52231,0.52661,0.51732,0.52025,6099078.83197986
1681603200,2023-04-16,0.52000,0.52478,0.51616,0.52069,4983273.19048990
1681689600,2023-04-17,0.52141,0.52141,0.50689,0.51111,12156630.74498010
1681776000,2023-04-18,0.51127,0.53901,0.50943,0.53208,12780571.27732670
1681862400,2023-04-19,0.53271,0.53751,0.47346,0.49193,40866772.02289809
1681948800,2023-04-20,0.49156,0.49920,0.46535,0.47509,24643148.81304035
1682035200,2023-04-21,0.47525,0.47903,0.44023,0.44911,27954758.84824669
1682121600,2023-04-22,0.44929,0.47598,0.44554,0.47210,11809715.79963036
1682208000,2023-04-23,0.47191,0.47212,0.45284,0.46479,8515086.31328738
1682294400,2023-04-24,0.46476,0.48547,0.44746,0.46097,29283501.10522520
1682380800,2023-04-25,0.46090,0.47204,0.45045,0.46972,21956844.35330060
1682467200,2023-04-26,0.46923,0.48304,0.43333,0.46187,22240204.16765000
1682553600,2023-04-27,0.46194,0.46987,0.45590,0.46700,19518713.13799168
1682640000,2023-04-28,0.46684,0.48304,0.46385,0.48005,18812328.42380198
1682726400,2023-04-29,0.47961,0.48724,0.47142,0.47832,6260176.45275880
1682812800,2023-04-30,0.47812,0.48187,0.46875,0.47046,4375084.32232730
1682899200,2023-05-01,0.47128,0.47245,0.45450,0.46490,25480786.47757016
1682985600,2023-05-02,0.46443,0.46639,0.45505,0.46479,26561079.75313871
1683072000,2023-05-03,0.46465,0.46544,0.45026,0.46340,19079685.83104639
1683158400,2023-05-04,0.46330,0.46511,0.45497,0.46114,28081578.07629354
1683244800,2023-05-05,0.46095,0.47054,0.45504,0.46759,18809835.29982853
1683331200,2023-05-06,0.46788,0.46954,0.45254,0.45960,3753407.15992168
1683417600,2023-05-07,0.45948,0.46054,0.44506,0.44919,4941517.82512494
1683504000,2023-05-08,0.44920,0.45184,0.41001,0.42862,48659455.42460142
1683590400,2023-05-09,0.42863,0.43086,0.42063,0.42896,42105710.19442578
1683676800,2023-05-10,0.42904,0.43408,0.41200,0.43057,42456134.26882508
1683763200,2023-05-11,0.43047,0.43065,0.41154,0.42098,48651271.09663442
1683849600,2023-05-12,0.42099,0.44429,0.41581,0.43064,50325301.17990557
1683936000,2023-05-13,0.42994,0.42994,0.42303,0.42445,3290043.87897984
1684022400,2023-05-14,0.42407,0.43185,0.42149,0.42577,3475197.10407316
1684108800,2023-05-15,0.42532,0.43034,0.42151,0.42746,51133083.11521232
1684195200,2023-05-16,0.42803,0.44293,0.41856,0.44260,48572816.45848816
1684281600,2023-05-17,0.44267,0.46129,0.43730,0.44824,60862132.81353485
1684368000,2023-05-18,0.44824,0.47254,0.44310,0.45933,57958413.97279826
1684454400,2023-05-19,0.45971,0.47546,0.45736,0.46759,43290830.24145378
1684540800,2023-05-20,0.46798,0.47204,0.46204,0.46864,4406710.97969208
1684627200,2023-05-21,0.46927,0.47075,0.45537,0.45735,5320020.81291730
1684713600,2023-05-22,0.45749,0.46740,0.44933,0.46137,52889157.48353053
1684800000,2023-05-23,0.46193,0.46734,0.45867,0.46535,39823410.38878777
1684886400,2023-05-24,0.46518,0.46518,0.44554,0.45351,42518305.95655466
1684972800,2023-05-25,0.45290,0.45483,0.44304,0.45400,35609252.81463912
1685059200,2023-05-26,0.45399,0.47000,0.45265,0.46861,37876881.86938534
1685145600,2023-05-27,0.46861,0.47917,0.46504,0.47180,10979081.26776487
1685232000,2023-05-28,0.47201,0.48604,0.47021,0.48229,12828264.81782115
1685318400,2023-05-29,0.48217,0.49543,0.47610,0.49472,41316365.02746701
1685404800,2023-05-30,0.49468,0.52925,0.48891,0.52153,58307111.82221322
1685491200,2023-05-31,0.52111,0.52778,0.50013,0.51718,49771794.44080288
1685577600,2023-06-01,0.51668,0.51668,0.50164,0.50651,42518207.00001290
1685664000,2023-06-02,0.50679,0.52720,0.50401,0.52518,38181903.39594156
1685750400,2023-06-03,0.52487,0.53333,0.51463,0.51877,7538761.59187762
1685836800,2023-06-04,0.51866,0.54660,0.51540,0.53605,16646875.91605538
1685923200,2023-06-05,0.53594,0.54305,0.48604,0.50946,65217973.79171057
1686009600,2023-06-06,0.50879,0.53265,0.49580,0.53041,54661134.93474647
1686096000,2023-06-07,0.53007,0.53830,0.50684,0.51864,59285270.09508991
1686182400,2023-06-08,0.51764,0.52773,0.51591,0.52390,43336437.98192309
1686268800,2023-06-09,0.52392,0.54146,0.52044,0.53803,44800654.80137487
1686355200,2023-06-10,0.53764,0.53850,0.47395,0.50742,30292000.35677273
1686441600,2023-06-11,0.50736,0.52934,0.50331,0.52084,10339594.06229799
1686528000,2023-06-12,0.52114,0.52802,0.50870,0.52532,56574018.07390831
1686614400,2023-06-13,0.52504,0.56506,0.50500,0.51931,71196704.42802949
1686700800,2023-06-14,0.51801,0.52034,0.46106,0.48013,56241726.01380164
1686787200,2023-06-15,0.47992,0.48518,0.46500,0.47989,42097393.14227136
1686873600,2023-06-16,0.47960,0.48268,0.45560,0.47540,39072459.50101247
1686960000,2023-06-17,0.47534,0.48652,0.46945,0.47930,6239108.99650970
1687046400,2023-06-18,0.47869,0.49755,0.47444,0.48683,11134388.65120915
1687132800,2023-06-19,0.48671,0.49795,0.48122,0.49232,20106408.53732599
1687219200,2023-06-20,0.49309,0.49622,0.47163,0.49300,36027629.23393943
1687305600,2023-06-21,0.49218,0.50304,0.49000,0.49989,45386608.06235336
1687392000,2023-06-22,0.49986,0.52701,0.48240,0.49397,39113644.57033270
1687478400,2023-06-23,0.49446,0.50234,0.48441,0.49636,34057306.92592853
1687564800,2023-06-24,0.49541,0.49541,0.47850,0.48679,4316119.99305067
1687651200,2023-06-25,0.48656,0.49740,0.48317,0.49047,7668134.40186888
1687737600,2023-06-26,0.49056,0.49176,0.47011,0.47917,50658950.89714984
1687824000,2023-06-27,0.47913,0.48488,0.47644,0.48322,40989463.78194829
1687910400,2023-06-28,0.48393,0.48404,0.45000,0.46507,39603077.36690910
1687996800,2023-06-29,0.46479,0.47731,0.46190,0.47450,22554173.78140929
1688083200,2023-06-30,0.47467,0.48244,0.44970,0.47314,44565253.15583590
1688169600,2023-07-01,0.47114,0.47521,0.46461,0.47334,2153492.60049305
1688256000,2023-07-02,0.47133,0.49589,0.46993,0.48420,8649394.97624461
1688342400,2023-07-03,0.48472,0.49110,0.46887,0.48990,58235475.13616973
1688428800,2023-07-04,0.48857,0.49342,0.48150,0.48690,23174589.36606376
1688515200,2023-07-05,0.48724,0.49157,0.46921,0.47822,31652803.31125445
1688601600,2023-07-06,0.47743,0.48412,0.46100,0.46207,39608479.88531575
1688688000,2023-07-07,0.46312,0.47061,0.45799,0.46881,40188018.80927656
1688774400,2023-07-08,0.46848,0.47477,0.46569,0.47035,2205795.74977866
1688860800,2023-07-09,0.47012,0.47169,0.46664,0.46811,4165823.68006378
1688947200,2023-07-10,0.46804,0.48006,0.46260,0.47737,57234619.80618843
1689033600,2023-07-11,0.47720,0.47841,0.47096,0.47564,36146798.86269551
1689120000,2023-07-12,0.47530,0.47731,0.46468,0.47104,34556100.32204124
1689206400,2023-07-13,0.47097,0.94799,0.46926,0.81605,151889394.58960478
1689292800,2023-07-14,0.81546,0.82561,0.66735,0.71908,85053470.66058846
1689379200,2023-07-15,0.71816,0.73648,0.69262,0.71472,47185630.39066593
1689465600,2023-07-16,0.71445,0.78977,0.70213,0.74785,41023807.43100261
1689552000,2023-07-17,0.74759,0.76575,0.71258,0.73747,60416503.64302539
1689638400,2023-07-18,0.73732,0.78429,0.73143,0.77925,58855317.39796204
1689724800,2023-07-19,0.77739,0.85449,0.77050,0.81884,49852740.54947001
1689811200,2023-07-20,0.82048,0.85012,0.77156,0.79358,30029805.29050968
1689897600,2023-07-21,0.79348,0.79844,0.76010,0.77193,24600241.19995731
1689984000,2023-07-22,0.77076,0.77964,0.72130,0.73348,25435722.76574295
1690070400,2023-07-23,0.73244,0.75191,0.71521,0.73795,11995440.32960519
1690156800,2023-07-24,0.73800,0.74254,0.68127,0.70216,39205504.44202089
1690243200,2023-07-25,0.70211,0.71516,0.67400,0.70848,29935455.43917701
1690329600,2023-07-26,0.70710,0.73140,0.69390,0.71458,24438642.30497989
1690416000,2023-07-27,0.71569,0.73199,0.70679,0.71390,21306491.53972598
1690502400,2023-07-28,0.71302,0.71861,0.70107,0.71223,22666644.99511193
1690588800,2023-07-29,0.71136,0.71502,0.70243,0.71200,11374345.25805972
1690675200,2023-07-30,0.71173,0.73500,0.68324,0.70456,15312509.82375340
1690761600,2023-07-31,0.70382,0.72033,0.68538,0.69700,26400607.80318589
1690848000,2023-08-01,0.69700,0.70768,0.67014,0.70665,15315266.83759774
1690934400,2023-08-02,0.70668,0.70760,0.67587,0.68475,12751381.86976408
1691020800,2023-08-03,0.68429,0.68707,0.65364,0.66296,22178766.04082498
1691107200,2023-08-04,0.66165,0.66699,0.62420,0.63532,21234522.39606424
1691193600,2023-08-05,0.63431,0.63443,0.61000,0.62836,12358402.05282555
1691280000,2023-08-06,0.62845,0.63754,0.61818,0.62320,15372667.45580585
1691366400,2023-08-07,0.62300,0.62856,0.59604,0.62279,20609914.28043474
1691452800,2023-08-08,0.62224,0.64778,0.61350,0.64150,16652371.73102084
1691539200,2023-08-09,0.64150,0.66556,0.63193,0.64284,21572122.94524365
1691625600,2023-08-10,0.64330,0.64383,0.62371,0.63242,14571749.77844495
1691712000,2023-08-11,0.63201,0.64000,0.62538,0.63115,15266740.47524957
1691798400,2023-08-12,0.63098,0.63250,0.62180,0.62694,4710945.69670574
1691884800,2023-08-13,0.62694,0.63793,0.62340,0.62595,8696816.49284971
1691971200,2023-08-14,0.62506,0.63617,0.62370,0.63446,8283219.31863416
1692057600,2023-08-15,0.63371,0.63398,0.58000,0.60973,17872695.62532646
1692144000,2023-08-16,0.60902,0.61600,0.57200,0.58853,18042755.36705606
1692230400,2023-08-17,0.58788,0.59405,0.43090,0.50691,34011760.66300638
1692316800,2023-08-18,0.50561,0.52207,0.48357,0.50585,27416268.44683581
1692403200,2023-08-19,0.50543,0.52414,0.50100,0.51997,10382384.35979856
1692489600,2023-08-20,0.51999,0.55783,0.51599,0.53894,11100707.13641385
1692576000,2023-08-21,0.53835,0.53887,0.50298,0.52467,14407345.90984816
1692662400,2023-08-22,0.52461,0.52533,0.50343,0.52069,11845177.31397425
1692748800,2023-08-23,0.52093,0.53645,0.51571,0.52968,8211731.26982935
1692835200,2023-08-24,0.53008,0.53146,0.51100,0.51860,9683363.90299942
1692921600,2023-08-25,0.51814,0.53150,0.50764,0.52601,11329875.56248662
1693008000,2023-08-26,0.52595,0.52760,0.51800,0.52320,3425630.20174629
1693094400,2023-08-27,0.52261,0.52970,0.51753,0.52362,4660625.56446455
1693180800,2023-08-28,0.52327,0.52435,0.51000,0.52295,9321267.97740927
1693267200,2023-08-29,0.52258,0.54915,0.51190,0.53956,14154953.48345454
1693353600,2023-08-30,0.54011,0.54028,0.52200,0.52866,6524664.30606376
1693440000,2023-08-31,0.52823,0.52858,0.49580,0.51057,10033862.13309266
1693526400,2023-09-01,0.51073,0.51155,0.48600,0.49815,12423048.36328473
1693612800,2023-09-02,0.49733,0.50240,0.49443,0.49891,3423580.64142430
1693699200,2023-09-03,0.49863,0.51031,0.49725,0.50468,4380399.40779261
1693785600,2023-09-04,0.50463,0.51258,0.49675,0.50844,7962284.02674781
1693872000,2023-09-05,0.50844,0.50844,0.49866,0.50522,5280735.77152359
1693958400,2023-09-06,0.50516,0.50527,0.49100,0.50301,7250544.69743520
1694044800,2023-09-07,0.50261,0.50633,0.49589,0.50511,11575524.27369676
1694131200,2023-09-08,0.50488,0.50720,0.49446,0.50483,8774119.79066510
1694217600,2023-09-09,0.50443,0.50460,0.50150,0.50372,2213947.52579123
1694304000,2023-09-10,0.50360,0.50360,0.49300,0.49700,6551547.43796244
1694390400,2023-09-11,0.49677,0.49792,0.45900,0.47439,18814834.47433975
1694476800,2023-09-12,0.47414,0.48606,0.46980,0.48040,9094886.01212839
1694563200,2023-09-13,0.48016,0.48939,0.47200,0.48328,8910436.91573348
1694649600,2023-09-14,0.48320,0.49364,0.48000,0.48845,19334932.97992478
1694736000,2023-09-15,0.48920,0.50810,0.48774,0.50052,17400599.52001788
1694822400,2023-09-16,0.50056,0.50346,0.49700,0.49961,3163872.20167300
1694908800,2023-09-17,0.49958,0.50038,0.48996,0.49271,4989459.29835464
1694995200,2023-09-18,0.49242,0.50762,0.48729,0.50290,12549492.89877641
1695081600,2023-09-19,0.50277,0.51652,0.50071,0.51384,9232564.67743460
1695168000,2023-09-20,0.51414,0.52526,0.50700,0.52126,17076112.95868901
1695254400,2023-09-21,0.52132,0.52147,0.50027,0.50677,10523589.14959002
1695340800,2023-09-22,0.50706,0.51678,0.50398,0.51203,9478946.77156355
1695427200,2023-09-23,0.51231,0.51351,0.50570,0.50767,4253534.30595465
1695513600,2023-09-24,0.50734,0.51143,0.49833,0.50226,5355020.50699621
1695600000,2023-09-25,0.50185,0.50685,0.49142,0.50535,11902787.20555918
1695686400,2023-09-26,0.50536,0.50724,0.49600,0.50177,9870424.31951779
1695772800,2023-09-27,0.50105,0.50663,0.49666,0.49840,30316347.79916067
1695859200,2023-09-28,0.49840,0.50991,0.49466,0.50976,38335636.08492986
1695945600,2023-09-29,0.50960,0.54915,0.50605,0.52172,34912740.50755885
1696032000,2023-09-30,0.52100,0.52100,0.51197,0.51487,9674011.02937441
1696118400,2023-10-01,0.51462,0.52554,0.51376,0.52414,6993522.06117287
1696204800,2023-10-02,0.52421,0.52656,0.50746,0.51287,13831902.61369737
1696291200,2023-10-03,0.51200,0.54800,0.50560,0.53937,13548160.82464694
1696377600,2023-10-04,0.53890,0.54200,0.52008,0.53279,20174342.03003320
1696464000,2023-10-05,0.53259,0.53259,0.51600,0.52299,16050069.86132474
1696550400,2023-10-06,0.52299,0.52940,0.51700,0.52604,14145799.10454684
1696636800,2023-10-07,0.52582,0.52582,0.52023,0.52193,3914362.65287892
1696723200,2023-10-08,0.52149,0.52363,0.51599,0.51787,3806874.16568870
1696809600,2023-10-09,0.51769,0.52014,0.45875,0.50286,18770079.89264802
1696896000,2023-10-10,0.50242,0.50260,0.49177,0.49700,7124542.91683062
1696982400,2023-10-11,0.49645,0.49769,0.47850,0.48900,10752863.76410605
1697068800,2023-10-12,0.48882,0.48882,0.47318,0.48294,13063402.40445509
1697155200,2023-10-13,0.48279,0.49026,0.47830,0.48521,13826157.51670038
1697241600,2023-10-14,0.48433,0.48842,0.48329,0.48678,2979165.88557196
1697328000,2023-10-15,0.48656,0.49015,0.48516,0.48754,5136338.37549029
1697414400,2023-10-16,0.48710,0.51064,0.48498,0.49732,9756888.54624357
1697500800,2023-10-17,0.49800,0.49803,0.48475,0.49126,10368305.99780553
1697587200,2023-10-18,0.49104,0.49250,0.48600,0.48788,9784977.11686581
1697673600,2023-10-19,0.48773,0.52441,0.47761,0.51984,21769559.85380958
1697760000,2023-10-20,0.51984,0.53082,0.50867,0.51516,20656276.03107498
1697846400,2023-10-21,0.51466,0.53200,0.51120,0.52094,5926093.59272948
1697932800,2023-10-22,0.52080,0.52424,0.51200,0.52297,7206883.17687534
1698019200,2023-10-23,0.52230,0.55419,0.52048,0.54724,18811891.26419873
1698105600,2023-10-24,0.54794,0.58600,0.53600,0.55903,31322668.01895072
1698192000,2023-10-25,0.55850,0.56401,0.54054,0.55550,15123124.06162783
1698278400,2023-10-26,0.55503,0.56915,0.54300,0.55364,18919767.74265999
1698364800,2023-10-27,0.55337,0.55881,0.53382,0.54315,19023666.02844179
1698451200,2023-10-28,0.54312,0.55000,0.54064,0.54503,5107913.45894613
1698537600,2023-10-29,0.54405,0.56132,0.54064,0.55586,6056268.98440782
1698624000,2023-10-30,0.55651,0.58428,0.54957,0.57900,18579499.59841545
1698710400,2023-10-31,0.57834,0.62120,0.56345,0.60004,21524959.50256876
1698796800,2023-11-01,0.59882,0.61600,0.58058,0.60917,17438325.86385858
1698883200,2023-11-02,0.60893,0.62634,0.58704,0.60605,18607479.87798661
1698969600,2023-11-03,0.60524,0.61535,0.59170,0.61255,16707578.02489575
1699056000,2023-11-04,0.61190,0.61799,0.60896,0.61584,11421316.41233763
1699142400,2023-11-05,0.61555,0.66330,0.61438,0.66128,20795720.83263907
1699228800,2023-11-06,0.66131,0.73290,0.65922,0.71526,41493481.71048768
1699315200,2023-11-07,0.71511,0.71511,0.65151,0.68570,28438119.78693471
1699401600,2023-11-08,0.68498,0.69904,0.67256,0.68818,17704874.07334501
1699488000,2023-11-09,0.68664,0.70672,0.62834,0.66660,28772855.72829593
1699574400,2023-11-10,0.66600,0.67085,0.63672,0.66017,18017517.66591603
1699660800,2023-11-11,0.65921,0.68718,0.64050,0.66251,14187480.93793538
1699747200,2023-11-12,0.66286,0.67082,0.64629,0.66155,9197950.90794054
1699833600,2023-11-13,0.66141,0.74876,0.64000,0.67041,20645989.48914176
1699920000,2023-11-14,0.67088,0.67205,0.59500,0.62953,19155022.92731694
1700006400,2023-11-15,0.62976,0.65033,0.62523,0.64929,16449191.42808566
1700092800,2023-11-16,0.64742,0.65278,0.60390,0.61203,20831116.09260412
1700179200,2023-11-17,0.61136,0.62427,0.58600,0.61395,20345878.73147967
1700265600,2023-11-18,0.61318,0.61470,0.58977,0.61089,7564745.67159075
1700352000,2023-11-19,0.60915,0.62878,0.60163,0.62618,9972453.75278726
1700438400,2023-11-20,0.62652,0.62827,0.60700,0.61252,15473024.61540087
1700524800,2023-11-21,0.61235,0.61799,0.57400,0.57951,22881288.47559147
1700611200,2023-11-22,0.57835,0.61600,0.57800,0.61173,13446977.16526129
1700697600,2023-11-23,0.61127,0.62398,0.60624,0.62044,14697587.47213297
1700784000,2023-11-24,0.62098,0.62546,0.61584,0.62205,12348033.14585902
1700870400,2023-11-25,0.61948,0.62374,0.61610,0.62374,6689167.25765619
1700956800,2023-11-26,0.62314,0.63750,0.60772,0.61600,8818125.60652076
1701043200,2023-11-27,0.61612,0.61684,0.59400,0.60391,11762370.80958154
1701129600,2023-11-28,0.60364,0.61409,0.59594,0.61082,9278866.59676147
1701216000,2023-11-29,0.61078,0.61700,0.60410,0.60937,11069966.83276935
1701302400,2023-11-30,0.60906,0.60993,0.59810,0.60634,17534798.57163473
1701388800,2023-12-01,0.60606,0.61433,0.60341,0.61299,12503835.12626492
1701475200,2023-12-02,0.61258,0.62272,0.61126,0.62090,6310228.86921901
1701561600,2023-12-03,0.62083,0.63420,0.61759,0.62372,8248666.29942336
1701648000,2023-12-04,0.62328,0.64356,0.58543,0.62410,19411117.88371726
1701734400,2023-12-05,0.62419,0.63038,0.60800,0.62111,15992503.47336053
1701820800,2023-12-06,0.62107,0.64337,0.61070,0.64038,18284203.01609067
1701907200,2023-12-07,0.63994,0.65433,0.62197,0.64344,20054750.67041473
1701993600,2023-12-08,0.64362,0.67557,0.63800,0.67285,18345580.46440089
1702080000,2023-12-09,0.67177,0.70000,0.65284,0.65845,26278553.10572884
1702166400,2023-12-10,0.65867,0.67130,0.64779,0.66147,11552692.86915600
1702252800,2023-12-11,0.66175,0.66250,0.59770,0.61853,20239769.69805456
1702339200,2023-12-12,0.61840,0.62600,0.60644,0.61866,11857279.75232720
1702425600,2023-12-13,0.61879,0.63477,0.59343,0.62788,19921479.24531625
1702512000,2023-12-14,0.62831,0.63808,0.60497,0.63182,17895513.15531948
1702598400,2023-12-15,0.63199,0.64400,0.61240,0.61501,13492128.43876935
1702684800,2023-12-16,0.61550,0.62512,0.61043,0.61991,5576931.06279121
1702771200,2023-12-17,0.62011,0.62300,0.60800,0.60977,6368199.23124878
1702857600,2023-12-18,0.60969,0.61434,0.57800,0.61249,13524493.58921074
1702944000,2023-12-19,0.61173,0.61615,0.59690,0.60444,11416745.94705920
1703030400,2023-12-20,0.60397,0.62638,0.60070,0.61714,14617115.67094380
1703116800,2023-12-21,0.61685,0.62500,0.61033,0.62425,21391221.08038916
1703203200,2023-12-22,0.62422,0.63149,0.61560,0.62510,12430609.76840481
1703289600,2023-12-23,0.62528,0.62528,0.61166,0.61993,6387408.92038744
1703376000,2023-12-24,0.61980,0.62962,0.60484,0.61253,6673666.68628108
1703462400,2023-12-25,0.61249,0.64842,0.60870,0.64624,9543202.83764969
1703548800,2023-12-26,0.64623,0.64646,0.59888,0.62232,17342533.45087737
1703635200,2023-12-27,0.62193,0.64249,0.61274,0.63474,19026017.75214823
1703721600,2023-12-28,0.63457,0.65800,0.62500,0.63509,22871593.15007031
1703808000,2023-12-29,0.63487,0.63660,0.61224,0.62312,14064371.11377853
1703894400,2023-12-30,0.62266,0.62950,0.61600,0.62096,8194659.47895141
1703980800,2023-12-31,0.62060,0.62813,0.60560,0.61535,6914244.60919260
1704067200,2024-01-01,0.61511,0.63089,0.60811,0.62970,6953277.26877527
1704153600,2024-01-02,0.62962,0.64076,0.62200,0.62430,19664834.49757661
1704240000,2024-01-03,0.62461,0.63954,0.50400,0.58252,38536124.59807350
1704326400,2024-01-04,0.58245,0.59445,0.56983,0.58755,23828850.65261551
1704412800,2024-01-05,0.58756,0.58914,0.55374,0.57630,20350939.39550333
1704499200,2024-01-06,0.57631,0.57631,0.55768,0.56790,5321937.39421741
1704585600,2024-01-07,0.56820,0.57300,0.54660,0.55134,4769166.91815133
1704672000,2024-01-08,0.55172,0.58208,0.54474,0.57803,21811596.55920233
1704758400,2024-01-09,0.57819,0.57908,0.55297,0.56681,19738632.16655043
1704844800,2024-01-10,0.56705,0.61428,0.54900,0.60042,24343995.63272376
1704931200,2024-01-11,0.60100,0.62401,0.58591,0.60180,22080384.43079456
1705017600,2024-01-12,0.60200,0.60361,0.55200,0.57012,14527318.02864677
1705104000,2024-01-13,0.56968,0.57739,0.56299,0.57448,3157986.74881423
1705190400,2024-01-14,0.57419,0.59250,0.57158,0.57613,4627040.83694204
1705276800,2024-01-15,0.57672,0.58915,0.56860,0.57539,8017956.37340218
1705363200,2024-01-16,0.57549,0.57975,0.56561,0.57551,7642806.94047125
1705449600,2024-01-17,0.57585,0.57602,0.56069,0.56805,15841870.92438926
1705536000,2024-01-18,0.56799,0.56826,0.54252,0.55137,23326176.99036325
1705622400,2024-01-19,0.55147,0.55320,0.52129,0.54384,29643370.34623239
1705708800,2024-01-20,0.54349,0.55470,0.53867,0.55331,11791564.95429886
1705795200,2024-01-21,0.55325,0.55483,0.54535,0.54580,3529816.99623777
1705881600,2024-01-22,0.54597,0.54923,0.51713,0.52675,15194818.57461757
1705968000,2024-01-23,0.52686,0.53100,0.49594,0.51765,17328531.00532025
1706054400,2024-01-24,0.51788,0.51886,0.51067,0.51799,9584687.91762654
1706140800,2024-01-25,0.51794,0.51794,0.50374,0.51355,13848623.46850102
1706227200,2024-01-26,0.51345,0.53605,0.50813,0.53190,12835676.05809354
1706313600,2024-01-27,0.53223,0.53469,0.52622,0.53042,3758057.08333973
1706400000,2024-01-28,0.53040,0.53526,0.52128,0.52413,4341384.36249869
1706486400,2024-01-29,0.52411,0.53982,0.51855,0.53517,12405639.61422841
1706572800,2024-01-30,0.53425,0.53879,0.50754,0.51072,12672806.02043702
1706659200,2024-01-31,0.51069,0.51400,0.48557,0.50281,15466589.18045775
1706745600,2024-02-01,0.50369,0.51037,0.48973,0.50580,16422436.89115701
1706832000,2024-02-02,0.50577,0.51368,0.49866,0.51046,13998692.57044926
1706918400,2024-02-03,0.51046,0.52662,0.50579,0.51861,11304573.96458420
1707004800,2024-02-04,0.51866,0.51896,0.50029,0.50280,4880820.30962943
1707091200,2024-02-05,0.50269,0.51350,0.49687,0.50612,12869603.27296637
1707177600,2024-02-06,0.50609,0.51099,0.49796,0.50497,12327141.25953723
1707264000,2024-02-07,0.50487,0.51545,0.49901,0.51354,12242563.07009242
1707350400,2024-02-08,0.51401,0.51905,0.51012,0.51478,13165341.02152110
1707436800,2024-02-09,0.51490,0.52844,0.51421,0.52611,10531606.52658057
1707523200,2024-02-10,0.52647,0.52828,0.51906,0.52424,3242843.10090187
1707609600,2024-02-11,0.52406,0.53614,0.52169,0.52627,5705057.29873868
1707696000,2024-02-12,0.52636,0.53800,0.51425,0.53170,12703141.40413901
1707782400,2024-02-13,0.53181,0.53364,0.51400,0.52487,8006473.66767434
1707868800,2024-02-14,0.52493,0.54240,0.52081,0.53836,6429030.74034387
1707955200,2024-02-15,0.53831,0.57760,0.53765,0.56287,10280093.99004723
1708041600,2024-02-16,0.56284,0.57954,0.55263,0.56502,8920518.33797844
1708128000,2024-02-17,0.56461,0.56564,0.54000,0.54972,6666646.80018140
1708214400,2024-02-18,0.54934,0.56168,0.54726,0.55711,5419467.81926804
1708300800,2024-02-19,0.55722,0.56781,0.55420,0.56269,9268686.07262732
1708387200,2024-02-20,0.56262,0.57502,0.54429,0.56309,13874938.43415282
1708473600,2024-02-21,0.56218,0.56301,0.53300,0.54902,8006564.33573296
1708560000,2024-02-22,0.54893,0.55145,0.53668,0.54080,7820654.26131923
1708646400,2024-02-23,0.54072,0.54337,0.52544,0.53410,6466219.45736987
1708732800,2024-02-24,0.53396,0.54767,0.53143,0.54485,3644572.44188913
1708819200,2024-02-25,0.54503,0.54865,0.54191,0.54228,3408710.49020380
1708905600,2024-02-26,0.54242,0.55300,0.52868,0.55124,6651145.45016819
1708992000,2024-02-27,0.55121,0.59750,0.54815,0.58647,22647832.73461854
1709078400,2024-02-28,0.58629,0.60649,0.52600,0.57580,17547126.41285721
1709164800,2024-02-29,0.57408,0.62600,0.56811,0.58701,22805785.28985211
1709251200,2024-03-01,0.58703,0.60381,0.58322,0.60166,11098227.14826827
1709337600,2024-03-02,0.60229,0.65120,0.59996,0.64514,17894655.98026502
1709424000,2024-03-03,0.64459,0.64508,0.58880,0.62758,9417631.41498900
1709510400,2024-03-04,0.62694,0.66650,0.61684,0.64833,20206257.99037963
1709596800,2024-03-05,0.64846,0.66981,0.53333,0.59219,40828324.85816110
1709683200,2024-03-06,0.59245,0.62400,0.57627,0.61256,39363801.62308419
1709769600,2024-03-07,0.61268,0.64027,0.60680,0.62835,22119253.25435194
1709856000,2024-03-08,0.62813,0.63463,0.60202,0.62137,11921429.76198270
1709942400,2024-03-09,0.62112,0.63370,0.61784,0.62121,6050998.53939848
1710028800,2024-03-10,0.62126,0.62840,0.59718,0.60873,12829101.50607635
1710115200,2024-03-11,0.60843,0.74490,0.58400,0.72316,46103017.93976559
1710201600,2024-03-12,0.72270,0.73328,0.65828,0.68830,25651768.20275815
1710288000,2024-03-13,0.68818,0.70256,0.66906,0.68954,11499622.67132529
1710374400,2024-03-14,0.68969,0.70776,0.63762,0.66940,25097758.61854706
1710460800,2024-03-15,0.66888,0.67500,0.59582,0.63376,19426644.39879171
1710547200,2024-03-16,0.63459,0.64736,0.59250,0.60265,7383618.42609685
1710633600,2024-03-17,0.60263,0.62469,0.58663,0.61849,7479838.31557181
1710720000,2024-03-18,0.61865,0.66850,0.59482,0.64521,14879254.60338915
1710806400,2024-03-19,0.64513,0.64868,0.57152,0.58547,20259865.36341971
1710892800,2024-03-20,0.58419,0.61866,0.56833,0.61087,13008758.46488322
1710979200,2024-03-21,0.61076,0.65442,0.59754,0.64018,25922154.89068538
1711065600,2024-03-22,0.64021,0.64499,0.59900,0.61166,15414524.73888287
1711152000,2024-03-23,0.61159,0.63207,0.60355,0.61727,6047722.88126040
1711238400,2024-03-24,0.61701,0.63547,0.61377,0.63250,7449887.42347071
1711324800,2024-03-25,0.63256,0.66290,0.62655,0.64081,15047749.57863945
1711411200,2024-03-26,0.64039,0.65312,0.62538,0.63179,9389493.06367338
1711497600,2024-03-27,0.63146,0.63464,0.60600,0.61149,10655996.18512023
1711584000,2024-03-28,0.61098,0.63763,0.60320,0.62473,19173676.54200560
1711670400,2024-03-29,0.62478,0.64510,0.60900,0.63075,10341687.53490681
1711756800,2024-03-30,0.62979,0.63745,0.61796,0.62167,4520145.20396323
1711843200,2024-03-31,0.62142,0.62993,0.62093,0.62919,2771830.35488220
1711929600,2024-04-01,0.62861,0.63369,0.59482,0.61168,11985566.34280602
1712016000,2024-04-02,0.61132,0.61826,0.57900,0.58551,19526830.41452393
1712102400,2024-04-03,0.58562,0.59355,0.56693,0.57416,10937923.64345599
1712188800,2024-04-04,0.57368,0.61700,0.56246,0.59364,15948385.23397667
1712275200,2024-04-05,0.59295,0.59400,0.56900,0.58739,8637976.97241628
1712361600,2024-04-06,0.58681,0.59899,0.58575,0.59294,3211829.26339076
1712448000,2024-04-07,0.59319,0.60290,0.58992,0.59449,4248199.34368349
1712534400,2024-04-08,0.59396,0.62640,0.58834,0.61465,21073991.11166121
1712620800,2024-04-09,0.61450,0.64263,0.60148,0.61360,14280439.26810690
1712707200,2024-04-10,0.61315,0.62036,0.59300,0.61743,10926639.81918285
1712793600,2024-04-11,0.61712,0.62137,0.60301,0.60881,9072160.39505159
1712880000,2024-04-12,0.60859,0.61562,0.51000,0.54737,20713277.61586592
1712966400,2024-04-13,0.54712,0.54900,0.42352,0.47906,29105826.92889463
1713052800,2024-04-14,0.47920,0.50741,0.46421,0.50378,20109033.01677252
1713139200,2024-04-15,0.50362,0.51933,0.48141,0.49779,14684010.07374392
1713225600,2024-04-16,0.49646,0.50206,0.47600,0.49668,12528793.70471335
1713312000,2024-04-17,0.49668,0.50800,0.47177,0.49499,15189643.59150048
1713398400,2024-04-18,0.49474,0.50627,0.48566,0.50327,13712827.30853198
1713484800,2024-04-19,0.50237,0.51091,0.46700,0.50358,13991313.97199725
1713571200,2024-04-20,0.50313,0.53030,0.49851,0.52932,9592730.67132219
1713657600,2024-04-21,0.52894,0.53709,0.51858,0.52450,5716128.85616794
1713744000,2024-04-22,0.52470,0.57142,0.52223,0.55652,14534371.03902523
1713830400,2024-04-23,0.55721,0.55761,0.54193,0.54456,10280486.38449447
1713916800,2024-04-24,0.54444,0.55159,0.52094,0.52723,17341532.19088090
1714003200,2024-04-25,0.52688,0.53253,0.51338,0.52530,15156266.72753836
1714089600,2024-04-26,0.52555,0.53582,0.51457,0.52597,7249786.61209096
1714176000,2024-04-27,0.52605,0.52626,0.50777,0.51757,4311575.18937371
1714262400,2024-04-28,0.51785,0.52488,0.50877,0.51000,3134045.33709582
1714348800,2024-04-29,0.50962,0.51745,0.49876,0.51523,6552998.50079532
1714435200,2024-04-30,0.51490,0.51933,0.48792,0.49984,9876492.10896610
1714521600,2024-05-01,0.50050,0.52099,0.47800,0.51676,10566222.91814624
1714608000,2024-05-02,0.51690,0.52455,0.50640,0.51777,12533194.88762079
1714694400,2024-05-03,0.51868,0.53683,0.51459,0.53224,14107365.45072275
1714780800,2024-05-04,0.53148,0.54057,0.52762,0.53023,5145750.85403175
1714867200,2024-05-05,0.53044,0.53331,0.52447,0.52968,2598116.32789152
1714953600,2024-05-06,0.52936,0.57000,0.52500,0.54020,14804673.90611618
1715040000,2024-05-07,0.53989,0.54400,0.52200,0.52474,8350349.65826708
1715126400,2024-05-08,0.52423,0.52951,0.51521,0.51710,7197677.35564054
1715212800,2024-05-09,0.51731,0.52346,0.50850,0.52110,8199492.24483374
1715299200,2024-05-10,0.52056,0.52056,0.49700,0.50191,8473108.02708834
1715385600,2024-05-11,0.50192,0.50745,0.50055,0.50578,1510812.06793768
1715472000,2024-05-12,0.50560,0.50826,0.49594,0.49954,1713087.57261012
1715558400,2024-05-13,0.49973,0.51193,0.48682,0.50493,9274344.19802438
1715644800,2024-05-14,0.50513,0.51284,0.49693,0.49989,7885483.20055491
1715731200,2024-05-15,0.50066,0.51984,0.49682,0.51918,10081534.28349833
1715817600,2024-05-16,0.51943,0.52249,0.51272,0.51578,12135745.41136788
1715904000,2024-05-17,0.51578,0.52932,0.51372,0.52358,8579942.77385660
1715990400,2024-05-18,0.52310,0.52564,0.51900,0.52131,2083575.32415461
1716076800,2024-05-19,0.52125,0.52352,0.50650,0.50970,2142607.49503751
1716163200,2024-05-20,0.50956,0.53792,0.50636,0.53775,8866242.90664006
1716249600,2024-05-21,0.53727,0.55700,0.53191,0.53692,14856911.25448368
1716336000,2024-05-22,0.53701,0.53747,0.52200,0.52650,10789430.66979519
1716422400,2024-05-23,0.52677,0.54785,0.50301,0.52856,16177750.33467657
1716508800,2024-05-24,0.52858,0.53702,0.51678,0.53577,6412477.16067917
1716595200,2024-05-25,0.53582,0.54257,0.53316,0.54135,2911103.21610743
1716681600,2024-05-26,0.54113,0.54173,0.52600,0.52816,2655556.89870322
1716768000,2024-05-27,0.52779,0.54043,0.52300,0.53355,7924665.15146525
1716854400,2024-05-28,0.53364,0.53459,0.52100,0.52817,7206819.14788469
1716940800,2024-05-29,0.52812,0.53255,0.51954,0.52327,7210400.11082900
1717027200,2024-05-30,0.52306,0.52700,0.51283,0.51853,6847944.94962355
1717113600,2024-05-31,0.51845,0.52530,0.51170,0.51711,9823848.35785550
1717200000,2024-06-01,0.51727,0.52132,0.51693,0.51811,1148992.66040164
1717286400,2024-06-02,0.51805,0.52054,0.50781,0.51360,2883390.81056315
1717372800,2024-06-03,0.51337,0.52277,0.51152,0.51971,6146266.22927142
1717459200,2024-06-04,0.51971,0.53017,0.51830,0.52580,7883741.08031972
1717545600,2024-06-05,0.52588,0.53222,0.52410,0.52568,7231911.58093865
1717632000,2024-06-06,0.52596,0.52780,0.51551,0.52126,5527533.24076177
1717718400,2024-06-07,0.52122,0.52758,0.45400,0.49888,20125468.04264134
1717804800,2024-06-08,0.49878,0.50050,0.48981,0.49283,3468824.48546239
1717891200,2024-06-09,0.49255,0.49921,0.49100,0.49861,2137585.08631095
1717977600,2024-06-10,0.49862,0.50576,0.49351,0.49661,7817768.41413907
1718064000,2024-06-11,0.49664,0.49664,0.47062,0.48020,16443083.14533941
1718150400,2024-06-12,0.48020,0.49800,0.47411,0.49153,12721130.45791660
1718236800,2024-06-13,0.49120,0.49120,0.47554,0.47690,11421753.72187654
1718323200,2024-06-14,0.47699,0.48100,0.45968,0.47442,12318217.87255494
1718409600,2024-06-15,0.47434,0.50493,0.47393,0.49035,4657160.82825388
1718496000,2024-06-16,0.49030,0.49921,0.48756,0.48883,3225134.82972926
1718582400,2024-06-17,0.48886,0.52040,0.48381,0.50542,22078879.44430436
1718668800,2024-06-18,0.50467,0.50957,0.47000,0.49067,16183133.84381105
1718755200,2024-06-19,0.49042,0.49926,0.48667,0.49338,8360649.50373337
1718841600,2024-06-20,0.49315,0.50209,0.48807,0.48849,8759295.29345003
1718928000,2024-06-21,0.48862,0.49568,0.47937,0.48885,12125115.02349328
1719014400,2024-06-22,0.48869,0.48945,0.48400,0.48649,1820565.84892181
1719100800,2024-06-23,0.48670,0.48881,0.47393,0.47925,3053182.91936032
1719187200,2024-06-24,0.47925,0.48224,0.46195,0.47362,9705957.94068343
1719273600,2024-06-25,0.47385,0.47981,0.47287,0.47558,5423276.26659425
1719360000,2024-06-26,0.47570,0.47800,0.46522,0.46934,4519825.75639405
1719446400,2024-06-27,0.46949,0.47673,0.46528,0.47455,5402426.29621190
1719532800,2024-06-28,0.47452,0.48034,0.46871,0.47070,6540674.67421918
1719619200,2024-06-29,0.47084,0.47600,0.47079,0.47181,1451446.49905907
1719705600,2024-06-30,0.47188,0.47759,0.46950,0.47535,1916767.44432073
1719792000,2024-07-01,0.47537,0.48420,0.47492,0.47657,6352740.88254384
1719878400,2024-07-02,0.47650,0.48808,0.47550,0.48466,4133464.68387894
1719964800,2024-07-03,0.48459,0.48614,0.46100,0.46700,9086821.25268299
1720051200,2024-07-04,0.46688,0.46900,0.43130,0.43245,12691036.89701086
1720137600,2024-07-05,0.43287,0.43331,0.38249,0.42513,23709028.51115376
1720224000,2024-07-06,0.42437,0.44971,0.42349,0.44905,3423028.17538968
1720310400,2024-07-07,0.44907,0.44907,0.41827,0.41950,4295033.07839270
1720396800,2024-07-08,0.41965,0.44345,0.40352,0.43146,13096362.48358760
1720483200,2024-07-09,0.43095,0.43779,0.42742,0.43557,10172982.64969247
1720569600,2024-07-10,0.43571,0.44237,0.43121,0.43875,7656882.98213470
1720656000,2024-07-11,0.43861,0.45468,0.43641,0.44914,7460344.65928545
1720742400,2024-07-12,0.44923,0.47775,0.44478,0.47447,11519551.55896193
1720828800,2024-07-13,0.47454,0.56600,0.47432,0.52624,21202363.27045179
1720915200,2024-07-14,0.52568,0.54012,0.51367,0.52021,9173000.10841603
1721001600,2024-07-15,0.52126,0.54044,0.52126,0.53816,11163467.69523636
1721088000,2024-07-16,0.53728,0.59500,0.53224,0.57946,19520913.18403772
1721174400,2024-07-17,0.57923,0.63741,0.57864,0.62542,26187711.94663544
1721260800,2024-07-18,0.62800,0.63674,0.55771,0.56963,17909600.10124840
1721347200,2024-07-19,0.56889,0.58657,0.54043,0.57411,15710237.04726997
1721433600,2024-07-20,0.57361,0.60490,0.57137,0.59378,8675211.85226167
1721520000,2024-07-21,0.59477,0.60800,0.57300,0.59800,9078076.12875794
1721606400,2024-07-22,0.59841,0.62300,0.58600,0.60776,18602362.25921381
1721692800,2024-07-23,0.60853,0.61700,0.58059,0.59771,16519632.87225128
1721779200,2024-07-24,0.59714,0.63255,0.59200,0.61838,16117555.18935812
1721865600,2024-07-25,0.61680,0.62655,0.58475,0.59939,20244674.85937274
1721952000,2024-07-26,0.59757,0.60900,0.58647,0.60337,10760486.47155780
1722038400,2024-07-27,0.60297,0.60914,0.58400,0.59600,4491365.92110807
1722124800,2024-07-28,0.59510,0.61442,0.59127,0.60138,3749658.75157967
1722211200,2024-07-29,0.60035,0.61200,0.59200,0.60215,7004402.41460957
1722297600,2024-07-30,0.60183,0.63715,0.59563,0.62794,17285121.64166753
1722384000,2024-07-31,0.62766,0.65806,0.62191,0.62287,19842069.20619166
1722470400,2024-08-01,0.62294,0.63000,0.56800,0.59549,24390148.25601608
1722556800,2024-08-02,0.59622,0.59641,0.54600,0.56030,14837101.53143093
1722643200,2024-08-03,0.56000,0.57700,0.54043,0.55600,7553927.39589933
1722729600,2024-08-04,0.55499,0.55870,0.51370,0.52276,10982116.97137752
1722816000,2024-08-05,0.52200,0.52553,0.43128,0.48866,36641812.02336014
1722902400,2024-08-06,0.48819,0.51999,0.48807,0.50614,16562209.04478458
1722988800,2024-08-07,0.50608,0.64304,0.49297,0.60000,31981053.16816740
1723075200,2024-08-08,0.60080,0.64200,0.57888,0.61697,25742071.17813981
1723161600,2024-08-09,0.61746,0.62436,0.56800,0.58077,16586591.65057419
1723248000,2024-08-10,0.58013,0.60214,0.57837,0.58505,5324923.05731487
1723334400,2024-08-11,0.58392,0.59328,0.54555,0.55268,8522378.78004278
1723420800,2024-08-12,0.55240,0.57920,0.55056,0.56894,11244717.93539589
1723507200,2024-08-13,0.56800,0.58345,0.56278,0.57659,10236368.41446790
1723593600,2024-08-14,0.57714,0.58319,0.56471,0.56877,10496369.44713233
1723680000,2024-08-15,0.56880,0.57425,0.55107,0.56059,10290227.68605552
1723766400,2024-08-16,0.56026,0.57070,0.55354,0.56447,10736522.23261507
1723852800,2024-08-17,0.56368,0.57100,0.56134,0.56667,4789510.34445888
1723939200,2024-08-18,0.56656,0.58423,0.56260,0.56315,6209634.36879322
1724025600,2024-08-19,0.56300,0.60914,0.56100,0.59860,16217971.92884066
1724112000,2024-08-20,0.59855,0.61500,0.58774,0.59396,18199980.10397401
1724198400,2024-08-21,0.59368,0.60569,0.58540,0.60027,12276943.80423984
1724284800,2024-08-22,0.60029,0.60529,0.59245,0.59746,6596564.78118266
1724371200,2024-08-23,0.59775,0.61638,0.59127,0.61129,15317653.95854051
1724457600,2024-08-24,0.61115,0.63100,0.60493,0.61283,7278122.47042791
1724544000,2024-08-25,0.61278,0.61400,0.59590,0.60024,5273695.24873042
1724630400,2024-08-26,0.60014,0.60196,0.57900,0.58693,8534425.87746452
1724716800,2024-08-27,0.58741,0.60020,0.55354,0.56733,10571526.85294771
1724803200,2024-08-28,0.56600,0.58440,0.55600,0.56940,12820892.00593730
1724889600,2024-08-29,0.56889,0.57675,0.55777,0.56213,6295532.33282472
1724976000,2024-08-30,0.56154,0.56740,0.54578,0.56659,9252568.05422526
1725062400,2024-08-31,0.56640,0.57199,0.56265,0.56628,3738245.56817101
1725148800,2024-09-01,0.56611,0.56632,0.54368,0.54768,3170333.81789979
1725235200,2024-09-02,0.54701,0.56863,0.54476,0.56770,5277374.35563728
1725321600,2024-09-03,0.56734,0.57220,0.55645,0.55645,4979553.76968505
1725408000,2024-09-04,0.55678,0.56453,0.53292,0.55789,5555616.92993585
1725494400,2024-09-05,0.55792,0.55948,0.53999,0.54436,5172892.60225978
1725580800,2024-09-06,0.54464,0.54700,0.50263,0.52106,14857120.85980837
1725667200,2024-09-07,0.52052,0.53256,0.51965,0.52486,3079840.16432195
1725753600,2024-09-08,0.52490,0.53136,0.52100,0.52940,2973390.36965514
1725840000,2024-09-09,0.52927,0.54300,0.52668,0.53990,4722843.64551855
1725926400,2024-09-10,0.53940,0.54288,0.53361,0.54077,3456836.09386548
1726012800,2024-09-11,0.54058,0.54058,0.52336,0.53497,3962895.62787792
1726099200,2024-09-12,0.53468,0.58800,0.53367,0.56280,6804113.17470208
1726185600,2024-09-13,0.56274,0.57460,0.55576,0.57277,5860661.61902542
1726272000,2024-09-14,0.57309,0.59940,0.57092,0.59640,7140097.79546302
1726358400,2024-09-15,0.59500,0.59500,0.56913,0.57026,2995187.30407564
1726444800,2024-09-16,0.57042,0.59128,0.55990,0.58656,5093704.32974473
1726531200,2024-09-17,0.58649,0.59327,0.57900,0.58438,5435246.33450529
1726617600,2024-09-18,0.58361,0.58568,0.56234,0.58557,8492359.51049087
1726704000,2024-09-19,0.58530,0.59465,0.58137,0.58725,9569975.59380623
1726790400,2024-09-20,0.58690,0.59246,0.57651,0.58550,4548992.71071876
1726876800,2024-09-21,0.58504,0.61292,0.58028,0.59844,3606874.89334176
1726963200,2024-09-22,0.59772,0.60500,0.57800,0.58732,2949658.63448147
1727049600,2024-09-23,0.58736,0.59522,0.57900,0.58489,4881782.46470044
1727136000,2024-09-24,0.58451,0.59269,0.58173,0.59150,9399681.71721602
1727222400,2024-09-25,0.59129,0.59500,0.58260,0.58305,7547208.66814964
1727308800,2024-09-26,0.58283,0.59622,0.57459,0.59068,10837803.19816828
1727395200,2024-09-27,0.59050,0.59718,0.58268,0.58858,8076006.11941872
1727481600,2024-09-28,0.58902,0.62590,0.58578,0.61444,17016209.76463850
1727568000,2024-09-29,0.61392,0.66500,0.60750,0.64132,14647662.86951193
1727654400,2024-09-30,0.64129,0.65406,0.60242,0.61122,10706468.40825907
1727740800,2024-10-01,0.61125,0.63400,0.57788,0.59695,11810766.91736486
1727827200,2024-10-02,0.59605,0.60622,0.52690,0.53864,21882495.12014157
1727913600,2024-10-03,0.53815,0.54444,0.50700,0.52168,13834973.21042220
1728000000,2024-10-04,0.52168,0.53898,0.51495,0.53445,7440345.20990783
1728086400,2024-10-05,0.53400,0.53500,0.52635,0.52948,2107015.79315055
1728172800,2024-10-06,0.52972,0.53704,0.52840,0.53335,1697946.45649550
1728259200,2024-10-07,0.53335,0.54566,0.52867,0.52867,9081399.65940224
1728345600,2024-10-08,0.52936,0.53543,0.52098,0.53105,4806978.36395144
1728432000,2024-10-09,0.53128,0.53413,0.52071,0.52437,4386285.97693588
1728518400,2024-10-10,0.52427,0.54416,0.52263,0.52984,6928680.18408042
1728604800,2024-10-11,0.52982,0.54179,0.52919,0.53857,9636096.43018703
1728691200,2024-10-12,0.53857,0.54300,0.53536,0.53940,4918594.86076843
1728777600,2024-10-13,0.53908,0.53940,0.52500,0.53168,4773449.00740365
1728864000,2024-10-14,0.53184,0.55200,0.52827,0.54826,8949572.30221035
1728950400,2024-10-15,0.54824,0.55517,0.53169,0.54168,8935578.39186300
1729036800,2024-10-16,0.54161,0.55428,0.53755,0.54829,5892448.87888154
1729123200,2024-10-17,0.54814,0.56626,0.54182,0.54365,5125983.23493915
1729209600,2024-10-18,0.54371,0.55269,0.53972,0.54671,6623250.07602696
1729296000,2024-10-19,0.54652,0.54960,0.54081,0.54430,5331530.74285179
1729382400,2024-10-20,0.54413,0.54873,0.53680,0.54785,2254454.98912611
1729468800,2024-10-21,0.54829,0.56007,0.54093,0.54437,7303649.34494001
1729555200,2024-10-22,0.54466,0.54900,0.52888,0.53312,4717034.45377756
1729641600,2024-10-23,0.53342,0.53352,0.51117,0.52535,5906672.68342163
1729728000,2024-10-24,0.52536,0.53337,0.52378,0.53184,3849076.69127515
1729814400,2024-10-25,0.53168,0.53168,0.48600,0.50140,7568626.86201044
1729900800,2024-10-26,0.50073,0.51450,0.49812,0.51277,5300241.08499477
1729987200,2024-10-27,0.51231,0.51727,0.51011,0.51628,7918473.28560945
1730073600,2024-10-28,0.51615,0.52086,0.51100,0.51908,7724220.78704132
1730160000,2024-10-29,0.51880,0.53058,0.51818,0.52833,13885914.42076447
1730246400,2024-10-30,0.52833,0.52833,0.51910,0.52294,6972226.62983859
1730332800,2024-10-31,0.52308,0.52344,0.50293,0.50888,3975710.82565021
1730419200,2024-11-01,0.50892,0.52391,0.50225,0.51277,5261631.05401775
1730505600,2024-11-02,0.51259,0.51571,0.50625,0.51017,2043470.66325260
1730592000,2024-11-03,0.51015,0.51086,0.49175,0.50301,2653162.71326887
1730678400,2024-11-04,0.50283,0.51400,0.49566,0.50298,6718909.73608148
1730764800,2024-11-05,0.50312,0.51844,0.50174,0.51415,4622683.35200330
1730851200,2024-11-06,0.51422,0.54766,0.51422,0.54237,11018631.71282162
1730937600,2024-11-07,0.54230,0.57859,0.53857,0.55600,6798974.38588353
1731024000,2024-11-08,0.55604,0.56032,0.54181,0.55394,6704309.50897796
1731110400,2024-11-09,0.55367,0.56175,0.54406,0.55960,2716221.04610426
1731196800,2024-11-10,0.55949,0.61860,0.55600,0.58971,15988950.23229664
1731283200,2024-11-11,0.58908,0.63400,0.57100,0.62158,21337856.43972650
1731369600,2024-11-12,0.62183,0.74096,0.59795,0.70486,55818175.36170682
1731456000,2024-11-13,0.70731,0.74930,0.64160,0.69118,27370930.48265028
1731542400,2024-11-14,0.69066,0.84796,0.68330,0.77324,50256545.44637808
1731628800,2024-11-15,0.77359,0.92778,0.77094,0.89326,39089903.43721170
1731715200,2024-11-16,0.89284,1.26541,0.87855,1.12000,45836674.52345826
1731801600,2024-11-17,1.12089,1.16014,1.00363,1.05404,37979875.09785963
1731888000,2024-11-18,1.05675,1.18639,1.05675,1.11541,35097465.01306815
1731974400,2024-11-19,1.11468,1.14790,1.06947,1.10200,19801443.80054420
1732060800,2024-11-20,1.10228,1.15135,1.05756,1.10622,16442758.14585202
1732147200,2024-11-21,1.10308,1.26479,1.07935,1.24781,28965094.16439172
1732233600,2024-11-22,1.24799,1.50257,1.24783,1.47427,50636828.76324022
1732320000,2024-11-23,1.47340,1.63339,1.35452,1.47020,34789667.12408275
1732406400,2024-11-24,1.46988,1.51406,1.27244,1.43354,36252539.40829000
1732492800,2024-11-25,1.43487,1.54079,1.35722,1.41349,37563759.71868700
1732579200,2024-11-26,1.41364,1.45808,1.28211,1.39822,58838782.49348238
1732665600,2024-11-27,1.39752,1.52317,1.35235,1.47173,42955690.05203139
1732752000,2024-11-28,1.47107,1.54599,1.43146,1.54308,36387527.85294899
1732838400,2024-11-29,1.54238,1.81546,1.52434,1.80210,68131632.04988543
1732924800,2024-11-30,1.80161,1.95863,1.76476,1.95359,46616304.02313438
1733011200,2024-12-01,1.95259,2.35356,1.84916,2.29672,33719386.57189960
1733097600,2024-12-02,2.29875,2.87590,2.21000,2.72763,105550797.59847388
1733184000,2024-12-03,2.72385,2.90550,2.21351,2.51190,83940900.84637842
1733270400,2024-12-04,2.51376,2.68337,2.27000,2.36072,51146958.77822123
1733356800,2024-12-05,2.36162,2.49778,2.16959,2.24674,46479692.75438451
1733443200,2024-12-06,2.24494,2.46774,2.22850,2.43036,24955121.38695614
1733529600,2024-12-07,2.43053,2.62197,2.38898,2.61101,15199699.80890493
1733616000,2024-12-08,2.61291,2.64929,2.48684,2.60444,19071433.67561862
1733702400,2024-12-09,2.60242,2.60878,1.96000,2.21709,45307828.37981141
1733788800,2024-12-10,2.21354,2.42445,1.89910,2.37316,59118355.46083701
1733875200,2024-12-11,2.37209,2.47230,2.23155,2.39505,29722800.19947775
1733961600,2024-12-12,2.39993,2.48500,2.30898,2.33911,21007107.25816107
1734048000,2024-12-13,2.33942,2.47881,2.28652,2.42383,19221766.94264634
1734134400,2024-12-14,2.42043,2.53106,2.35537,2.39976,13432770.06597498
1734220800,2024-12-15,2.39980,2.47172,2.36879,2.44694,15147697.65127710
1734307200,2024-12-16,2.44750,2.58685,2.33015,2.48500,25335666.02256129
1734393600,2024-12-17,2.48509,2.72552,2.44126,2.56584,31223735.64255929
1734480000,2024-12-18,2.56718,2.59136,2.24293,2.31166,25641445.92308686
1734566400,2024-12-19,2.30737,2.43002,2.15356,2.23682,27643480.22599695
1734652800,2024-12-20,2.23789,2.35196,1.95798,2.27950,35599506.33727114
1734739200,2024-12-21,2.27735,2.38436,2.19154,2.23735,12545921.88760947
1734825600,2024-12-22,2.23803,2.29250,2.15734,2.20073,21217301.27055616
1734912000,2024-12-23,2.20016,2.27577,2.13000,2.25800,21894314.65012514
1734998400,2024-12-24,2.25913,2.34910,2.21044,2.32146,12194865.73470057
1735084800,2024-12-25,2.32217,2.33100,2.26051,2.29261,4743634.40432118
1735171200,2024-12-26,2.29540,2.31379,2.12689,2.15367,12062784.58083964
1735257600,2024-12-27,2.15338,2.23579,2.11162,2.14054,16151523.16080817
1735344000,2024-12-28,2.14341,2.20301,2.13141,2.18085,6977475.01778455
1735430400,2024-12-29,2.18199,2.19425,2.06751,2.08953,9698480.93963557
1735516800,2024-12-30,2.08635,2.14818,1.99218,2.05481,15552353.66858598
1735603200,2024-12-31,2.05516,2.14603,2.01000,2.07924,8276968.52645304
1735689600,2025-01-01,2.07861,2.34910,2.07861,2.32600,9660245.76548245
1735776000,2025-01-02,2.32870,2.44625,2.32563,2.40040,18326316.28420821
1735862400,2025-01-03,2.40042,2.47750,2.39562,2.45331,15430969.20458582
1735948800,2025-01-04,2.45315,2.50564,2.40179,2.41671,6112212.29348492
1736035200,2025-01-05,2.42041,2.42707,2.32802,2.39849,5264431.48806106
1736121600,2025-01-06,2.40238,2.45780,2.36687,2.42045,7688510.24863964
1736208000,2025-01-07,2.42113,2.46726,2.25667,2.27042,18651416.73481834
1736294400,2025-01-08,2.27151,2.39783,2.20000,2.37273,20439914.53170467
1736380800,2025-01-09,2.37160,2.39452,2.23429,2.27256,10430696.40290770
1736467200,2025-01-10,2.27265,2.36993,2.24690,2.34174,12449334.12644628
1736553600,2025-01-11,2.34174,2.60263,2.32536,2.57540,21135030.51177366
1736640000,2025-01-12,2.57609,2.58193,2.46977,2.50292,12240090.82222024
1736726400,2025-01-13,2.50300,2.56330,2.32867,2.52451,23186091.52290921
1736812800,2025-01-14,2.52256,2.69664,2.51193,2.66812,18308079.38187168
1736899200,2025-01-15,2.66605,3.20020,2.64901,3.14290,41818536.92920100
1736985600,2025-01-16,3.14461,3.40000,2.92000,3.24393,54563955.90136159
1737072000,2025-01-17,3.24500,3.35362,3.17724,3.29261,31707549.98314737
1737158400,2025-01-18,3.29402,3.29916,3.05634,3.26709,22563614.83059447
1737244800,2025-01-19,3.26404,3.28923,2.80000,2.95454,27131824.49825735
1737331200,2025-01-20,2.95641,3.36489,2.90700,3.10244,32354417.84483641
1737417600,2025-01-21,3.10229,3.24113,3.01153,3.17451,15882403.79645318
1737504000,2025-01-22,3.17480,3.28435,3.13366,3.17744,16173323.74182466
1737590400,2025-01-23,3.17922,3.18512,3.03641,3.11927,18023433.15748714
1737676800,2025-01-24,3.11992,3.20392,3.05538,3.10109,17251418.52079784
1737763200,2025-01-25,3.09772,3.14380,3.07782,3.10728,10091967.78041869
1737849600,2025-01-26,3.10765,3.14282,3.00810,3.02179,9448147.42021985
1737936000,2025-01-27,3.01965,3.05868,2.65000,3.05451,38423250.64546709
1738022400,2025-01-28,3.05035,3.21368,3.00600,3.05574,20215853.61083079
1738108800,2025-01-29,3.05567,3.13595,2.90000,3.06809,15957797.94247309
1738195200,2025-01-30,3.07240,3.15456,3.04786,3.12820,10124936.03377607
1738281600,2025-01-31,3.13003,3.13415,3.00096,3.03522,11412297.01676479
1738368000,2025-02-01,3.03341,3.07128,2.82759,2.87663,13326502.27286734
1738454400,2025-02-02,2.88162,2.95443,2.45944,2.57928,21004421.49490114
1738540800,2025-02-03,2.57901,2.78779,1.76839,2.70475,62205553.48417996
1738627200,2025-02-04,2.70547,2.79098,2.42161,2.52818,21200508.34171526
1738713600,2025-02-05,2.52750,2.57142,2.34333,2.38120,20425206.00968253
1738800000,2025-02-06,2.38120,2.47082,2.27979,2.32738,18462862.86444405
1738886400,2025-02-07,2.32600,2.54224,2.26868,2.39857,24864727.38034547
1738972800,2025-02-08,2.39330,2.43696,2.35255,2.41987,5521482.34027621
1739059200,2025-02-09,2.42310,2.50848,2.31095,2.39471,14961409.66850690
1739145600,2025-02-10,2.39343,2.47368,2.32463,2.42388,8586086.29227327
1739232000,2025-02-11,2.42607,2.52922,2.37070,2.41252,13717590.27073248
1739318400,2025-02-12,2.41240,2.49642,2.32646,2.47337,14642000.40224994
1739404800,2025-02-13,2.47457,2.60588,2.41563,2.55940,14939223.03786790
1739491200,2025-02-14,2.55925,2.83651,2.53094,2.73894,19994192.61504614
1739577600,2025-02-15,2.73842,2.83246,2.71251,2.76300,8827668.17055129
1739664000,2025-02-16,2.76262,2.80522,2.68990,2.72832,8685933.61341416
1739750400,2025-02-17,2.72817,2.76375,2.60644,2.66052,16095563.38407549
1739836800,2025-02-18,2.65997,2.66927,2.46872,2.56074,25285600.67538379
1739923200,2025-02-19,2.56163,2.74722,2.51200,2.73797,16656948.39926694
1740009600,2025-02-20,2.74050,2.74788,2.66790,2.68858,8762630.56963309
1740096000,2025-02-21,2.68857,2.71521,2.50751,2.57000,14564481.73200172
1740182400,2025-02-22,2.57101,2.60889,2.55024,2.57400,3946453.60106917
1740268800,2025-02-23,2.57397,2.60164,2.52056,2.57466,5089121.82692887
1740355200,2025-02-24,2.57647,2.61073,2.23558,2.27612,36599359.70936397
1740441600,2025-02-25,2.27542,2.36515,2.06398,2.31901,33864144.16340984
1740528000,2025-02-26,2.31901,2.32862,2.14575,2.19557,11113936.27854355
1740614400,2025-02-27,2.19914,2.25496,2.14315,2.19610,9780951.81455569
1740700800,2025-02-28,2.19681,2.19869,1.94858,2.14488,20552199.45630302
1740787200,2025-03-01,2.14485,2.21866,2.12168,2.18906,3861909.09894654
1740873600,2025-03-02,2.18900,3.02859,2.17373,2.93929,35243317.36059491
1740960000,2025-03-03,2.93932,2.96755,2.29466,2.38577,31762561.46351612
1741046400,2025-03-04,2.38343,2.53749,2.21135,2.45447,22307605.50026798
1741132800,2025-03-05,2.45372,2.54000,2.40489,2.49999,17445846.30189173
1741219200,2025-03-06,2.50019,2.64541,2.47183,2.59884,23979204.74051559
1741305600,2025-03-07,2.59995,2.62000,2.34232,2.38408,29785685.25726345
1741392000,2025-03-08,2.38430,2.40948,2.30155,2.32347,5934092.64718874
1741478400,2025-03-09,2.32473,2.35005,2.08265,2.13670,17065013.08039669
1741564800,2025-03-10,2.13685,2.26233,1.99264,2.01760,21883346.69056286
1741651200,2025-03-11,2.02032,2.21337,1.89708,2.16904,23959667.85055159
1741737600,2025-03-12,2.17352,2.27420,2.13319,2.23903,30325644.49381826
1741824000,2025-03-13,2.23887,2.34799,2.21463,2.25013,17940385.66976903
1741910400,2025-03-14,2.25159,2.38902,2.23757,2.35463,14956623.04680313
1741996800,2025-03-15,2.35629,2.47557,2.35405,2.39145,4959667.23750532
1742083200,2025-03-16,2.39203,2.41000,2.26817,2.29635,5731279.35671018
1742169600,2025-03-17,2.29469,2.37783,2.29191,2.33863,10850316.56939292
1742256000,2025-03-18,2.33845,2.33860,2.22242,2.28498,8745242.27712868
1742342400,2025-03-19,2.28481,2.59053,2.26566,2.54354,24678778.47504198
1742428800,2025-03-20,2.54744,2.56420,2.38825,2.43253,14218486.80836071
1742515200,2025-03-21,2.43306,2.46497,2.35481,2.37919,9090369.43087845
1742601600,2025-03-22,2.37851,2.41531,2.35913,2.37026,3336700.69621899
1742688000,2025-03-23,2.36968,2.44128,2.36566,2.44006,10670456.86536002
1742774400,2025-03-24,2.43984,2.50417,2.41405,2.45012,11480563.46244636
1742860800,2025-03-25,2.45031,2.47753,2.40800,2.44928,5629039.14149740
1742947200,2025-03-26,2.45128,2.47899,2.32666,2.34958,13661838.16543941
1743033600,2025-03-27,2.34723,2.38958,2.30204,2.33942,10231311.89295680
1743120000,2025-03-28,2.33944,2.34263,2.15297,2.20375,19464628.93669271
1743206400,2025-03-29,2.20670,2.22466,2.06063,2.13378,9715459.85078581
1743292800,2025-03-30,2.13349,2.21349,2.10601,2.13569,6145867.41389294
1743379200,2025-03-31,2.13755,2.14021,2.02062,2.08992,14357708.95724526
1743465600,2025-04-01,2.08875,2.19813,2.06512,2.13830,23321845.20050713
1743552000,2025-04-02,2.13865,2.23500,1.98485,2.02352,20409220.27103328
1743638400,2025-04-03,2.02349,2.08085,1.95944,2.06240,13105552.12781912
1743724800,2025-04-04,2.06365,2.15940,2.01707,2.12846,10367376.44328875
1743811200,2025-04-05,2.12809,2.17558,2.11242,2.14412,5336116.93541310
1743897600,2025-04-06,2.14352,2.15793,1.86057,1.92127,16886713.54379429
1743984000,2025-04-07,1.92078,2.00994,1.61184,1.89584,46243234.42610598
1744070400,2025-04-08,1.89790,1.97428,1.77637,1.79462,20287829.45429921
1744156800,2025-04-09,1.79592,2.09000,1.72069,2.05176,26734238.64278377
1744243200,2025-04-10,2.05528,2.05578,1.92081,1.96565,14738105.87097256
1744329600,2025-04-11,1.96414,2.06354,1.94605,2.02171,10232770.48409256
1744416000,2025-04-12,2.02185,2.18802,2.00269,2.16042,11023677.46393509
1744502400,2025-04-13,2.15945,2.24611,2.08001,2.11776,12309326.97014931
1744588800,2025-04-14,2.11625,2.17973,2.10400,2.12646,11334923.62055246
1744675200,2025-04-15,2.12737,2.18457,2.08400,2.08400,11544232.15840867
1744761600,2025-04-16,2.08404,2.12890,2.03445,2.08313,12990365.97729210
1744848000,2025-04-17,2.08244,2.11364,2.05299,2.06736,7632566.06346105
1744934400,2025-04-18,2.06732,2.08927,2.04401,2.06199,4621740.64547714
1745020800,2025-04-19,2.06098,2.09726,2.05852,2.08754,6687032.29114743
1745107200,2025-04-20,2.08635,2.09395,2.04000,2.07835,4573880.89978905
1745193600,2025-04-21,2.07781,2.14146,2.05960,2.08523,7433328.34287616
1745280000,2025-04-22,2.08527,2.25000,2.06713,2.21404,14148700.29980076
1745366400,2025-04-23,2.21657,2.30133,2.19012,2.21882,14065859.98234527
1745452800,2025-04-24,2.21848,2.23409,2.11923,2.20574,12182220.48408990
1745539200,2025-04-25,2.20595,2.22000,2.16520,2.18280,10234390.56979974
1745625600,2025-04-26,2.18335,2.24920,2.18068,2.19204,3563471.94272463
1745712000,2025-04-27,2.19234,2.29576,2.16048,2.25312,6630293.06250824
1745798400,2025-04-28,2.25251,2.36216,2.22020,2.29532,12512057.31104004
1745884800,2025-04-29,2.29603,2.31490,2.22234,2.23901,6944890.25587086
1745971200,2025-04-30,2.23869,2.25958,2.12468,2.19102,8522018.59388787
1746057600,2025-05-01,2.19088,2.25663,2.18798,2.21337,4384336.94716607
1746144000,2025-05-02,2.21335,2.24101,2.19230,2.21053,7551524.42754719
1746230400,2025-05-03,2.20917,2.22072,2.17756,2.18851,2190981.66364359
1746316800,2025-05-04,2.18677,2.21891,2.15171,2.15651,2458002.57572548
1746403200,2025-05-05,2.15594,2.20017,2.10670,2.13035,8036078.86463706
1746489600,2025-05-06,2.13124,2.15915,2.07752,2.15433,5922966.77874814
1746576000,2025-05-07,2.15514,2.17162,2.10503,2.12661,6451006.17238167
1746662400,2025-05-08,2.12799,2.33061,2.11822,2.32692,14903167.34862000
1746748800,2025-05-09,2.32701,2.42874,2.28643,2.34400,10800864.08909080
1746835200,2025-05-10,2.34401,2.47576,2.33631,2.47144,5239364.71796069
1746921600,2025-05-11,2.47066,2.48320,2.32811,2.36749,4637677.76910736
1747008000,2025-05-12,2.36600,2.65840,2.35272,2.54533,20161142.23068564
1747094400,2025-05-13,2.54455,2.60626,2.42192,2.58293,12447522.55751074
1747180800,2025-05-14,2.58318,2.65010,2.52023,2.55161,8458894.38792707
1747267200,2025-05-15,2.55098,2.57160,2.35421,2.38591,9403903.79644482
1747353600,2025-05-16,2.38657,2.44005,2.34728,2.38031,11361639.02867999
1747440000,2025-05-17,2.38031,2.38977,2.30000,2.35438,6432707.29560845
1747526400,2025-05-18,2.35405,2.44932,2.33381,2.42891,5647592.50841472
1747612800,2025-05-19,2.42997,2.44064,2.28429,2.38052,9895600.90512012
1747699200,2025-05-20,2.38121,2.40880,2.31564,2.35746,7163293.83012160
1747785600,2025-05-21,2.35525,2.42996,2.33200,2.39591,7905595.38025125
1747872000,2025-05-22,2.39645,2.45551,2.38752,2.43126,9430171.07417686
1747958400,2025-05-23,2.43042,2.47963,2.28504,2.29623,11702440.79185253
1748044800,2025-05-24,2.29675,2.36004,2.28711,2.33194,2308738.53393205
1748131200,2025-05-25,2.33127,2.34568,2.26679,2.34397,4631922.59451859
1748217600,2025-05-26,2.34423,2.35972,2.29681,2.31147,5328543.81833675
1748304000,2025-05-27,2.31119,2.35487,2.26913,2.31797,5095066.90032321
1748390400,2025-05-28,2.31694,2.32353,2.22746,2.27510,6976243.91247369
1748476800,2025-05-29,2.27500,2.31316,2.23803,2.24424,7047281.53678146
1748563200,2025-05-30,2.24375,2.25255,2.13171,2.14091,11003913.24374461
1748649600,2025-05-31,2.14053,2.20712,2.08073,2.17396,5510634.68832143
1748736000,2025-06-01,2.17516,2.18879,2.12454,2.18045,4050464.23658082
1748822400,2025-06-02,2.18022,2.20542,2.13703,2.19741,5458744.42070250
1748908800,2025-06-03,2.19798,2.28378,2.18563,2.24585,8280821.25477232
1748995200,2025-06-04,2.24672,2.26660,2.19669,2.20228,6633488.99075562
1749081600,2025-06-05,2.20130,2.22749,2.05938,2.09486,11352557.37558370
1749168000,2025-06-06,2.09497,2.19221,2.08314,2.16177,8696043.36431554
1749254400,2025-06-07,2.16103,2.19211,2.14913,2.17808,2601790.89854886
1749340800,2025-06-08,2.17812,2.29646,2.16818,2.26772,5151963.48485669
1749427200,2025-06-09,2.26748,2.33010,2.22392,2.32178,5995962.91748581
1749513600,2025-06-10,2.32017,2.32699,2.26135,2.30757,6246112.69241575
1749600000,2025-06-11,2.30632,2.33861,2.25374,2.27088,6795512.99764704
1749686400,2025-06-12,2.27050,2.27298,2.17081,2.19059,7526721.49675540
1749772800,2025-06-13,2.18972,2.19274,2.08540,2.14847,14650515.51645475
1749859200,2025-06-14,2.14840,2.17933,2.11023,2.14036,2799517.81192897
1749945600,2025-06-15,2.14100,2.17608,2.13939,2.16637,2270833.09047344
1750032000,2025-06-16,2.16556,2.33734,2.15198,2.23742,10898569.13822977
1750118400,2025-06-17,2.23722,2.25777,2.14155,2.15917,8549526.61802233
1750204800,2025-06-18,2.15972,2.18093,2.11883,2.17113,8060768.40216347
1750291200,2025-06-19,2.17090,2.18509,2.14486,2.16522,5011884.28275030
1750377600,2025-06-20,2.16501,2.17974,2.08670,2.11958,7668128.08607249
1750464000,2025-06-21,2.11924,2.14529,1.99001,2.06382,8520012.67616015
1750550400,2025-06-22,2.06448,2.09009,1.90900,2.01848,14207328.03037995
1750636800,2025-06-23,2.01813,2.17206,1.96289,2.15997,16204558.82045114
1750723200,2025-06-24,2.16009,2.21746,2.13292,2.19087,9206446.42927899
1750809600,2025-06-25,2.19172,2.23100,2.17106,2.18651,7988080.00108381
1750896000,2025-06-26,2.18689,2.21360,2.09634,2.10621,11632298.81550045
1750982400,2025-06-27,2.10590,2.15591,2.06835,2.14276,11469495.64240421
1751068800,2025-06-28,2.14375,2.20844,2.13566,2.18638,3663514.26376291
1751155200,2025-06-29,2.18583,2.22024,2.17633,2.20666,2725743.91471684
1751241600,2025-06-30,2.20678,2.32749,2.16546,2.23863,15045886.88322570
1751328000,2025-07-01,2.23614,2.25403,2.14790,2.17240,8283661.88893464
1751414400,2025-07-02,2.17206,2.29237,2.15800,2.23431,9314468.83453629
1751500800,2025-07-03,2.23431,2.31467,2.22593,2.25749,7886557.00878497
1751587200,2025-07-04,2.25729,2.26867,2.19778,2.22121,4817871.55182802
1751673600,2025-07-05,2.22122,2.23432,2.20232,2.21841,1735684.92188760
1751760000,2025-07-06,2.21837,2.28988,2.20975,2.27145,3197302.32119194
1751846400,2025-07-07,2.27138,2.35335,2.25535,2.27087,8588992.14430523
1751932800,2025-07-08,2.27027,2.32271,2.24881,2.31131,6115442.47306990
1752019200,2025-07-09,2.31100,2.42819,2.29840,2.40469,12341438.20968098
1752105600,2025-07-10,2.40490,2.56893,2.39527,2.54745,17021316.52353541
1752192000,2025-07-11,2.54531,2.97637,2.51179,2.73337,38793090.96055417
1752278400,2025-07-12,2.73255,2.84812,2.66027,2.73981,18486060.45197978
1752364800,2025-07-13,2.74028,2.89559,2.72465,2.83714,15941472.77969441
1752451200,2025-07-14,2.83770,3.03481,2.82315,2.95958,28937615.35186541
1752537600,2025-07-15,2.95868,2.95868,2.80378,2.91968,18410160.86199357
1752624000,2025-07-16,2.91768,3.10213,2.87853,3.03954,17842027.83370346
1752710400,2025-07-17,3.03937,3.55226,2.98856,3.48446,44176445.97646878
1752796800,2025-07-18,3.48401,3.66596,3.34388,3.41643,38115088.88690408
1752883200,2025-07-19,3.41515,3.48738,3.35610,3.42546,11700145.25780744
1752969600,2025-07-20,3.42762,3.55860,3.38784,3.45724,18489363.87564403
1753056000,2025-07-21,3.45305,3.65216,3.40912,3.55130,26931226.51166884
1753142400,2025-07-22,3.55108,3.58076,3.42409,3.55233,25935444.97415083
1753228800,2025-07-23,3.55237,3.55361,3.04651,3.18493,32022749.00174787
1753315200,2025-07-24,3.18616,3.26754,2.95783,3.14704,27877967.07528197
1753401600,2025-07-25,3.14708,3.16236,3.00000,3.14269,25964331.88381758
1753488000,2025-07-26,3.14172,3.21924,3.10950,3.16601,8565770.43918887
1753574400,2025-07-27,3.16601,3.25176,3.15700,3.23924,10676714.81569398
1753660800,2025-07-28,3.24108,3.33127,3.10500,3.12258,18854449.65084126
1753747200,2025-07-29,3.12366,3.18490,3.05396,3.12767,12122866.95434089
1753833600,2025-07-30,3.12788,3.16217,3.00057,3.09547,13838751.83143212
1753920000,2025-07-31,3.09544,3.17786,3.00921,3.02223,13355326.84156394
1754006400,2025-08-01,3.02197,3.05830,2.89280,2.95967,23713742.27695910
1754092800,2025-08-02,2.95922,3.01883,2.73853,2.76872,18336735.86312596
1754179200,2025-08-03,2.76966,2.96293,2.72755,2.94893,10955386.13488868
1754265600,2025-08-04,2.94873,3.09081,2.93243,3.07112,12808657.17352716
1754352000,2025-08-05,3.07101,3.10648,2.91647,2.96154,11483887.58787375
1754438400,2025-08-06,2.96107,3.01934,2.90219,2.99103,7864126.90254460
1754524800,2025-08-07,2.99103,3.33476,2.96494,3.32021,18049298.86046930
1754611200,2025-08-08,3.32050,3.38300,3.20546,3.28622,21229558.55065381
1754697600,2025-08-09,3.28569,3.34764,3.21000,3.22645,11708412.93713362
1754784000,2025-08-10,3.22700,3.27949,3.15322,3.18806,10961325.05582558
1754870400,2025-08-11,3.18776,3.33264,3.11693,3.12965,15873554.64713236
1754956800,2025-08-12,3.12861,3.30646,3.10327,3.26761,15306096.78170258
1755043200,2025-08-13,3.26658,3.33643,3.20286,3.27602,13676748.39212825
1755129600,2025-08-14,3.27604,3.35289,2.99879,3.08151,25476688.83027924
1755216000,2025-08-15,3.08028,3.14509,3.00380,3.07987,13860800.67388214
1755302400,2025-08-16,3.07902,3.15808,3.07443,3.10785,5585971.96423417
1755388800,2025-08-17,3.10707,3.14831,3.07957,3.08933,6489161.67969058
1755475200,2025-08-18,3.08870,3.09882,2.94223,3.06248,19182589.15923851
1755561600,2025-08-19,3.06365,3.08006,2.84782,2.85973,21450504.85753937
1755648000,2025-08-20,2.86018,2.99000,2.81849,2.95125,16423857.82765760
1755734400,2025-08-21,2.95102,2.95792,2.84191,2.85077,10675016.68891636
1755820800,2025-08-22,2.84940,3.10476,2.78254,3.07353,17750362.70570742
1755907200,2025-08-23,3.07208,3.07234,2.96804,3.04759,10866516.22146696
1755993600,2025-08-24,3.04765,3.12710,2.98478,3.02479,12347844.27189501
1756080000,2025-08-25,3.02548,3.05261,2.82376,2.85880,19536893.89504271
1756166400,2025-08-26,2.85858,3.08228,2.84633,3.01327,18620656.01115663
1756252800,2025-08-27,3.01286,3.04582,2.96000,2.96941,13517402.55796761
1756339200,2025-08-28,2.96854,3.02583,2.94261,2.96733,8376623.68457191
1756425600,2025-08-29,2.96708,2.97624,2.77361,2.81944,25317873.10304579
1756512000,2025-08-30,2.81955,2.83569,2.76139,2.81865,6818442.23750792
1756598400,2025-08-31,2.81875,2.86887,2.77137,2.77593,5500459.98849208
1756684800,2025-09-01,2.77414,2.83952,2.69569,2.75708,16154301.46936962
1756771200,2025-09-02,2.75891,2.86450,2.74881,2.86215,15724862.11678870
1756857600,2025-09-03,2.86186,2.88716,2.81160,2.84510,9455955.36422389
1756944000,2025-09-04,2.84509,2.86212,2.78500,2.79454,17359185.09091549
1757030400,2025-09-05,2.79443,2.88500,2.77837,2.81456,12394638.38175627
1757116800,2025-09-06,2.81447,2.82900,2.79319,2.80988,4682576.51511055
1757203200,2025-09-07,2.81007,2.92769,2.81007,2.87738,8735000.74687869
1757289600,2025-09-08,2.87738,2.99574,2.86284,2.96947,14938497.63568211
1757376000,2025-09-09,2.96946,3.03641,2.93394,2.94687,12624482.16844605
1757462400,2025-09-10,2.94736,3.02446,2.93541,2.98366,10328610.91317499
1757548800,2025-09-11,2.98358,3.04999,2.94900,3.04082,13055933.37405952
1757635200,2025-09-12,3.04118,3.13978,3.01836,3.10688,16106660.97013720
1757721600,2025-09-13,3.10799,3.18759,3.07200,3.12107,14729818.60547095
1757808000,2025-09-14,3.12012,3.12737,3.01200,3.02898,8832449.67145125
1757894400,2025-09-15,3.02897,3.06804,2.95500,2.99793,15224532.72802138
1757980800,2025-09-16,2.99759,3.05961,2.96501,3.03817,12838833.15535900
1758067200,2025-09-17,3.03731,3.10879,2.98215,3.08477,24741293.44694388
1758153600,2025-09-18,3.08597,3.14049,3.05643,3.07450,17293875.25965330
1758240000,2025-09-19,3.07505,3.09495,2.98030,2.99130,14623226.87896298
1758326400,2025-09-20,2.99129,3.01049,2.96771,2.97696,5203233.55792710
1758412800,2025-09-21,2.97689,3.01521,2.95302,2.97332,7316127.79006945
1758499200,2025-09-22,2.97106,2.97698,2.69440,2.85449,28357862.59073058
1758585600,2025-09-23,2.85426,2.89800,2.80242,2.82527,19106630.94524272
1758672000,2025-09-24,2.82537,2.99648,2.78895,2.92635,14965343.05054520
1758758400,2025-09-25,2.92682,2.94471,2.72530,2.74463,27666578.97849922
1758844800,2025-09-26,2.74584,2.81098,2.69798,2.78478,25881549.37567557
1758931200,2025-09-27,2.78378,2.83046,2.76320,2.80553,6741761.17953292
1759017600,2025-09-28,2.80641,2.86800,2.76800,2.86784,7692409.89528983
1759104000,2025-09-29,2.86800,2.92900,2.84660,2.88144,15959573.97266812
1759190400,2025-09-30,2.88100,2.90845,2.81436,2.84667,13162182.22810331
1759276800,2025-10-01,2.84668,2.96254,2.81508,2.95005,16235064.59984679
1759363200,2025-10-02,2.95059,3.10367,2.94202,3.04052,25097108.59876581
1759449600,2025-10-03,3.04092,3.09686,2.99795,3.04106,16964468.57642251
1759536000,2025-10-04,3.04215,3.05480,2.94046,2.97001,11172818.19162437
1759622400,2025-10-05,2.96984,3.07158,2.94763,2.97052,12274550.49503334
1759708800,2025-10-06,2.97054,3.05143,2.95658,2.98892,13301926.27109551
1759795200,2025-10-07,2.98892,3.00219,2.85045,2.85315,21903922.38417250
1759881600,2025-10-08,2.85361,2.92620,2.83200,2.88012,17799819.38485766
1759968000,2025-10-09,2.88042,2.88090,2.77369,2.80352,20204185.13049422
1760054400,2025-10-10,2.80332,2.83782,1.58000,2.37404,39849768.56025698
1760140800,2025-10-11,2.37507,2.50896,2.30000,2.38452,42550849.68118979
1760227200,2025-10-12,2.38452,2.58567,2.31426,2.53096,33895411.06859909
1760313600,2025-10-13,2.53080,2.64790,2.51619,2.60673,32931588.43062240
1760400000,2025-10-14,2.60656,2.62234,2.39083,2.50497,28145913.05311330
1760486400,2025-10-15,2.50419,2.54910,2.37726,2.41212,23790471.15251847
1760572800,2025-10-16,2.41228,2.46675,2.28464,2.32806,24415300.12190943
1760659200,2025-10-17,2.32807,2.40023,2.18940,2.29412,35906873.07678877
1760745600,2025-10-18,2.29462,2.39252,2.29016,2.36029,12275406.63292794
1760832000,2025-10-19,2.36003,2.42054,2.31850,2.39147,12481901.11674852
1760918400,2025-10-20,2.39095,2.55380,2.35590,2.49572,22209204.85042260
1761004800,2025-10-21,2.49532,2.53307,2.40250,2.42335,30537961.57509348
1761091200,2025-10-22,2.42265,2.43878,2.32619,2.36478,22347848.97302160
1761177600,2025-10-23,2.36492,2.42637,2.33699,2.39500,13692209.47435530
1761264000,2025-10-24,2.39556,2.51544,2.38753,2.51075,14460474.41896119
1761350400,2025-10-25,2.51012,2.65277,2.50322,2.59631,13304784.05299764
1761436800,2025-10-26,2.59643,2.66186,2.59297,2.64634,13044869.93027329
1761523200,2025-10-27,2.64584,2.69670,2.60101,2.63403,14210085.99734988
1761609600,2025-10-28,2.63386,2.68859,2.56770,2.60437,19769739.34700845
1761696000,2025-10-29,2.60320,2.66381,2.53378,2.55044,15797291.80651697
1761782400,2025-10-30,2.55004,2.59384,2.37625,2.43899,24036385.56053141
1761868800,2025-10-31,2.43764,2.55241,2.43426,2.50829,16886858.28936995
1761955200,2025-11-01,2.50829,2.52155,2.38276,2.50430,8725449.99183489
1762041600,2025-11-02,2.50363,2.55269,2.47795,2.52752,9033098.44752968
1762128000,2025-11-03,2.52737,2.53167,2.26180,2.30866,31282661.16040811
1762214400,2025-11-04,2.30877,2.36451,2.06605,2.20485,44705891.19331671
1762300800,2025-11-05,2.20443,2.37636,2.10123,2.34303,29063243.04309132
1762387200,2025-11-06,2.34174,2.41467,2.17928,2.21180,23503208.49593605
1762473600,2025-11-07,2.21151,2.37100,2.15214,2.31380,32447416.49398089
1762560000,2025-11-08,2.31515,2.33542,2.24251,2.28643,12394357.58122020
1762646400,2025-11-09,2.28523,2.40066,2.23715,2.36531,12889638.73489884
1762732800,2025-11-10,2.36530,2.58000,2.33867,2.52521,24704543.19204301
1762819200,2025-11-11,2.52524,2.56842,2.37846,2.39053,15934495.38734023
1762905600,2025-11-12,2.39070,2.45358,2.31510,2.38688,21655759.98216072
1762992000,2025-11-13,2.38649,2.52571,2.26825,2.32063,31102230.35097813
1763078400,2025-11-14,2.32048,2.33874,2.22417,2.24243,54489944.26245809
1763164800,2025-11-15,2.24225,2.30123,2.21053,2.23547,11353284.88195774
1763251200,2025-11-16,2.23561,2.27800,2.14947,2.21361,29121191.97052704
1763337600,2025-11-17,2.21318,2.30403,2.11198,2.16131,42316252.88672938
1763424000,2025-11-18,2.16170,2.24000,2.08300,2.21567,45524353.89668337
1763510400,2025-11-19,2.21579,2.21691,2.02398,2.10821,36037888.33768289
1763596800,2025-11-20,2.10740,2.14766,1.97315,1.99692,33171213.89097142
1763683200,2025-11-21,1.99690,2.02837,1.81796,1.94942,55263237.36001306
1763769600,2025-11-22,1.94994,1.96561,1.88799,1.94936,13998607.36131842
1763856000,2025-11-23,1.94968,2.08340,1.94888,2.04833,22662142.75549798
1763942400,2025-11-24,2.04774,2.28551,2.02330,2.22682,32893095.60686711
1764028800,2025-11-25,2.22657,2.26414,2.14697,2.19982,24137463.55057893
1764115200,2025-11-26,2.20125,2.25379,2.14413,2.22248,14470686.64246477
1764201600,2025-11-27,2.22247,2.23450,2.17249,2.20009,8166580.13621490
1764288000,2025-11-28,2.19944,2.27526,2.15677,2.17970,15792770.23863743
1764374400,2025-11-29,2.17982,2.22255,2.16710,2.20167,7030955.43611704
1764460800,2025-11-30,2.20166,2.21496,2.15240,2.15483,6686387.58439209
1764547200,2025-12-01,2.15483,2.16104,1.98309,2.02978,37015548.75611103
1764633600,2025-12-02,2.02936,2.18368,1.99503,2.15367,24994083.22062153
1764720000,2025-12-03,2.15364,2.21947,2.14205,2.19819,21916220.83646410
1764806400,2025-12-04,2.19895,2.21438,2.06988,2.09639,16425708.22910490
1764892800,2025-12-05,2.09639,2.11340,2.01242,2.03469,18394677.50717862
1764979200,2025-12-06,2.03481,2.05093,2.01576,2.03118,7821885.36642742
1765065600,2025-12-07,2.03118,2.11114,1.99000,2.04431,19149303.71596068
1765152000,2025-12-08,2.04340,2.12404,2.03222,2.07245,18277732.35033484
1765238400,2025-12-09,2.07221,2.17751,2.04210,2.10711,18848276.58850524
1765324800,2025-12-10,2.10618,2.11071,2.03326,2.04258,16241162.38379672
1765411200,2025-12-11,2.04222,2.05715,1.97000,2.03412,22394508.62177982
1765497600,2025-12-12,2.03413,2.04798,1.96985,2.00732,17055382.89599108
1765584000,2025-12-13,2.00767,2.04888,2.00695,2.02318,6955946.41664855
1765670400,2025-12-14,2.02317,2.03067,1.95000,1.97872,9622225.97841793
1765756800,2025-12-15,1.97853,2.01407,1.86932,1.89760,20212312.34113299
1765843200,2025-12-16,1.89773,1.94774,1.85260,1.92910,21934934.77104523
1765929600,2025-12-17,1.92850,1.98684,1.84667,1.86177,25526291.00298378
1766016000,2025-12-18,1.86196,1.93332,1.80000,1.80640,26541392.24895015
1766102400,2025-12-19,1.80663,1.91981,1.77064,1.90818,23802303.14181940
1766188800,2025-12-20,1.90820,1.95749,1.89310,1.93267,7562775.47396898
1766275200,2025-12-21,1.93259,1.94912,1.89447,1.92108,8139651.61781253
1766361600,2025-12-22,1.92209,1.94796,1.89053,1.90191,13502925.30443350
1766448000,2025-12-23,1.90214,1.90863,1.86247,1.87183,10476713.45093967
1766534400,2025-12-24,1.87226,1.87702,1.83571,1.86137,10308453.96508029
1766620800,2025-12-25,1.86063,1.88719,1.82769,1.83138,7292168.26430446
1766707200,2025-12-26,1.83118,1.88182,1.82289,1.84204,11856257.12856025
1766793600,2025-12-27,1.84204,1.87708,1.83971,1.87195,5221530.47372235
1766880000,2025-12-28,1.87210,1.87777,1.84607,1.86357,3809283.97527877
1766966400,2025-12-29,1.86408,1.91572,1.84264,1.84891,12900896.57820337
1767052800,2025-12-30,1.84845,1.88439,1.84176,1.87528,9466253.64206157
1767139200,2025-12-31,1.87422,1.88200,1.80919,1.83930,16350779.76747898
1767225600,2026-01-01,1.83943,1.87853,1.82322,1.87728,8248196.84187454
1767312000,2026-01-02,1.87729,2.02998,1.86680,2.00593,17840499.86844768
1767398400,2026-01-03,2.00585,2.05511,1.98347,2.01721,13693545.48221095
1767484800,2026-01-04,2.01660,2.11927,2.01566,2.09051,14348065.31761498
1767571200,2026-01-05,2.08976,2.36850,2.08688,2.34734,35593019.15328732
1767657600,2026-01-06,2.34723,2.41615,2.20404,2.30344,41049092.14309829
1767744000,2026-01-07,2.30334,2.31974,2.15000,2.16306,18632055.56194728
1767830400,2026-01-08,2.16358,2.18936,2.06340,2.12120,19882560.69628772
1767916800,2026-01-09,2.12096,2.15948,2.07000,2.09313,16522200.40045100
1768003200,2026-01-10,2.09290,2.10750,2.07792,2.08795,4400354.83477486
1768089600,2026-01-11,2.08795,2.10707,2.04276,2.07115,6316653.19679259
1768176000,2026-01-12,2.07132,2.10671,2.03234,2.05196,14738405.82649210
1768262400,2026-01-13,2.05120,2.18379,2.04518,2.16449,20335425.56761448
1768348800,2026-01-14,2.16664,2.19053,2.11051,2.13910,18754213.91465303
1768435200,2026-01-15,2.13910,2.14303,2.05236,2.07824,14704143.08136479
1768521600,2026-01-16,2.07709,2.08618,2.02549,2.06674,12937541.75140044
1768608000,2026-01-17,2.06690,2.08237,2.05281,2.06220,5174524.48045234
1768694400,2026-01-18,2.06148,2.06696,1.98577,1.99065,6619538.95265640
1768780800,2026-01-19,1.99027,2.02857,1.84166,1.98454,20762885.46984078
1768867200,2026-01-20,1.98466,1.98937,1.86571,1.88752,23361173.05082442
1768953600,2026-01-21,1.88784,1.98781,1.86944,1.94579,21174347.03887703
1769040000,2026-01-22,1.94570,1.96537,1.89937,1.92172,11333434.61894094
1769126400,2026-01-23,1.92209,1.96337,1.88486,1.91716,13737821.45724471
1769212800,2026-01-24,1.91782,1.92489,1.90767,1.91153,4635217.51024106
1769299200,2026-01-25,1.91092,1.91390,1.80894,1.83330,16760618.71020580
1769385600,2026-01-26,1.83348,1.94385,1.83138,1.90204,16900490.62315888
1769472000,2026-01-27,1.90204,1.92668,1.87179,1.91297,13049890.94123712
1769558400,2026-01-28,1.91300,1.93979,1.89175,1.90847,14034843.77203226
1769644800,2026-01-29,1.90913,1.91031,1.77499,1.80451,24861164.76976445
1769731200,2026-01-30,1.80464,1.80974,1.70930,1.73244,34500799.67087379
1769817600,2026-01-31,1.73252,1.75186,1.50076,1.64544,38356488.54007768
1769904000,2026-02-01,1.64443,1.67824,1.55160,1.58919,21699962.30246772
1769990400,2026-02-02,1.58931,1.65621,1.52926,1.61806,31480226.28621378
1770076800,2026-02-03,1.61830,1.63371,1.52602,1.57684,28126919.55554368
1770163200,2026-02-04,1.57675,1.60992,1.49154,1.50872,25048102.62899624
1770249600,2026-02-05,1.50862,1.51149,1.13460,1.21267,72928854.54889177
1770336000,2026-02-06,1.21198,1.54340,1.11845,1.46838,85156725.58183867
1770422400,2026-02-07,1.46831,1.48623,1.38472,1.42199,29262864.11535981
1770508800,2026-02-08,1.42200,1.46786,1.40892,1.43026,19735483.34470833
1770595200,2026-02-09,1.42976,1.46360,1.37131,1.43610,23406632.05617607
1770681600,2026-02-10,1.43620,1.45211,1.39145,1.39899,19800479.98151069
1770768000,2026-02-11,1.39888,1.41948,1.34149,1.36832,30865784.37533433
1770854400,2026-02-12,1.36851,1.40723,1.34520,1.36233,18646161.89705863
1770940800,2026-02-13,1.36233,1.42783,1.34728,1.40677,17033982.50792459
1771027200,2026-02-14,1.40618,1.51255,1.40442,1.50859,16553409.11961759
1771113600,2026-02-15,1.50760,1.67000,1.44427,1.47440,43266562.48735956
1771200000,2026-02-16,1.47444,1.51592,1.44791,1.48663,20401935.39654438
1771286400,2026-02-17,1.48676,1.49377,1.42607,1.47357,19032601.37132151
1771372800,2026-02-18,1.47363,1.49295,1.40968,1.42118,20504294.65203127
1771459200,2026-02-19,1.42142,1.43764,1.38169,1.40607,20824765.13789541
1771545600,2026-02-20,1.40555,1.45070,1.37739,1.42850,15028419.06851162
1771632000,2026-02-21,1.42851,1.46415,1.41942,1.43018,10045217.25048668
1771718400,2026-02-22,1.42980,1.43332,1.37960,1.39265,9614698.28014733
1771804800,2026-02-23,1.39267,1.42451,1.33015,1.35146,24839589.96491716
1771891200,2026-02-24,1.35195,1.36759,1.31240,1.34822,20218647.03382924
1771977600,2026-02-25,1.34807,1.49281,1.34092,1.43399,27068042.84616464
1772064000,2026-02-26,1.43328,1.46912,1.38276,1.40271,21193009.25896343
1772150400,2026-02-27,1.40264,1.42543,1.33854,1.35603,28768707.22757832
1772236800,2026-02-28,1.35604,1.39304,1.27066,1.37645,32410293.01248289
1772323200,2026-03-01,1.37627,1.43324,1.33698,1.35227,36251094.03551860
1772409600,2026-03-02,1.35227,1.42268,1.33380,1.39025,28301392.65770815
1772496000,2026-03-03,1.38998,1.39510,1.33685,1.36072,16155845.76140676
1772582400,2026-03-04,1.36076,1.47335,1.34536,1.43133,24770994.40709564
1772668800,2026-03-05,1.43100,1.45210,1.39648,1.40401,17077828.43226745
1772755200,2026-03-06,1.40409,1.41530,1.34613,1.36308,16817794.23692147
1772841600,2026-03-07,1.36292,1.37502,1.34705,1.35683,8484451.52394159
1772928000,2026-03-08,1.35706,1.37133,1.32220,1.34002,8140344.79176175
1773014400,2026-03-09,1.34003,1.38397,1.33287,1.36328,14061291.82317181
1773100800,2026-03-10,1.36318,1.44301,1.36069,1.38657,19709219.72808005
1773187200,2026-03-11,1.38675,1.41134,1.37070,1.38453,12056858.69102825
1773273600,2026-03-12,1.38453,1.39359,1.36561,1.38517,9581066.94228202
1773360000,2026-03-13,1.38473,1.45313,1.38353,1.39925,21119973.02686498
1773446400,2026-03-14,1.39901,1.40874,1.38510,1.40654,4536123.97914855
1773532800,2026-03-15,1.40654,1.46491,1.40256,1.44918,9582301.39813258
1773619200,2026-03-16,1.44911,1.55237,1.43564,1.54331,26355621.14116497
1773705600,2026-03-17,1.54301,1.60749,1.49457,1.51833,23562777.10195659
1773792000,2026-03-18,1.51864,1.54183,1.43597,1.46481,12014888.13178617
1773878400,2026-03-19,1.46400,1.48113,1.42232,1.44712,11821566.76171061
1773964800,2026-03-20,1.44770,1.46618,1.42463,1.44470,10544635.09515706
1774051200,2026-03-21,1.44428,1.45225,1.40000,1.40855,6605074.64367917
1774137600,2026-03-22,1.40811,1.42593,1.37137,1.38451,11035549.03009930
1774224000,2026-03-23,1.38457,1.46572,1.36152,1.43218,21796513.01314719
1774310400,2026-03-24,1.43301,1.43470,1.38353,1.41531,13014026.59746276
1774396800,2026-03-25,1.41529,1.43707,1.40159,1.41414,11063960.96439190
1774483200,2026-03-26,1.41442,1.41590,1.33507,1.36000,20246241.10250165
1774569600,2026-03-27,1.36027,1.37142,1.31743,1.32461,31978173.12423853
1774656000,2026-03-28,1.32427,1.35716,1.31836,1.33235,5715762.82005213
1774742400,2026-03-29,1.33235,1.34210,1.29405,1.32688,6507379.55163374
1774828800,2026-03-30,1.32790,1.36537,1.31569,1.32270,8651487.81596999
1774915200,2026-03-31,1.32277,1.34899,1.30338,1.33988,9905334.27547632
1775001600,2026-04-01,1.33959,1.36782,1.33082,1.34766,7700184.75904052
1775088000,2026-04-02,1.34760,1.35666,1.28034,1.31999,11355165.76568000
1775174400,2026-04-03,1.32042,1.33547,1.30328,1.31820,7116061.63006054
1775260800,2026-04-04,1.31820,1.32274,1.30643,1.31499,4065061.65929101
1775347200,2026-04-05,1.31508,1.33150,1.27925,1.32536,8209423.56898394
1775433600,2026-04-06,1.32579,1.35695,1.31235,1.32067,11619641.25596704
1775520000,2026-04-07,1.32066,1.39574,1.29478,1.37841,13651124.33895414
1775606400,2026-04-08,1.37845,1.38985,1.33915,1.34310,11111559.17677016
1775692800,2026-04-09,1.34280,1.36950,1.32204,1.34347,8421994.51270390
1775779200,2026-04-10,1.34370,1.36642,1.33492,1.35644,8231661.97931570
1775865600,2026-04-11,1.35666,1.37554,1.34040,1.35521,5228533.53637191
1775952000,2026-04-12,1.35513,1.35645,1.32013,1.32484,6516642.78608184
1776038400,2026-04-13,1.32447,1.38409,1.31997,1.37622,7970292.95047544
1776124800,2026-04-14,1.37620,1.39618,1.35318,1.36236,9547494.04539313
1776211200,2026-04-15,1.36234,1.40892,1.35129,1.39199,9143296.44970363
1776297600,2026-04-16,1.39285,1.46672,1.38743,1.45343,19515804.54027586
1776384000,2026-04-17,1.45339,1.51094,1.42299,1.47712,15853900.67853010
1776470400,2026-04-18,1.47613,1.48268,1.42430,1.43279,8298762.55638938
1776556800,2026-04-19,1.43291,1.44747,1.39248,1.39473,7130807.65505554
1776643200,2026-04-20,1.39419,1.44603,1.39419,1.42489,11454176.60888537
1776729600,2026-04-21,1.42506,1.44943,1.41187,1.43415,8202336.30106227
1776816000,2026-04-22,1.43510,1.46289,1.42709,1.42985,23297910.27931334
1776902400,2026-04-23,1.42980,1.44141,1.40960,1.43903,15092392.02520288
1776988800,2026-04-24,1.43915,1.45095,1.42434,1.43385,16943455.61204128
1777075200,2026-04-25,1.43343,1.43802,1.41913,1.42372,9352934.11504130
1777161600,2026-04-26,1.42394,1.43630,1.41843,1.43113,11434290.03838564
1777248000,2026-04-27,1.43136,1.44682,1.38394,1.40057,14353384.74612258
1777334400,2026-04-28,1.39969,1.39976,1.36801,1.38067,8484109.44084917
1777420800,2026-04-29,1.38009,1.40637,1.34532,1.36905,8637463.49888066
1777507200,2026-04-30,1.36928,1.38427,1.35839,1.36738,6977089.40925835
1777593600,2026-05-01,1.36748,1.39968,1.36431,1.38548,5696841.03126690
1777680000,2026-05-02,1.38643,1.40021,1.38104,1.39364,4228166.87891389
1777766400,2026-05-03,1.39364,1.40395,1.38151,1.38788,4175158.28613686
1777852800,2026-05-04,1.38751,1.42024,1.38328,1.39151,9876857.10175412
1777939200,2026-05-05,1.39126,1.42199,1.39029,1.41272,6620371.77798172
1778025600,2026-05-06,1.41256,1.45705,1.40786,1.42478,9893915.35256003
1778112000,2026-05-07,1.42487,1.42559,1.38013,1.38709,8976894.62775979
1778198400,2026-05-08,1.38669,1.42710,1.37785,1.41801,11197669.30240745
1778284800,2026-05-09,1.41807,1.43493,1.41129,1.41999,5769729.03437491
1778371200,2026-05-10,1.41988,1.50766,1.41164,1.47290,11944747.89759226
1778457600,2026-05-11,1.47338,1.48813,1.44001,1.47754,11832400.94663796
1778544000,2026-05-12,1.47750,1.48466,1.41833,1.43705,10796474.48082525
1778630400,2026-05-13,1.43759,1.46892,1.41120,1.42666,9732377.40354778
1778716800,2026-05-14,1.42669,1.54974,1.42041,1.48502,15407929.66661994
1778803200,2026-05-15,1.48474,1.49991,1.42698,1.43373,17230108.27573677
1778889600,2026-05-16,1.43324,1.43837,1.39571,1.41327,3815073.96175081
1778976000,2026-05-17,1.41383,1.42845,1.35500,1.40095,5175736.22466414
1779062400,2026-05-18,1.40091,1.40189,1.36344,1.38927,8545353.70989852
1779148800,2026-05-19,1.38952,1.39680,1.35203,1.36026,5877425.78979485
1779235200,2026-05-20,1.35982,1.37936,1.34655,1.36606,6580428.44516086
1779321600,2026-05-21,1.36562,1.38474,1.35008,1.37219,7702180.50062401
1779408000,2026-05-22,1.37275,1.37471,1.32860,1.33260,12634365.58680330
1779494400,2026-05-23,1.33309,1.37445,1.28800,1.35662,10324870.93696286
1779580800,2026-05-24,1.35677,1.36927,1.33053,1.34926,5417264.52393596
1779667200,2026-05-25,1.34956,1.36430,1.34179,1.34903,5003963.79323197
1779753600,2026-05-26,1.34900,1.36370,1.32505,1.32711,6591408.41688176
1779840000,2026-05-27,1.32780,1.34072,1.30158,1.30590,10573905.01045998
1779926400,2026-05-28,1.30532,1.33644,1.26454,1.31361,13164249.02321624
1780012800,2026-05-29,1.31492,1.33173,1.29281,1.32827,18200976.06017351
1780099200,2026-05-30,1.32830,1.36432,1.32637,1.33873,6136399.77551977
1780185600,2026-05-31,1.33900,1.34636,1.31911,1.33089,3747908.20166506
1780272000,2026-06-01,1.33097,1.33886,1.27780,1.29549,11312119.78358417
1780358400,2026-06-02,1.29543,1.29543,1.19310,1.21008,20238746.23594379
1780444800,2026-06-03,1.21053,1.24726,1.18558,1.19944,18965510.07294670
1780531200,2026-06-04,1.19923,1.21035,1.14042,1.16769,28655861.45190367
1780617600,2026-06-05,1.16689,1.17342,1.06865,1.09758,43022638.19318664
1780704000,2026-06-06,1.09752,1.11398,1.05000,1.09291,16146970.97541457
1780790400,2026-06-07,1.09303,1.17126,1.08799,1.15504,14847508.36929140
1780876800,2026-06-08,1.15500,1.18607,1.13114,1.16763,17013803.06234526
1780963200,2026-06-09,1.16768,1.17598,1.11764,1.13667,18131369.59009803
1781049600,2026-06-10,1.13672,1.14053,1.08835,1.09615,19494487.75025281
1781136000,2026-06-11,1.09613,1.14901,1.09548,1.14168,17861800.25302448
1781222400,2026-06-12,1.14147,1.15673,1.12475,1.13175,16423727.19343194
1781308800,2026-06-13,1.13199,1.16027,1.12918,1.15002,6111189.16214123
1781395200,2026-06-14,1.14945,1.18703,1.12630,1.18612,6411764.09567186
1781481600,2026-06-15,1.18528,1.29256,1.17729,1.23776,26668507.02381061
1781568000,2026-06-16,1.23730,1.25469,1.20431,1.21598,16254885.57472061
1781654400,2026-06-17,1.21630,1.22682,1.17069,1.18570,18564512.92586414
1781740800,2026-06-18,1.18565,1.19115,1.13194,1.14519,20532295.75943764
1781827200,2026-06-19,1.14518,1.15181,1.11845,1.13496,13395250.48427065
1781913600,2026-06-20,1.13484,1.15433,1.13315,1.14887,8241431.05201148
1782000000,2026-06-21,1.14909,1.15216,1.12068,1.12358,7548810.98403996
1782086400,2026-06-22,1.12358,1.16258,1.12062,1.12843,16682532.18759031
1782172800,2026-06-23,1.12828,1.13228,1.09084,1.10883,16794211.47578452
1782259200,2026-06-24,1.10873,1.11217,1.04480,1.07161,22524135.05773438
1782345600,2026-06-25,1.07184,1.08814,1.01068,1.04183,14405261.61690668
1782432000,2026-06-26,1.04228,1.05400,1.00795,1.04747,25035672.93770291
1782518400,2026-06-27,1.04755,1.07580,1.04276,1.04598,6428401.53214133
1782604800,2026-06-28,1.04584,1.05755,1.03241,1.04666,5624104.58816413
1782691200,2026-06-29,1.04646,1.07526,1.03068,1.05715,12092002.55074553
1782777600,2026-06-30,1.05740,1.05740,1.02581,1.03851,9561130.62576798
1782864000,2026-07-01,1.03849,1.07248,1.02080,1.05170,10588381.82232707
1782950400,2026-07-02,1.05177,1.11114,1.04413,1.08686,15404891.46706133
1783036800,2026-07-03,1.08686,1.14426,1.08164,1.13422,20858722.84951843
1783123200,2026-07-04,1.13389,1.18307,1.13055,1.15636,17261980.19777110
1783209600,2026-07-05,1.15641,1.16848,1.12405,1.15642,11310650.63988458
1783296000,2026-07-06,1.15570,1.16357,1.10840,1.14430,14671605.45001366
1783382400,2026-07-07,1.14430,1.15065,1.10673,1.11112,10698720.49748123
1783468800,2026-07-08,1.11115,1.11556,1.06866,1.09000,11597002.68041574
1783555200,2026-07-09,1.09002,1.10201,1.08193,1.09258,7609901.37510208
1783641600,2026-07-10,1.09249,1.11757,1.08852,1.10377,11283930.93367627
1783728000,2026-07-11,1.10387,1.11846,1.09604,1.09609,4765678.89659643
1783814400,2026-07-12,1.09607,1.10318,1.08020,1.08546,4414970.94023073
1783900800,2026-07-13,1.08492,1.10181,1.05259,1.06605,8713851.22342185
1783987200,2026-07-14,1.06614,1.12009,1.06017,1.11091,8240665.00749169
1784073600,2026-07-15,1.11106,1.12895,1.09823,1.11246,10240459.53784428
1784160000,2026-07-16,1.11257,1.11722,1.08451,1.08617,8322715.84621776
1784246400,2026-07-17,1.08625,1.09495,1.06872,1.08828,10150388.75228938
1784332800,2026-07-18,1.08827,1.09738,1.08305,1.09217,2851451.82731612
1784419200,2026-07-19,1.09226,1.10070,1.08900,1.09692,3732073.52964193
1784505600,2026-07-20,1.09693,1.11967,1.08229,1.11152,10408624.45288633
1784592000,2026-07-21,1.11152,1.16411,1.08300,1.14303,14050686.34596592
1784678400,2026-07-22,1.14205,1.15686,1.12824,1.14147,9615635.52499850
1784764800,2026-07-23,1.14098,1.14458,1.10005,1.10709,10829484.74382497
1784851200,2026-07-24,1.10701,1.12052,1.08402,1.09102,11471213.10298710
1784937600,2026-07-25,1.09092,1.10701,1.08460,1.09698,3175654.19784912
1785024000,2026-07-26,1.09681,1.11560,1.09458,1.11187,4107723.57463680
1785110400,2026-07-27,1.11191,1.11404,1.06230,1.06519,11204373.45346951
1785196800,2026-07-28,1.06542,1.06934,1.04395,1.06772,14105502.84465032
1785283200,2026-07-29,1.06828,1.09221,1.06065,1.07196,15422035.61986787
1785369600,2026-07-30,1.07230,1.09362,1.06731,1.08187,13725537.91729207
1785456000,2026-07-31,1.08205,1.08900,1.05598,1.06056,13800159.22064332
1785542400,2026-08-01,1.06102,1.06600,1.04672,1.05951,3584162.19062519
1785628800,2026-08-02,1.06052,1.09132,1.05999,1.08518,6279005.73987959
1785715200,2026-08-03,1.08576,1.08624,1.06178,1.07487,8604661.56690102
1785801600,2026-08-04,1.07465,1.08182,1.06900,1.07301,11273345.70121522
1785888000,2026-08-05,1.07250,1.07584,1.05377,1.06123,10562882.45960557
1785974400,2026-08-06,1.06129,1.06266,1.02918,1.03396,15051036.67093093
1786060800,2026-08-07,1.03392,1.04175,1.01209,1.02060,22244933.04232874
1786147200,2026-08-08,1.02035,1.04806,1.01978,1.03880,9173393.73459169
1786233600,2026-08-09,1.03896,1.04697,1.02763,1.02917,8612048.48897033
1786320000,2026-08-10,1.02885,1.04020,1.00414,1.01108,26312547.35430823
1786406400,2026-08-11,1.01118,1.02531,0.99057,1.02195,18238245.18369477
1786492800,2026-08-12,1.02195,1.02445,0.99990,1.00467,15418836.08176298
1786579200,2026-08-13,1.00432,1.01416,0.99752,1.00851,12117830.14836746
1786665600,2026-08-14,1.00875,1.01308,0.98524,0.99860,15557151.40862293
1786752000,2026-08-15,0.99854,1.00702,0.99711,1.00169,4287151.60417941
1786838400,2026-08-16,1.00160,1.00257,0.98914,0.99247,5037321.50995260
1786924800,2026-08-17,0.99234,1.00757,0.98771,1.00216,12184182.31849919
1787011200,2026-08-18,1.00259,1.00555,0.98800,1.00114,10907584.48850057
1787097600,2026-08-19,1.00123,1.13558,0.99524,1.10529,39545070.57370792
1787184000,2026-08-20,1.10530,1.34369,1.08691,1.26782,80385315.06337845
1787270400,2026-08-21,1.26782,1.47586,1.25900,1.45407,85330729.20959447
1787356800,2026-08-22,1.45464,1.69739,1.06689,1.46213,107175487.01773034
1787443200,2026-08-23,1.46179,1.55082,1.43474,1.52047,37665546.53895796
1787529600,2026-08-24,1.52047,1.53000,1.45326,1.48111,58380931.36839349
1787616000,2026-08-25,1.48118,1.54946,1.40546,1.43368,32522631.00222686
1787702400,2026-08-26,1.43616,1.45104,1.35729,1.42287,30461110.29616585
1787788800,2026-08-27,1.42237,1.47438,1.38912,1.45355,33773980.90255570
1787875200,2026-08-28,1.45402,1.47263,1.36200,1.38357,41311631.28255821
1787961600,2026-08-29,1.38344,1.40333,1.37700,1.39667,11069660.80000964
1788048000,2026-08-30,1.39650,1.43346,1.33600,1.35791,23868518.50298549
1788134400,2026-08-31,1.35655,1.39574,1.33891,1.37961,28097031.79692129
1788220800,2026-09-01,1.37929,1.39662,1.33804,1.35093,24581993.53818054
1788307200,2026-09-02,1.35122,1.35689,1.30856,1.35105,19413159.93720153
1788393600,2026-09-03,1.34934,1.48329,1.33983,1.45130,48858216.73671853
1788480000,2026-09-04,1.45115,1.46201,1.38300,1.39887,29191764.21706825
1788566400,2026-09-05,1.39857,1.42794,1.39408,1.41258,10997935.20691582
1788652800,2026-09-06,1.41254,1.43279,1.39831,1.42342,11386031.71508292
1788739200,2026-09-07,1.42337,1.43161,1.37645,1.39646,14450957.58721925
1788825600,2026-09-08,1.39563,1.45048,1.38075,1.41717,18968780.99150097
1788912000,2026-09-09,1.41756,1.44557,1.37705,1.39508,14793426.41694232
1788998400,2026-09-10,1.39429,1.39614,1.32900,1.33369,19333585.07603321
1789084800,2026-09-11,1.33358,1.43292,1.31600,1.35624,28080997.83674895
1789171200,2026-09-12,1.35563,1.37422,1.35436,1.36608,7516964.33590961
1789257600,2026-09-13,1.36599,1.36992,1.33227,1.34073,6993353.07659424
1789344000,2026-09-14,1.34071,1.49179,1.33483,1.42303,30103540.65600418
1789430400,2026-09-15,1.42330,1.45960,1.26417,1.28225,45679627.75434105
1789516800,2026-09-16,1.28252,1.31687,1.24630,1.29838,26181725.18499208
1789603200,2026-09-17,1.29838,1.31869,1.28628,1.29504,18621638.09332161
1789689600,2026-09-18,1.29524,1.41389,1.29082,1.39612,39867025.70293312
1789776000,2026-09-19,1.39624,1.45314,1.39292,1.41005,28790426.12110396
1789862400,2026-09-20,1.41014,1.41709,1.36759,1.41027,17497868.16083741
1789948800,2026-09-21,1.40978,1.57413,1.40312,1.53607,40416600.63350336
1790035200,2026-09-22,1.53607,1.60954,1.49329,1.57235,38503380.18290619
1790121600,2026-09-23,1.57235,1.65703,1.47951,1.50061,39517925.09805685
1790208000,2026-09-24,1.50130,1.54738,1.45150,1.53435,28879117.65517920
1790294400,2026-09-25,1.53406,1.62976,1.51904,1.56821,42632830.01925108
1790380800,2026-09-26,1.56792,1.58055,1.50199,1.52672,13178974.00716644
1790467200,2026-09-27,1.52670,1.54594,1.50349,1.51575,11658269.85824110
1790553600,2026-09-28,1.51641,1.53233,1.46987,1.49639,30439525.77970537
1790640000,2026-09-29,1.49596,1.56031,1.46562,1.49023,28155113.54948370
1790726400,2026-09-30,1.49022,1.54324,1.48444,1.48938,24986821.06105271
1790812800,2026-10-01,1.48936,1.50953,1.47374,1.49453,22833494.98946072
1790899200,2026-10-02,1.49338,1.55449,1.44472,1.48456,33411352.16582947
1790985600,2026-10-03,1.48459,1.49543,1.47910,1.48607,5883500.25041033
1791072000,2026-10-04,1.48608,1.52627,1.48546,1.52018,6198681.20234743
1791158400,2026-10-05,1.52017,1.53078,1.49881,1.50524,10607138.88473401
